-- MySQL dump 10.13  Distrib 5.7.25, for Linux (x86_64)
--
-- Host: localhost    Database: appauroralink
-- ------------------------------------------------------
-- Server version	5.7.25-0ubuntu0.18.04.2

/*!40101 SET @OLD_CHARACTER_SET_CLIENT=@@CHARACTER_SET_CLIENT */;
/*!40101 SET @OLD_CHARACTER_SET_RESULTS=@@CHARACTER_SET_RESULTS */;
/*!40101 SET @OLD_COLLATION_CONNECTION=@@COLLATION_CONNECTION */;
/*!40101 SET NAMES utf8 */;
/*!40103 SET @OLD_TIME_ZONE=@@TIME_ZONE */;
/*!40103 SET TIME_ZONE='+00:00' */;
/*!40014 SET @OLD_UNIQUE_CHECKS=@@UNIQUE_CHECKS, UNIQUE_CHECKS=0 */;
/*!40014 SET @OLD_FOREIGN_KEY_CHECKS=@@FOREIGN_KEY_CHECKS, FOREIGN_KEY_CHECKS=0 */;
/*!40101 SET @OLD_SQL_MODE=@@SQL_MODE, SQL_MODE='NO_AUTO_VALUE_ON_ZERO' */;
/*!40111 SET @OLD_SQL_NOTES=@@SQL_NOTES, SQL_NOTES=0 */;

--
-- Table structure for table `cms_apicustom`
--

DROP TABLE IF EXISTS `cms_apicustom`;
/*!40101 SET @saved_cs_client     = @@character_set_client */;
/*!40101 SET character_set_client = utf8 */;
CREATE TABLE `cms_apicustom` (
  `id` int(10) unsigned NOT NULL AUTO_INCREMENT,
  `permalink` varchar(255) COLLATE utf8mb4_unicode_ci DEFAULT NULL,
  `tabel` varchar(255) COLLATE utf8mb4_unicode_ci DEFAULT NULL,
  `aksi` varchar(255) COLLATE utf8mb4_unicode_ci DEFAULT NULL,
  `kolom` varchar(255) COLLATE utf8mb4_unicode_ci DEFAULT NULL,
  `orderby` varchar(255) COLLATE utf8mb4_unicode_ci DEFAULT NULL,
  `sub_query_1` varchar(255) COLLATE utf8mb4_unicode_ci DEFAULT NULL,
  `sql_where` varchar(255) COLLATE utf8mb4_unicode_ci DEFAULT NULL,
  `nama` varchar(255) COLLATE utf8mb4_unicode_ci DEFAULT NULL,
  `keterangan` varchar(255) COLLATE utf8mb4_unicode_ci DEFAULT NULL,
  `parameter` varchar(255) COLLATE utf8mb4_unicode_ci DEFAULT NULL,
  `created_at` timestamp NULL DEFAULT NULL,
  `updated_at` timestamp NULL DEFAULT NULL,
  `method_type` varchar(25) COLLATE utf8mb4_unicode_ci DEFAULT NULL,
  `parameters` longtext COLLATE utf8mb4_unicode_ci,
  `responses` longtext COLLATE utf8mb4_unicode_ci,
  PRIMARY KEY (`id`)
) ENGINE=InnoDB DEFAULT CHARSET=utf8mb4 COLLATE=utf8mb4_unicode_ci;
/*!40101 SET character_set_client = @saved_cs_client */;

--
-- Dumping data for table `cms_apicustom`
--

LOCK TABLES `cms_apicustom` WRITE;
/*!40000 ALTER TABLE `cms_apicustom` DISABLE KEYS */;
/*!40000 ALTER TABLE `cms_apicustom` ENABLE KEYS */;
UNLOCK TABLES;

--
-- Table structure for table `cms_apikey`
--

DROP TABLE IF EXISTS `cms_apikey`;
/*!40101 SET @saved_cs_client     = @@character_set_client */;
/*!40101 SET character_set_client = utf8 */;
CREATE TABLE `cms_apikey` (
  `id` int(10) unsigned NOT NULL AUTO_INCREMENT,
  `screetkey` varchar(255) COLLATE utf8mb4_unicode_ci DEFAULT NULL,
  `hit` int(11) DEFAULT NULL,
  `status` varchar(25) COLLATE utf8mb4_unicode_ci NOT NULL DEFAULT 'active',
  `created_at` timestamp NULL DEFAULT NULL,
  `updated_at` timestamp NULL DEFAULT NULL,
  PRIMARY KEY (`id`)
) ENGINE=InnoDB DEFAULT CHARSET=utf8mb4 COLLATE=utf8mb4_unicode_ci;
/*!40101 SET character_set_client = @saved_cs_client */;

--
-- Dumping data for table `cms_apikey`
--

LOCK TABLES `cms_apikey` WRITE;
/*!40000 ALTER TABLE `cms_apikey` DISABLE KEYS */;
/*!40000 ALTER TABLE `cms_apikey` ENABLE KEYS */;
UNLOCK TABLES;

--
-- Table structure for table `cms_dashboard`
--

DROP TABLE IF EXISTS `cms_dashboard`;
/*!40101 SET @saved_cs_client     = @@character_set_client */;
/*!40101 SET character_set_client = utf8 */;
CREATE TABLE `cms_dashboard` (
  `id` int(10) unsigned NOT NULL AUTO_INCREMENT,
  `name` varchar(255) COLLATE utf8mb4_unicode_ci DEFAULT NULL,
  `id_cms_privileges` int(11) DEFAULT NULL,
  `content` longtext COLLATE utf8mb4_unicode_ci,
  `created_at` timestamp NULL DEFAULT NULL,
  `updated_at` timestamp NULL DEFAULT NULL,
  PRIMARY KEY (`id`)
) ENGINE=InnoDB DEFAULT CHARSET=utf8mb4 COLLATE=utf8mb4_unicode_ci;
/*!40101 SET character_set_client = @saved_cs_client */;

--
-- Dumping data for table `cms_dashboard`
--

LOCK TABLES `cms_dashboard` WRITE;
/*!40000 ALTER TABLE `cms_dashboard` DISABLE KEYS */;
/*!40000 ALTER TABLE `cms_dashboard` ENABLE KEYS */;
UNLOCK TABLES;

--
-- Table structure for table `cms_email_queues`
--

DROP TABLE IF EXISTS `cms_email_queues`;
/*!40101 SET @saved_cs_client     = @@character_set_client */;
/*!40101 SET character_set_client = utf8 */;
CREATE TABLE `cms_email_queues` (
  `id` int(10) unsigned NOT NULL AUTO_INCREMENT,
  `send_at` datetime DEFAULT NULL,
  `email_recipient` varchar(255) COLLATE utf8mb4_unicode_ci DEFAULT NULL,
  `email_from_email` varchar(255) COLLATE utf8mb4_unicode_ci DEFAULT NULL,
  `email_from_name` varchar(255) COLLATE utf8mb4_unicode_ci DEFAULT NULL,
  `email_cc_email` varchar(255) COLLATE utf8mb4_unicode_ci DEFAULT NULL,
  `email_subject` varchar(255) COLLATE utf8mb4_unicode_ci DEFAULT NULL,
  `email_content` text COLLATE utf8mb4_unicode_ci,
  `email_attachments` text COLLATE utf8mb4_unicode_ci,
  `is_sent` tinyint(1) DEFAULT NULL,
  `created_at` timestamp NULL DEFAULT NULL,
  `updated_at` timestamp NULL DEFAULT NULL,
  PRIMARY KEY (`id`)
) ENGINE=InnoDB DEFAULT CHARSET=utf8mb4 COLLATE=utf8mb4_unicode_ci;
/*!40101 SET character_set_client = @saved_cs_client */;

--
-- Dumping data for table `cms_email_queues`
--

LOCK TABLES `cms_email_queues` WRITE;
/*!40000 ALTER TABLE `cms_email_queues` DISABLE KEYS */;
/*!40000 ALTER TABLE `cms_email_queues` ENABLE KEYS */;
UNLOCK TABLES;

--
-- Table structure for table `cms_email_templates`
--

DROP TABLE IF EXISTS `cms_email_templates`;
/*!40101 SET @saved_cs_client     = @@character_set_client */;
/*!40101 SET character_set_client = utf8 */;
CREATE TABLE `cms_email_templates` (
  `id` int(10) unsigned NOT NULL AUTO_INCREMENT,
  `name` varchar(255) COLLATE utf8mb4_unicode_ci DEFAULT NULL,
  `slug` varchar(255) COLLATE utf8mb4_unicode_ci DEFAULT NULL,
  `subject` varchar(255) COLLATE utf8mb4_unicode_ci DEFAULT NULL,
  `content` longtext COLLATE utf8mb4_unicode_ci,
  `description` varchar(255) COLLATE utf8mb4_unicode_ci DEFAULT NULL,
  `from_name` varchar(255) COLLATE utf8mb4_unicode_ci DEFAULT NULL,
  `from_email` varchar(255) COLLATE utf8mb4_unicode_ci DEFAULT NULL,
  `cc_email` varchar(255) COLLATE utf8mb4_unicode_ci DEFAULT NULL,
  `created_at` timestamp NULL DEFAULT NULL,
  `updated_at` timestamp NULL DEFAULT NULL,
  PRIMARY KEY (`id`)
) ENGINE=InnoDB AUTO_INCREMENT=7 DEFAULT CHARSET=utf8mb4 COLLATE=utf8mb4_unicode_ci;
/*!40101 SET character_set_client = @saved_cs_client */;

--
-- Dumping data for table `cms_email_templates`
--

LOCK TABLES `cms_email_templates` WRITE;
/*!40000 ALTER TABLE `cms_email_templates` DISABLE KEYS */;
INSERT INTO `cms_email_templates` VALUES (1,'Email Template Forgot Password Backend','forgot_password_backend','Lupa Password','<p>Hi,</p><p>Someone requested forgot password, here is your new password : </p><p>[password]</p><p><br></p><p>--</p><p>Regards,</p><p>Admin</p>','[password]','Auroralink','support@auroralink.id',NULL,'2019-02-11 19:45:53','2019-02-20 02:38:01'),(2,'Order berhasil','order_berhasil','Order berhasil','<div style=\"\"><p align=\"left\" style=\"\"><font color=\"#222222\" face=\"Roboto, RobotoDraft, Helvetica, Arial, sans-serif\" size=\"2\">Order berhasil</font><br></p></div>','[Orderberhasil]','Auroralink','support@auroralink.id','sofan@auroralink.id','2019-02-20 02:45:49','2019-02-21 19:31:28'),(3,'Ticket','ticket_baru','Ticket Baru','<p>Ticket Berhasil di buat<br></p>','TicketBaru','Support Auroralink','support@auroralink.id','sofan@auroralink.id','2019-02-21 19:41:24',NULL),(4,'Update Ticket','ticket_selesai','Update Ticket','<p>Ticket berhasil di update</p><p>saat ini statusnya sudah closed<br></p>','UpdateTicket','Support Auroralink','support@auroralink.id','sofan@auroralink.id','2019-02-21 19:53:29',NULL),(5,'Status Pembayaran','pembayaran','Status Pembayaran Lunas','<p>Terimakasih</p><p>Status Pembayaran Lunas<br></p>','StatusPembayaranLunas','Auroralink','support@auroralink.id','sofan@auroralink.id','2019-02-21 20:22:55',NULL),(6,'Servis','servis_baru','Servis Baru','Ada&nbsp;Servis Baru','Ada Servis Baru','Teknisi Auroralink','support@auroralink.id','sofan@auroralink.id','2019-02-23 03:52:03',NULL);
/*!40000 ALTER TABLE `cms_email_templates` ENABLE KEYS */;
UNLOCK TABLES;

--
-- Table structure for table `cms_logs`
--

DROP TABLE IF EXISTS `cms_logs`;
/*!40101 SET @saved_cs_client     = @@character_set_client */;
/*!40101 SET character_set_client = utf8 */;
CREATE TABLE `cms_logs` (
  `id` int(10) unsigned NOT NULL AUTO_INCREMENT,
  `ipaddress` varchar(50) COLLATE utf8mb4_unicode_ci DEFAULT NULL,
  `useragent` varchar(255) COLLATE utf8mb4_unicode_ci DEFAULT NULL,
  `url` varchar(255) COLLATE utf8mb4_unicode_ci DEFAULT NULL,
  `description` varchar(255) COLLATE utf8mb4_unicode_ci DEFAULT NULL,
  `details` text COLLATE utf8mb4_unicode_ci,
  `id_cms_users` int(11) DEFAULT NULL,
  `created_at` timestamp NULL DEFAULT NULL,
  `updated_at` timestamp NULL DEFAULT NULL,
  PRIMARY KEY (`id`)
) ENGINE=InnoDB AUTO_INCREMENT=621 DEFAULT CHARSET=utf8mb4 COLLATE=utf8mb4_unicode_ci;
/*!40101 SET character_set_client = @saved_cs_client */;

--
-- Dumping data for table `cms_logs`
--

LOCK TABLES `cms_logs` WRITE;
/*!40000 ALTER TABLE `cms_logs` DISABLE KEYS */;
INSERT INTO `cms_logs` VALUES (1,'127.0.0.1','Mozilla/5.0 (Windows NT 10.0; Win64; x64) AppleWebKit/537.36 (KHTML, like Gecko) Chrome/71.0.3578.98 Safari/537.36','http://127.0.0.1:8000/admin/kategori/add-save','Tambah data baru Sparepart pada Kategori','',1,'2019-02-11 19:48:41',NULL),(2,'127.0.0.1','Mozilla/5.0 (Windows NT 10.0; Win64; x64) AppleWebKit/537.36 (KHTML, like Gecko) Chrome/71.0.3578.98 Safari/537.36','http://127.0.0.1:8000/admin/kategori/add-save','Tambah data baru Paket pada Kategori','',1,'2019-02-11 19:49:52',NULL),(3,'127.0.0.1','Mozilla/5.0 (Windows NT 10.0; Win64; x64) AppleWebKit/537.36 (KHTML, like Gecko) Chrome/71.0.3578.98 Safari/537.36','http://127.0.0.1:8000/admin/kategori/add-save','Tambah data baru Networking pada Kategori','',1,'2019-02-11 19:51:13',NULL),(4,'127.0.0.1','Mozilla/5.0 (Windows NT 10.0; Win64; x64) AppleWebKit/537.36 (KHTML, like Gecko) Chrome/71.0.3578.98 Safari/537.36','http://127.0.0.1:8000/admin/kategori/add-save','Tambah data baru Printer pada Kategori','',1,'2019-02-11 19:51:47',NULL),(5,'127.0.0.1','Mozilla/5.0 (Windows NT 10.0; Win64; x64) AppleWebKit/537.36 (KHTML, like Gecko) Chrome/71.0.3578.98 Safari/537.36','http://127.0.0.1:8000/admin/kategori/edit-save/2','Memperbaharui data PC-Rakitan pada Kategori','<table class=\"table table-striped\"><thead><tr><th>Key</th><th>Old Value</th><th>New Value</th></thead><tbody><tr><td>nama</td><td>Paket</td><td>PC-Rakitan</td></tr></tbody></table>',1,'2019-02-11 19:52:41',NULL),(6,'127.0.0.1','Mozilla/5.0 (Windows NT 10.0; Win64; x64) AppleWebKit/537.36 (KHTML, like Gecko) Chrome/71.0.3578.98 Safari/537.36','http://127.0.0.1:8000/admin/supplier/add-save','Tambah data baru Rajakom pada Supplier','',1,'2019-02-11 19:56:58',NULL),(7,'127.0.0.1','Mozilla/5.0 (Windows NT 10.0; Win64; x64) AppleWebKit/537.36 (KHTML, like Gecko) Chrome/71.0.3578.98 Safari/537.36','http://127.0.0.1:8000/admin/supplier/add-save','Tambah data baru viocom pada Supplier','',1,'2019-02-11 19:57:31',NULL),(8,'127.0.0.1','Mozilla/5.0 (Windows NT 10.0; Win64; x64) AppleWebKit/537.36 (KHTML, like Gecko) Chrome/71.0.3578.98 Safari/537.36','http://127.0.0.1:8000/admin/produk/add-save','Tambah data baru Ram Laptop 2GB pada Produk','',1,'2019-02-11 20:05:23',NULL),(9,'127.0.0.1','Mozilla/5.0 (Windows NT 10.0; Win64; x64) AppleWebKit/537.36 (KHTML, like Gecko) Chrome/71.0.3578.98 Safari/537.36','http://127.0.0.1:8000/admin/produk/add-save','Tambah data baru Power Supply pada Produk','',1,'2019-02-11 20:06:12',NULL),(10,'127.0.0.1','Mozilla/5.0 (Windows NT 10.0; Win64; x64) AppleWebKit/537.36 (KHTML, like Gecko) Chrome/71.0.3578.98 Safari/537.36','http://127.0.0.1:8000/admin/produk/add-save','Tambah data baru Cannon IP2770 pada Produk','',1,'2019-02-11 20:28:07',NULL),(11,'127.0.0.1','Mozilla/5.0 (Windows NT 10.0; Win64; x64) AppleWebKit/537.36 (KHTML, like Gecko) Chrome/71.0.3578.98 Safari/537.36','http://127.0.0.1:8000/admin/produk/edit-save/2','Memperbaharui data Power Supply pada Produk','<table class=\"table table-striped\"><thead><tr><th>Key</th><th>Old Value</th><th>New Value</th></thead><tbody><tr><td>deleted_at</td><td></td><td></td></tr><tr><td>brand</td><td></td><td>Advan</td></tr><tr><td>sku</td><td></td><td>0010</td></tr></tbody></table>',1,'2019-02-11 20:28:29',NULL),(12,'127.0.0.1','Mozilla/5.0 (Windows NT 10.0; Win64; x64) AppleWebKit/537.36 (KHTML, like Gecko) Chrome/71.0.3578.98 Safari/537.36','http://127.0.0.1:8000/admin/produk/edit-save/1','Memperbaharui data Ram Laptop 2GB pada Produk','<table class=\"table table-striped\"><thead><tr><th>Key</th><th>Old Value</th><th>New Value</th></thead><tbody><tr><td>deleted_at</td><td></td><td></td></tr><tr><td>brand</td><td></td><td>Kingston</td></tr><tr><td>sku</td><td></td><td>0017</td></tr></tbody></table>',1,'2019-02-11 20:29:09',NULL),(13,'127.0.0.1','Mozilla/5.0 (Windows NT 10.0; Win64; x64) AppleWebKit/537.36 (KHTML, like Gecko) Chrome/71.0.3578.98 Safari/537.36','http://127.0.0.1:8000/admin/pelanggan/add-save','Tambah data baru Rio pada Pelanggan','',1,'2019-02-11 20:35:30',NULL),(14,'127.0.0.1','Mozilla/5.0 (Windows NT 10.0; Win64; x64) AppleWebKit/537.36 (KHTML, like Gecko) Chrome/71.0.3578.98 Safari/537.36','http://127.0.0.1:8000/admin/pelanggan/add-save','Tambah data baru Komarudin pada Pelanggan','',1,'2019-02-11 20:36:27',NULL),(15,'127.0.0.1','Mozilla/5.0 (Windows NT 10.0; Win64; x64) AppleWebKit/537.36 (KHTML, like Gecko) Chrome/71.0.3578.98 Safari/537.36','http://127.0.0.1:8000/admin/pelanggan/add-save','Tambah data baru Tony pada Pelanggan','',1,'2019-02-11 20:37:13',NULL),(16,'127.0.0.1','Mozilla/5.0 (Windows NT 10.0; Win64; x64) AppleWebKit/537.36 (KHTML, like Gecko) Chrome/71.0.3578.98 Safari/537.36','http://127.0.0.1:8000/admin/stock/add-save','Tambah data baru  pada stock','',1,'2019-02-11 20:47:38',NULL),(17,'127.0.0.1','Mozilla/5.0 (Windows NT 10.0; Win64; x64) AppleWebKit/537.36 (KHTML, like Gecko) Chrome/71.0.3578.98 Safari/537.36','http://127.0.0.1:8000/admin/perusahaan/add-save','Tambah data baru Rio Snack pada Perusahaan','',1,'2019-02-11 21:16:17',NULL),(18,'127.0.0.1','Mozilla/5.0 (Windows NT 10.0; Win64; x64) AppleWebKit/537.36 (KHTML, like Gecko) Chrome/71.0.3578.98 Safari/537.36','http://127.0.0.1:8000/admin/kategori/add-save','Tambah data baru Layanan Onsite pada Kategori','',1,'2019-02-11 21:24:47',NULL),(19,'127.0.0.1','Mozilla/5.0 (Windows NT 10.0; Win64; x64) AppleWebKit/537.36 (KHTML, like Gecko) Chrome/71.0.3578.98 Safari/537.36','http://127.0.0.1:8000/admin/kategori/add-save','Tambah data baru Layanan Remote pada Kategori','',1,'2019-02-11 21:25:03',NULL),(20,'127.0.0.1','Mozilla/5.0 (Windows NT 10.0; Win64; x64) AppleWebKit/537.36 (KHTML, like Gecko) Chrome/71.0.3578.98 Safari/537.36','http://127.0.0.1:8000/admin/kategori/edit-save/6','Memperbaharui data Servis pada Kategori','<table class=\"table table-striped\"><thead><tr><th>Key</th><th>Old Value</th><th>New Value</th></thead><tbody><tr><td>nama</td><td>Layanan Remote</td><td>Servis</td></tr></tbody></table>',1,'2019-02-11 21:26:51',NULL),(21,'127.0.0.1','Mozilla/5.0 (Windows NT 10.0; Win64; x64) AppleWebKit/537.36 (KHTML, like Gecko) Chrome/71.0.3578.98 Safari/537.36','http://127.0.0.1:8000/admin/kategori/edit-save/5','Memperbaharui data Maintenance pada Kategori','<table class=\"table table-striped\"><thead><tr><th>Key</th><th>Old Value</th><th>New Value</th></thead><tbody><tr><td>nama</td><td>Layanan Onsite</td><td>Maintenance</td></tr></tbody></table>',1,'2019-02-11 21:27:02',NULL),(22,'127.0.0.1','Mozilla/5.0 (Windows NT 10.0; Win64; x64) AppleWebKit/537.36 (KHTML, like Gecko) Chrome/71.0.3578.98 Safari/537.36','http://127.0.0.1:8000/admin/kategori/add-save','Tambah data baru Web App pada Kategori','',1,'2019-02-11 21:27:11',NULL),(23,'127.0.0.1','Mozilla/5.0 (Windows NT 10.0; Win64; x64) AppleWebKit/537.36 (KHTML, like Gecko) Chrome/71.0.3578.98 Safari/537.36','http://127.0.0.1:8000/admin/kategori/add-save','Tambah data baru Pelatihan pada Kategori','',1,'2019-02-11 21:27:20',NULL),(24,'127.0.0.1','Mozilla/5.0 (Windows NT 10.0; Win64; x64) AppleWebKit/537.36 (KHTML, like Gecko) Chrome/71.0.3578.98 Safari/537.36','http://127.0.0.1:8000/admin/jasa/add-save','Tambah data baru Servis laptop pada Jasa','',1,'2019-02-11 21:38:24',NULL),(25,'127.0.0.1','Mozilla/5.0 (Windows NT 10.0; Win64; x64) AppleWebKit/537.36 (KHTML, like Gecko) Chrome/71.0.3578.98 Safari/537.36','http://127.0.0.1:8000/admin/dev/add-save','Tambah data baru Operasional pada Devisi','',1,'2019-02-11 22:29:00',NULL),(26,'127.0.0.1','Mozilla/5.0 (Windows NT 10.0; Win64; x64) AppleWebKit/537.36 (KHTML, like Gecko) Chrome/71.0.3578.98 Safari/537.36','http://127.0.0.1:8000/admin/dev/add-save','Tambah data baru Team Support pada Devisi','',1,'2019-02-11 22:29:11',NULL),(27,'127.0.0.1','Mozilla/5.0 (Windows NT 10.0; Win64; x64) AppleWebKit/537.36 (KHTML, like Gecko) Chrome/71.0.3578.98 Safari/537.36','http://127.0.0.1:8000/admin/dev/add-save','Tambah data baru Finance pada Devisi','',1,'2019-02-11 22:29:19',NULL),(28,'127.0.0.1','Mozilla/5.0 (Windows NT 10.0; Win64; x64) AppleWebKit/537.36 (KHTML, like Gecko) Chrome/71.0.3578.98 Safari/537.36','http://127.0.0.1:8000/admin/dev/add-save','Tambah data baru Programmer pada Devisi','',1,'2019-02-11 22:29:26',NULL),(29,'127.0.0.1','Mozilla/5.0 (Windows NT 10.0; Win64; x64) AppleWebKit/537.36 (KHTML, like Gecko) Chrome/71.0.3578.98 Safari/537.36','http://127.0.0.1:8000/admin/dev/add-save','Tambah data baru Admin pada Devisi','',1,'2019-02-11 22:29:31',NULL),(30,'127.0.0.1','Mozilla/5.0 (Windows NT 10.0; Win64; x64) AppleWebKit/537.36 (KHTML, like Gecko) Chrome/71.0.3578.98 Safari/537.36','http://127.0.0.1:8000/admin/dev/add-save','Tambah data baru Teknisi pada Devisi','',1,'2019-02-11 22:29:38',NULL),(31,'127.0.0.1','Mozilla/5.0 (Windows NT 10.0; Win64; x64) AppleWebKit/537.36 (KHTML, like Gecko) Chrome/71.0.3578.98 Safari/537.36','http://127.0.0.1:8000/admin/dev/add-save','Tambah data baru Marketing pada Devisi','',1,'2019-02-11 22:29:44',NULL),(32,'127.0.0.1','Mozilla/5.0 (Windows NT 10.0; Win64; x64) AppleWebKit/537.36 (KHTML, like Gecko) Chrome/71.0.3578.98 Safari/537.36','http://127.0.0.1:8000/admin/team/add-save','Tambah data baru yanie pada Team','',1,'2019-02-11 22:37:32',NULL),(33,'127.0.0.1','Mozilla/5.0 (Windows NT 10.0; Win64; x64) AppleWebKit/537.36 (KHTML, like Gecko) Chrome/71.0.3578.98 Safari/537.36','http://127.0.0.1:8000/admin/team/add-save','Tambah data baru Sofan Wahyudi pada Team','',1,'2019-02-11 22:38:28',NULL),(34,'127.0.0.1','Mozilla/5.0 (Windows NT 10.0; Win64; x64) AppleWebKit/537.36 (KHTML, like Gecko) Chrome/71.0.3578.98 Safari/537.36','http://127.0.0.1:8000/admin/team/add-save','Tambah data baru Hendra pada Team','',1,'2019-02-11 22:39:09',NULL),(35,'127.0.0.1','Mozilla/5.0 (Windows NT 10.0; Win64; x64) AppleWebKit/537.36 (KHTML, like Gecko) Chrome/71.0.3578.98 Safari/537.36','http://127.0.0.1:8000/admin/module_generator/delete/21','Menghapus data Project pada Pembangun Modul','',1,'2019-02-11 22:57:45',NULL),(36,'127.0.0.1','Mozilla/5.0 (Windows NT 10.0; Win64; x64) AppleWebKit/537.36 (KHTML, like Gecko) Chrome/71.0.3578.98 Safari/537.36','http://127.0.0.1:8000/admin/project/add-save','Tambah data baru Pembuatan Aplikasi / Website Sekolahan SMP 54 N Surabaya pada Project','',1,'2019-02-11 23:04:28',NULL),(37,'127.0.0.1','Mozilla/5.0 (Windows NT 10.0; Win64; x64) AppleWebKit/537.36 (KHTML, like Gecko) Chrome/71.0.3578.98 Safari/537.36','http://127.0.0.1:8000/admin/project/edit-save/1','Memperbaharui data Website pada Project','<table class=\"table table-striped\"><thead><tr><th>Key</th><th>Old Value</th><th>New Value</th></thead><tbody><tr><td>deleted_at</td><td></td><td></td></tr><tr><td>team_id</td><td></td><td>3</td></tr></tbody></table>',1,'2019-02-11 23:05:01',NULL),(38,'127.0.0.1','Mozilla/5.0 (Windows NT 10.0; Win64; x64) AppleWebKit/537.36 (KHTML, like Gecko) Chrome/71.0.3578.98 Safari/537.36','http://localhost:8000/admin/login','admin@crudbooster.com login dengan IP Address 127.0.0.1','',1,'2019-02-12 18:49:57',NULL),(39,'127.0.0.1','Mozilla/5.0 (Windows NT 10.0; Win64; x64) AppleWebKit/537.36 (KHTML, like Gecko) Chrome/71.0.3578.98 Safari/537.36','http://localhost:8000/admin/login','admin@crudbooster.com login dengan IP Address 127.0.0.1','',1,'2019-02-12 19:32:43',NULL),(40,'127.0.0.1','Mozilla/5.0 (Windows NT 10.0; Win64; x64) AppleWebKit/537.36 (KHTML, like Gecko) Chrome/71.0.3578.98 Safari/537.36','http://localhost:8000/admin/module_generator/delete/16','Menghapus data stock pada Pembangun Modul','',1,'2019-02-12 19:33:04',NULL),(41,'127.0.0.1','Mozilla/5.0 (Windows NT 10.0; Win64; x64) AppleWebKit/537.36 (KHTML, like Gecko) Chrome/71.0.3578.98 Safari/537.36','http://localhost:8000/admin/login','admin@crudbooster.com login dengan IP Address 127.0.0.1','',1,'2019-02-12 23:37:25',NULL),(42,'127.0.0.1','Mozilla/5.0 (Windows NT 10.0; Win64; x64) AppleWebKit/537.36 (KHTML, like Gecko) Chrome/71.0.3578.98 Safari/537.36','http://localhost:8000/admin/module_generator/delete/23','Menghapus data Stock pada Pembangun Modul','',1,'2019-02-12 23:49:03',NULL),(43,'127.0.0.1','Mozilla/5.0 (Windows NT 10.0; Win64; x64) AppleWebKit/537.36 (KHTML, like Gecko) Chrome/71.0.3578.98 Safari/537.36','http://localhost:8000/admin/stock/add-save','Tambah data baru  pada stock','',1,'2019-02-12 23:51:46',NULL),(44,'127.0.0.1','Mozilla/5.0 (Windows NT 10.0; Win64; x64) AppleWebKit/537.36 (KHTML, like Gecko) Chrome/71.0.3578.98 Safari/537.36','http://localhost:8000/admin/stock/add-save','Tambah data baru  pada stock','',1,'2019-02-12 23:53:58',NULL),(45,'127.0.0.1','Mozilla/5.0 (Windows NT 10.0; Win64; x64) AppleWebKit/537.36 (KHTML, like Gecko) Chrome/71.0.3578.98 Safari/537.36','http://localhost:8000/admin/order/add-save','Tambah data baru  pada Order','',1,'2019-02-13 02:06:33',NULL),(46,'127.0.0.1','Mozilla/5.0 (Windows NT 10.0; Win64; x64) AppleWebKit/537.36 (KHTML, like Gecko) Chrome/71.0.3578.98 Safari/537.36','http://localhost:8000/admin/order/add-save','Tambah data baru  pada Order','',1,'2019-02-13 02:30:49',NULL),(47,'127.0.0.1','Mozilla/5.0 (Windows NT 10.0; Win64; x64) AppleWebKit/537.36 (KHTML, like Gecko) Chrome/71.0.3578.98 Safari/537.36','http://localhost:8000/admin/project/add-save','Tambah data baru Pembuatan Aplikasi  Akunting pada Project','',1,'2019-02-13 02:48:56',NULL),(48,'127.0.0.1','Mozilla/5.0 (Windows NT 10.0; Win64; x64) AppleWebKit/537.36 (KHTML, like Gecko) Chrome/71.0.3578.98 Safari/537.36','http://localhost:8000/admin/project/edit-save/1','Memperbaharui data Website pada Project','<table class=\"table table-striped\"><thead><tr><th>Key</th><th>Old Value</th><th>New Value</th></thead><tbody><tr><td>deleted_at</td><td></td><td></td></tr><tr><td>status</td><td>batal</td><td>rencana</td></tr></tbody></table>',1,'2019-02-13 02:51:14',NULL),(49,'127.0.0.1','Mozilla/5.0 (Windows NT 10.0; Win64; x64) AppleWebKit/537.36 (KHTML, like Gecko) Chrome/71.0.3578.98 Safari/537.36','http://localhost:8000/admin/project/add-save','Tambah data baru Pembuatan  Website pada Project','',1,'2019-02-13 02:56:09',NULL),(50,'127.0.0.1','Mozilla/5.0 (Windows NT 10.0; Win64; x64) AppleWebKit/537.36 (KHTML, like Gecko) Chrome/71.0.3578.98 Safari/537.36','http://localhost:8000/admin/jasa/add-save','Tambah data baru Maintenance pada Jasa','',1,'2019-02-13 03:14:36',NULL),(51,'127.0.0.1','Mozilla/5.0 (Windows NT 10.0; Win64; x64) AppleWebKit/537.36 (KHTML, like Gecko) Chrome/71.0.3578.98 Safari/537.36','http://localhost:8000/admin/jasa/add-save','Tambah data baru Servis pada Jasa','',1,'2019-02-13 03:18:30',NULL),(52,'127.0.0.1','Mozilla/5.0 (Windows NT 10.0; Win64; x64) AppleWebKit/537.36 (KHTML, like Gecko) Chrome/71.0.3578.98 Safari/537.36','http://localhost:8000/admin/login','admin@crudbooster.com login dengan IP Address 127.0.0.1','',1,'2019-02-13 03:32:46',NULL),(53,'127.0.0.1','Mozilla/5.0 (Windows NT 10.0; Win64; x64) AppleWebKit/537.36 (KHTML, like Gecko) Chrome/71.0.3578.98 Safari/537.36','http://localhost:8000/admin/stock/add-save','Tambah data baru  pada stock','',1,'2019-02-13 03:34:01',NULL),(54,'127.0.0.1','Mozilla/5.0 (Windows NT 10.0; Win64; x64) AppleWebKit/537.36 (KHTML, like Gecko) Chrome/71.0.3578.98 Safari/537.36','http://localhost:8000/admin/stock/add-save','Tambah data baru  pada stock','',1,'2019-02-13 03:36:04',NULL),(55,'127.0.0.1','Mozilla/5.0 (Windows NT 10.0; Win64; x64) AppleWebKit/537.36 (KHTML, like Gecko) Chrome/71.0.3578.98 Safari/537.36','http://localhost:8000/admin/stock/add-save','Tambah data baru  pada stock','',1,'2019-02-13 04:33:44',NULL),(56,'127.0.0.1','Mozilla/5.0 (Windows NT 10.0; Win64; x64) AppleWebKit/537.36 (KHTML, like Gecko) Chrome/71.0.3578.98 Safari/537.36','http://localhost:8000/admin/stock/edit-save/3','Memperbaharui data  pada stock','<table class=\"table table-striped\"><thead><tr><th>Key</th><th>Old Value</th><th>New Value</th></thead><tbody></tbody></table>',1,'2019-02-13 04:34:01',NULL),(57,'127.0.0.1','Mozilla/5.0 (Windows NT 10.0; Win64; x64) AppleWebKit/537.36 (KHTML, like Gecko) Chrome/71.0.3578.98 Safari/537.36','http://localhost:8000/admin/stock/delete/3','Menghapus data 3 pada stock','',1,'2019-02-13 04:34:06',NULL),(58,'127.0.0.1','Mozilla/5.0 (Windows NT 10.0; Win64; x64) AppleWebKit/537.36 (KHTML, like Gecko) Chrome/71.0.3578.98 Safari/537.36','http://localhost:8000/admin/stock/add-save','Tambah data baru  pada stock','',1,'2019-02-13 04:34:18',NULL),(59,'127.0.0.1','Mozilla/5.0 (Windows NT 10.0; Win64; x64) AppleWebKit/537.36 (KHTML, like Gecko) Chrome/71.0.3578.98 Safari/537.36','http://localhost:8000/admin/jasa/add-save','Tambah data baru Paket Standar Maintenance pada Jasa','',1,'2019-02-13 04:42:47',NULL),(60,'127.0.0.1','Mozilla/5.0 (Windows NT 10.0; Win64; x64) AppleWebKit/537.36 (KHTML, like Gecko) Chrome/71.0.3578.98 Safari/537.36','http://localhost:8000/admin/jasa/delete/3','Menghapus data Servis pada Jasa','',1,'2019-02-13 04:56:56',NULL),(61,'127.0.0.1','Mozilla/5.0 (Windows NT 10.0; Win64; x64) AppleWebKit/537.36 (KHTML, like Gecko) Chrome/71.0.3578.98 Safari/537.36','http://localhost:8000/admin/jasa/delete/2','Menghapus data Maintenance pada Jasa','',1,'2019-02-13 04:57:00',NULL),(62,'127.0.0.1','Mozilla/5.0 (Windows NT 10.0; Win64; x64) AppleWebKit/537.36 (KHTML, like Gecko) Chrome/71.0.3578.98 Safari/537.36','http://localhost:8000/admin/jasa/delete/1','Menghapus data Servis laptop pada Jasa','',1,'2019-02-13 04:57:05',NULL),(63,'127.0.0.1','Mozilla/5.0 (Windows NT 10.0; Win64; x64) AppleWebKit/537.36 (KHTML, like Gecko) Chrome/71.0.3578.98 Safari/537.36','http://localhost:8000/admin/jasa/edit-save/4','Memperbaharui data Paket Standar Maintenance pada Jasa','<table class=\"table table-striped\"><thead><tr><th>Key</th><th>Old Value</th><th>New Value</th></thead><tbody><tr><td>deleted_at</td><td></td><td></td></tr><tr><td>deskripsi</td><td>Paket Medium Maintenance adalah paket maintenance komputer dan juga perangkat IT dengan jumlah PC yang ada di kantor, sekolah, warnet dan lainnya dengan kisaran jumlah Unit antara 10 Unit samapai 15 unit, kami berikan free perawatan untuk jaringan dan printer.\r\n\r\nPada paket ini kami hitung minimal unit yang harus tersedia 15Unit, sebagai contoh jika di kantor anda tersedia 14 unit pc beserta perangkat lainnya, maka kami akan hitung 15 unit, dan anda harus membayar sesuai jumlah minimum kami.</td><td>Paket Standar Maintenance adalah maintenance komputer dan perangkat IT bagi anda yang memiliki perangkat komputer di kantor, sekolah, warnet atau lainnya dengan jumlah Unit dibawah 10 Unit, pada paket ini kami berikan free biaya perawatan untuk Printer dan Jaringan.\r\n\r\nPada paket ini kami hitung minimal unit yang harus tersedia 10Unit, sebagai contoh jika di kantor anda tersedia 8 unit pc beserta perangkat lainnya, maka kami akan hitung 10 unit, dan anda harus membayar sesuai jumlah minimum kami.</td></tr></tbody></table>',1,'2019-02-13 04:57:44',NULL),(64,'127.0.0.1','Mozilla/5.0 (Windows NT 10.0; Win64; x64) AppleWebKit/537.36 (KHTML, like Gecko) Chrome/71.0.3578.98 Safari/537.36','http://localhost:8000/admin/jasa/add-save','Tambah data baru Medium Maintenance pada Jasa','',1,'2019-02-13 04:58:17',NULL),(65,'127.0.0.1','Mozilla/5.0 (Windows NT 10.0; Win64; x64) AppleWebKit/537.36 (KHTML, like Gecko) Chrome/71.0.3578.98 Safari/537.36','http://localhost:8000/admin/jasa/add-save','Tambah data baru Premium Maintenance pada Jasa','',1,'2019-02-13 04:59:25',NULL),(66,'127.0.0.1','Mozilla/5.0 (Windows NT 10.0; Win64; x64) AppleWebKit/537.36 (KHTML, like Gecko) Chrome/71.0.3578.98 Safari/537.36','http://localhost:8000/admin/jasa/edit-save/6','Memperbaharui data Premium Maintenance pada Jasa','<table class=\"table table-striped\"><thead><tr><th>Key</th><th>Old Value</th><th>New Value</th></thead><tbody><tr><td>deleted_at</td><td></td><td></td></tr><tr><td>deskripsi</td><td>Pada paket ini Bhineka komputer akan menghitung jumlah unit yang tersedia di kantor anda, pada paket ini tidak berlaku free unit untuk perangkat lainnya.</td><td></td></tr><tr><td>gambar</td><td></td><td>uploads/1/2019-02/auroralink.png</td></tr></tbody></table>',1,'2019-02-13 05:05:55',NULL),(67,'127.0.0.1','Mozilla/5.0 (Windows NT 10.0; Win64; x64) AppleWebKit/537.36 (KHTML, like Gecko) Chrome/71.0.3578.98 Safari/537.36','http://localhost:8000/admin/jasa/delete-image','Menghapus gambar Premium Maintenance pada Jasa','',1,'2019-02-13 05:43:17',NULL),(68,'127.0.0.1','Mozilla/5.0 (Windows NT 10.0; Win64; x64) AppleWebKit/537.36 (KHTML, like Gecko) Chrome/71.0.3578.98 Safari/537.36','http://localhost:8000/admin/jasa/edit-save/6','Memperbaharui data Premium Maintenance pada Jasa','<table class=\"table table-striped\"><thead><tr><th>Key</th><th>Old Value</th><th>New Value</th></thead><tbody><tr><td>deleted_at</td><td></td><td></td></tr><tr><td>deskripsi</td><td>Pada paket ini Bhineka komputer akan menghitung jumlah unit yang tersedia di kantor anda, pada paket ini tidak berlaku free unit untuk perangkat lainnya.</td><td></td></tr><tr><td>gambar</td><td></td><td>uploads/1/2019-02/p1.PNG</td></tr></tbody></table>',1,'2019-02-13 05:43:29',NULL),(69,'127.0.0.1','Mozilla/5.0 (Windows NT 10.0; Win64; x64) AppleWebKit/537.36 (KHTML, like Gecko) Chrome/71.0.3578.98 Safari/537.36','http://localhost:8000/admin/jasa/edit-save/5','Memperbaharui data Medium Maintenance pada Jasa','<table class=\"table table-striped\"><thead><tr><th>Key</th><th>Old Value</th><th>New Value</th></thead><tbody><tr><td>deleted_at</td><td></td><td></td></tr><tr><td>deskripsi</td><td>Paket Medium Maintenance adalah paket maintenance komputer dan juga perangkat IT dengan jumlah PC yang ada di kantor, sekolah, warnet dan lainnya dengan kisaran jumlah Unit antara 10 Unit samapai 15 unit, kami berikan free perawatan untuk jaringan dan printer.\r\n\r\nPada paket ini kami hitung minimal unit yang harus tersedia 15Unit, sebagai contoh jika di kantor anda tersedia 14 unit pc beserta perangkat lainnya, maka kami akan hitung 15 unit, dan anda harus membayar sesuai jumlah minimum kami.</td><td></td></tr><tr><td>gambar</td><td></td><td>uploads/1/2019-02/p2.PNG</td></tr></tbody></table>',1,'2019-02-13 05:43:44',NULL),(70,'127.0.0.1','Mozilla/5.0 (Windows NT 10.0; Win64; x64) AppleWebKit/537.36 (KHTML, like Gecko) Chrome/71.0.3578.98 Safari/537.36','http://localhost:8000/admin/jasa/edit-save/4','Memperbaharui data Paket Standar Maintenance pada Jasa','<table class=\"table table-striped\"><thead><tr><th>Key</th><th>Old Value</th><th>New Value</th></thead><tbody><tr><td>deleted_at</td><td></td><td></td></tr><tr><td>deskripsi</td><td>Paket Standar Maintenance adalah maintenance komputer dan perangkat IT bagi anda yang memiliki perangkat komputer di kantor, sekolah, warnet atau lainnya dengan jumlah Unit dibawah 10 Unit, pada paket ini kami berikan free biaya perawatan untuk Printer dan Jaringan.\r\n\r\nPada paket ini kami hitung minimal unit yang harus tersedia 10Unit, sebagai contoh jika di kantor anda tersedia 8 unit pc beserta perangkat lainnya, maka kami akan hitung 10 unit, dan anda harus membayar sesuai jumlah minimum kami.</td><td></td></tr><tr><td>gambar</td><td></td><td>uploads/1/2019-02/p3.PNG</td></tr></tbody></table>',1,'2019-02-13 05:43:56',NULL),(71,'127.0.0.1','Mozilla/5.0 (Windows NT 10.0; Win64; x64) AppleWebKit/537.36 (KHTML, like Gecko) Chrome/71.0.3578.98 Safari/537.36','http://localhost:8000/admin/produk/edit-save/3','Memperbaharui data Cannon IP2770 pada Produk','<table class=\"table table-striped\"><thead><tr><th>Key</th><th>Old Value</th><th>New Value</th></thead><tbody><tr><td>deleted_at</td><td></td><td></td></tr><tr><td>gambar</td><td></td><td>uploads/1/2019-02/p1.PNG</td></tr></tbody></table>',1,'2019-02-13 05:53:39',NULL),(72,'127.0.0.1','Mozilla/5.0 (Windows NT 10.0; Win64; x64) AppleWebKit/537.36 (KHTML, like Gecko) Chrome/71.0.3578.98 Safari/537.36','http://localhost:8000/admin/produk/edit-save/2','Memperbaharui data Power Supply pada Produk','<table class=\"table table-striped\"><thead><tr><th>Key</th><th>Old Value</th><th>New Value</th></thead><tbody><tr><td>deleted_at</td><td></td><td></td></tr><tr><td>gambar</td><td></td><td>uploads/1/2019-02/p2.PNG</td></tr></tbody></table>',1,'2019-02-13 05:53:57',NULL),(73,'127.0.0.1','Mozilla/5.0 (Windows NT 10.0; Win64; x64) AppleWebKit/537.36 (KHTML, like Gecko) Chrome/71.0.3578.98 Safari/537.36','http://localhost:8000/admin/produk/edit-save/1','Memperbaharui data Ram Laptop 2GB pada Produk','<table class=\"table table-striped\"><thead><tr><th>Key</th><th>Old Value</th><th>New Value</th></thead><tbody><tr><td>deleted_at</td><td></td><td></td></tr><tr><td>stock</td><td>10</td><td></td></tr><tr><td>gambar</td><td></td><td>uploads/1/2019-02/p3.PNG</td></tr></tbody></table>',1,'2019-02-13 05:54:09',NULL),(74,'127.0.0.1','Mozilla/5.0 (Windows NT 10.0; Win64; x64) AppleWebKit/537.36 (KHTML, like Gecko) Chrome/71.0.3578.98 Safari/537.36','http://localhost:8000/admin/jasa/delete-image','Menghapus gambar Premium Maintenance pada Jasa','',1,'2019-02-13 05:56:17',NULL),(75,'127.0.0.1','Mozilla/5.0 (Windows NT 10.0; Win64; x64) AppleWebKit/537.36 (KHTML, like Gecko) Chrome/71.0.3578.98 Safari/537.36','http://localhost:8000/admin/jasa/edit-save/6','Memperbaharui data Premium Maintenance pada Jasa','<table class=\"table table-striped\"><thead><tr><th>Key</th><th>Old Value</th><th>New Value</th></thead><tbody><tr><td>deleted_at</td><td></td><td></td></tr><tr><td>deskripsi</td><td>Pada paket ini Bhineka komputer akan menghitung jumlah unit yang tersedia di kantor anda, pada paket ini tidak berlaku free unit untuk perangkat lainnya.</td><td></td></tr><tr><td>gambar</td><td></td><td>uploads/1/2019-02/p1.PNG</td></tr></tbody></table>',1,'2019-02-13 05:56:23',NULL),(76,'127.0.0.1','Mozilla/5.0 (Windows NT 10.0; Win64; x64) AppleWebKit/537.36 (KHTML, like Gecko) Chrome/71.0.3578.98 Safari/537.36','http://localhost:8000/admin/order/add-save','Tambah data baru  pada Order','',1,'2019-02-13 06:02:27',NULL),(77,'127.0.0.1','Mozilla/5.0 (Windows NT 10.0; Win64; x64) AppleWebKit/537.36 (KHTML, like Gecko) Chrome/71.0.3578.98 Safari/537.36','http://localhost:8000/admin/project/edit-save/3','Memperbaharui data Pembuatan  Website pada Project','<table class=\"table table-striped\"><thead><tr><th>Key</th><th>Old Value</th><th>New Value</th></thead><tbody><tr><td>deleted_at</td><td></td><td></td></tr><tr><td>status</td><td>batal</td><td>progress</td></tr></tbody></table>',1,'2019-02-13 06:10:21',NULL),(78,'127.0.0.1','Mozilla/5.0 (Windows NT 10.0; Win64; x64) AppleWebKit/537.36 (KHTML, like Gecko) Chrome/71.0.3578.98 Safari/537.36','http://localhost:8000/admin/project/edit-save/2','Memperbaharui data Pembuatan Aplikasi  Akunting pada Project','<table class=\"table table-striped\"><thead><tr><th>Key</th><th>Old Value</th><th>New Value</th></thead><tbody><tr><td>deleted_at</td><td></td><td></td></tr><tr><td>status</td><td>selesai</td><td>progress</td></tr></tbody></table>',1,'2019-02-13 06:10:39',NULL),(79,'127.0.0.1','Mozilla/5.0 (Windows NT 10.0; Win64; x64) AppleWebKit/537.36 (KHTML, like Gecko) Chrome/71.0.3578.98 Safari/537.36','http://localhost:8000/admin/stock/delete/4','Menghapus data 4 pada stock','',1,'2019-02-13 06:13:51',NULL),(80,'127.0.0.1','Mozilla/5.0 (Windows NT 10.0; Win64; x64) AppleWebKit/537.36 (KHTML, like Gecko) Chrome/71.0.3578.98 Safari/537.36','http://localhost:8000/admin/stock/delete/2','Menghapus data 2 pada stock','',1,'2019-02-13 06:13:57',NULL),(81,'127.0.0.1','Mozilla/5.0 (Windows NT 10.0; Win64; x64) AppleWebKit/537.36 (KHTML, like Gecko) Chrome/71.0.3578.98 Safari/537.36','http://localhost:8000/admin/stock/delete/5','Menghapus data 5 pada stock','',1,'2019-02-13 06:14:02',NULL),(82,'127.0.0.1','Mozilla/5.0 (Windows NT 10.0; Win64; x64) AppleWebKit/537.36 (KHTML, like Gecko) Chrome/71.0.3578.98 Safari/537.36','http://localhost:8000/admin/stock/delete/1','Menghapus data 1 pada stock','',1,'2019-02-13 06:14:06',NULL),(83,'127.0.0.1','Mozilla/5.0 (Windows NT 10.0; Win64; x64) AppleWebKit/537.36 (KHTML, like Gecko) Chrome/71.0.3578.98 Safari/537.36','http://localhost:8000/admin/stock/add-save','Tambah data baru  pada stock','',1,'2019-02-13 06:14:25',NULL),(84,'127.0.0.1','Mozilla/5.0 (Windows NT 10.0; Win64; x64) AppleWebKit/537.36 (KHTML, like Gecko) Chrome/71.0.3578.98 Safari/537.36','http://localhost:8000/admin/order/add-save','Tambah data baru  pada Order','',1,'2019-02-13 08:18:12',NULL),(85,'127.0.0.1','Mozilla/5.0 (Windows NT 10.0; Win64; x64) AppleWebKit/537.36 (KHTML, like Gecko) Chrome/71.0.3578.98 Safari/537.36','http://localhost:8000/admin/users/edit-save/1','Memperbaharui data Super Admin pada Manajemen Pengguna','<table class=\"table table-striped\"><thead><tr><th>Key</th><th>Old Value</th><th>New Value</th></thead><tbody><tr><td>photo</td><td></td><td>uploads/1/2019-02/auroralink.png</td></tr><tr><td>password</td><td>$2y$10$52qi.1S30ORE4nodUkVYe.L8vLPaVGAMfbwQbgsanr/mFU7o1I6fa</td><td></td></tr><tr><td>id_cms_privileges</td><td>1</td><td></td></tr><tr><td>status</td><td>Active</td><td></td></tr></tbody></table>',1,'2019-02-13 08:19:04',NULL),(86,'127.0.0.1','Mozilla/5.0 (Windows NT 10.0; Win64; x64) AppleWebKit/537.36 (KHTML, like Gecko) Chrome/71.0.3578.98 Safari/537.36','http://localhost:8000/admin/logout','admin@crudbooster.com keluar','',1,'2019-02-13 08:19:22',NULL),(87,'127.0.0.1','Mozilla/5.0 (Windows NT 10.0; Win64; x64) AppleWebKit/537.36 (KHTML, like Gecko) Chrome/71.0.3578.98 Safari/537.36','http://localhost:8000/admin/login','admin@crudbooster.com login dengan IP Address 127.0.0.1','',1,'2019-02-13 08:19:34',NULL),(88,'127.0.0.1','Mozilla/5.0 (Windows NT 10.0; Win64; x64) AppleWebKit/537.36 (KHTML, like Gecko) Chrome/71.0.3578.98 Safari/537.36','http://localhost:8000/admin/logout','admin@crudbooster.com keluar','',1,'2019-02-13 08:20:27',NULL),(89,'127.0.0.1','Mozilla/5.0 (Windows NT 10.0; Win64; x64) AppleWebKit/537.36 (KHTML, like Gecko) Chrome/71.0.3578.98 Safari/537.36','http://localhost:8000/admin/login','admin@crudbooster.com login dengan IP Address 127.0.0.1','',1,'2019-02-13 08:21:01',NULL),(90,'127.0.0.1','Mozilla/5.0 (Windows NT 10.0; Win64; x64) AppleWebKit/537.36 (KHTML, like Gecko) Chrome/71.0.3578.98 Safari/537.36','http://localhost:8000/admin/logout','admin@crudbooster.com keluar','',1,'2019-02-13 08:22:24',NULL),(91,'127.0.0.1','Mozilla/5.0 (Windows NT 10.0; Win64; x64) AppleWebKit/537.36 (KHTML, like Gecko) Chrome/71.0.3578.98 Safari/537.36','http://localhost:8000/admin/login','admin@crudbooster.com login dengan IP Address 127.0.0.1','',1,'2019-02-13 08:23:26',NULL),(92,'127.0.0.1','Mozilla/5.0 (Windows NT 10.0; Win64; x64) AppleWebKit/537.36 (KHTML, like Gecko) Chrome/71.0.3578.98 Safari/537.36','http://localhost:8000/admin/stock/add-save','Tambah data baru  pada stock','',1,'2019-02-13 08:24:45',NULL),(93,'127.0.0.1','Mozilla/5.0 (Windows NT 10.0; Win64; x64) AppleWebKit/537.36 (KHTML, like Gecko) Chrome/71.0.3578.98 Safari/537.36','http://localhost:8000/admin/order/add-save','Tambah data baru  pada Order','',1,'2019-02-13 08:25:28',NULL),(94,'127.0.0.1','Mozilla/5.0 (Windows NT 10.0; Win64; x64) AppleWebKit/537.36 (KHTML, like Gecko) Chrome/71.0.3578.98 Safari/537.36','http://localhost:8000/admin/login','admin@crudbooster.com login dengan IP Address 127.0.0.1','',1,'2019-02-13 18:26:30',NULL),(95,'127.0.0.1','Mozilla/5.0 (Windows NT 10.0; Win64; x64) AppleWebKit/537.36 (KHTML, like Gecko) Chrome/71.0.3578.98 Safari/537.36','http://localhost:8000/admin/prioritas/add-save','Tambah data baru Low pada Prioritas Ticket','',1,'2019-02-13 18:54:53',NULL),(96,'127.0.0.1','Mozilla/5.0 (Windows NT 10.0; Win64; x64) AppleWebKit/537.36 (KHTML, like Gecko) Chrome/71.0.3578.98 Safari/537.36','http://localhost:8000/admin/prioritas/add-save','Tambah data baru Normal pada Prioritas Ticket','',1,'2019-02-13 18:55:06',NULL),(97,'127.0.0.1','Mozilla/5.0 (Windows NT 10.0; Win64; x64) AppleWebKit/537.36 (KHTML, like Gecko) Chrome/71.0.3578.98 Safari/537.36','http://localhost:8000/admin/prioritas/add-save','Tambah data baru Urgent pada Prioritas Ticket','',1,'2019-02-13 18:55:15',NULL),(98,'127.0.0.1','Mozilla/5.0 (Windows NT 10.0; Win64; x64) AppleWebKit/537.36 (KHTML, like Gecko) Chrome/71.0.3578.98 Safari/537.36','http://localhost:8000/admin/tkategori/add-save','Tambah data baru Onsite pada Kategori Ticket','',1,'2019-02-13 18:57:40',NULL),(99,'127.0.0.1','Mozilla/5.0 (Windows NT 10.0; Win64; x64) AppleWebKit/537.36 (KHTML, like Gecko) Chrome/71.0.3578.98 Safari/537.36','http://localhost:8000/admin/tkategori/add-save','Tambah data baru Remote pada Kategori Ticket','',1,'2019-02-13 18:57:50',NULL),(100,'127.0.0.1','Mozilla/5.0 (Windows NT 10.0; Win64; x64) AppleWebKit/537.36 (KHTML, like Gecko) Chrome/71.0.3578.98 Safari/537.36','http://localhost:8000/admin/ticket/add-save','Tambah data baru komputer hang pada Ticket','',1,'2019-02-13 19:00:12',NULL),(101,'127.0.0.1','Mozilla/5.0 (Windows NT 10.0; Win64; x64) AppleWebKit/537.36 (KHTML, like Gecko) Chrome/71.0.3578.98 Safari/537.36','http://localhost:8000/admin/ticket/delete/1','Menghapus data komputer hang pada Ticket','',1,'2019-02-13 19:01:24',NULL),(102,'127.0.0.1','Mozilla/5.0 (Windows NT 10.0; Win64; x64) AppleWebKit/537.36 (KHTML, like Gecko) Chrome/71.0.3578.98 Safari/537.36','http://localhost:8000/admin/ticket/add-save','Tambah data baru komputer mati pada Ticket','',1,'2019-02-13 19:19:42',NULL),(103,'127.0.0.1','Mozilla/5.0 (Windows NT 10.0; Win64; x64) AppleWebKit/537.36 (KHTML, like Gecko) Chrome/71.0.3578.98 Safari/537.36','http://localhost:8000/admin/module_generator/delete/26','Menghapus data Ticket pada Pembangun Modul','',1,'2019-02-13 19:50:30',NULL),(104,'127.0.0.1','Mozilla/5.0 (Windows NT 10.0; Win64; x64) AppleWebKit/537.36 (KHTML, like Gecko) Chrome/71.0.3578.98 Safari/537.36','http://localhost:8000/admin/module_generator/delete/28','Menghapus data Kategori Ticket pada Pembangun Modul','',1,'2019-02-13 20:01:17',NULL),(105,'127.0.0.1','Mozilla/5.0 (Windows NT 10.0; Win64; x64) AppleWebKit/537.36 (KHTML, like Gecko) Chrome/71.0.3578.98 Safari/537.36','http://localhost:8000/admin/module_generator/delete/27','Menghapus data Prioritas Ticket pada Pembangun Modul','',1,'2019-02-13 20:01:25',NULL),(106,'127.0.0.1','Mozilla/5.0 (Windows NT 10.0; Win64; x64) AppleWebKit/537.36 (KHTML, like Gecko) Chrome/71.0.3578.98 Safari/537.36','http://localhost:8000/admin/tprioritas/add-save','Tambah data baru Low pada Prioritas Ticket','',1,'2019-02-13 20:04:23',NULL),(107,'127.0.0.1','Mozilla/5.0 (Windows NT 10.0; Win64; x64) AppleWebKit/537.36 (KHTML, like Gecko) Chrome/71.0.3578.98 Safari/537.36','http://localhost:8000/admin/tprioritas/add-save','Tambah data baru Normal pada Prioritas Ticket','',1,'2019-02-13 20:04:31',NULL),(108,'127.0.0.1','Mozilla/5.0 (Windows NT 10.0; Win64; x64) AppleWebKit/537.36 (KHTML, like Gecko) Chrome/71.0.3578.98 Safari/537.36','http://localhost:8000/admin/tprioritas/add-save','Tambah data baru Urgent pada Prioritas Ticket','',1,'2019-02-13 20:04:36',NULL),(109,'127.0.0.1','Mozilla/5.0 (Windows NT 10.0; Win64; x64) AppleWebKit/537.36 (KHTML, like Gecko) Chrome/71.0.3578.98 Safari/537.36','http://localhost:8000/admin/tkategori/add-save','Tambah data baru Onsite pada Kategori Ticket','',1,'2019-02-13 20:05:23',NULL),(110,'127.0.0.1','Mozilla/5.0 (Windows NT 10.0; Win64; x64) AppleWebKit/537.36 (KHTML, like Gecko) Chrome/71.0.3578.98 Safari/537.36','http://localhost:8000/admin/tkategori/add-save','Tambah data baru Remote pada Kategori Ticket','',1,'2019-02-13 20:05:31',NULL),(111,'127.0.0.1','Mozilla/5.0 (Windows NT 10.0; Win64; x64) AppleWebKit/537.36 (KHTML, like Gecko) Chrome/71.0.3578.98 Safari/537.36','http://localhost:8000/admin/ticket/add-save','Tambah data baru komputer hang pada Ticket','',1,'2019-02-13 20:08:14',NULL),(112,'127.0.0.1','Mozilla/5.0 (Windows NT 10.0; Win64; x64) AppleWebKit/537.36 (KHTML, like Gecko) Chrome/71.0.3578.98 Safari/537.36','http://localhost:8000/admin/ticket/add-save','Tambah data baru Kabel Putus pada Ticket','',1,'2019-02-13 20:48:41',NULL),(113,'127.0.0.1','Mozilla/5.0 (Windows NT 10.0; Win64; x64) AppleWebKit/537.36 (KHTML, like Gecko) Chrome/71.0.3578.98 Safari/537.36','http://localhost:8000/admin/dkategori/add-save','Tambah data baru Maintenance pada Team Kategori','',1,'2019-02-13 20:58:52',NULL),(114,'127.0.0.1','Mozilla/5.0 (Windows NT 10.0; Win64; x64) AppleWebKit/537.36 (KHTML, like Gecko) Chrome/71.0.3578.98 Safari/537.36','http://localhost:8000/admin/dkategori/add-save','Tambah data baru Servis pada Team Kategori','',1,'2019-02-13 20:58:59',NULL),(115,'127.0.0.1','Mozilla/5.0 (Windows NT 10.0; Win64; x64) AppleWebKit/537.36 (KHTML, like Gecko) Chrome/71.0.3578.98 Safari/537.36','http://localhost:8000/admin/dkategori/add-save','Tambah data baru Web App pada Team Kategori','',1,'2019-02-13 20:59:09',NULL),(116,'127.0.0.1','Mozilla/5.0 (Windows NT 10.0; Win64; x64) AppleWebKit/537.36 (KHTML, like Gecko) Chrome/71.0.3578.98 Safari/537.36','http://localhost:8000/admin/dkategori/add-save','Tambah data baru Pelatihan pada Team Kategori','',1,'2019-02-13 20:59:15',NULL),(117,'127.0.0.1','Mozilla/5.0 (Windows NT 10.0; Win64; x64) AppleWebKit/537.36 (KHTML, like Gecko) Chrome/71.0.3578.98 Safari/537.36','http://localhost:8000/admin/kategori/delete/8','Menghapus data Pelatihan pada Kategori','',1,'2019-02-13 21:01:43',NULL),(118,'127.0.0.1','Mozilla/5.0 (Windows NT 10.0; Win64; x64) AppleWebKit/537.36 (KHTML, like Gecko) Chrome/71.0.3578.98 Safari/537.36','http://localhost:8000/admin/kategori/action-selected','Menghapus data 7,6,5 pada Kategori','',1,'2019-02-13 21:02:02',NULL),(119,'127.0.0.1','Mozilla/5.0 (Windows NT 10.0; Win64; x64) AppleWebKit/537.36 (KHTML, like Gecko) Chrome/71.0.3578.98 Safari/537.36','http://localhost:8000/admin/menu_management/add-save','Tambah data baru Orders pada Pengolah Menu','',1,'2019-02-13 21:21:29',NULL),(120,'127.0.0.1','Mozilla/5.0 (Windows NT 10.0; Win64; x64) AppleWebKit/537.36 (KHTML, like Gecko) Chrome/71.0.3578.98 Safari/537.36','http://localhost:8000/admin/menu_management/add-save','Tambah data baru Products pada Pengolah Menu','',1,'2019-02-13 21:22:35',NULL),(121,'127.0.0.1','Mozilla/5.0 (Windows NT 10.0; Win64; x64) AppleWebKit/537.36 (KHTML, like Gecko) Chrome/71.0.3578.98 Safari/537.36','http://localhost:8000/admin/menu_management/add-save','Tambah data baru Manajemen Pelanggan pada Pengolah Menu','',1,'2019-02-13 21:24:38',NULL),(122,'127.0.0.1','Mozilla/5.0 (Windows NT 10.0; Win64; x64) AppleWebKit/537.36 (KHTML, like Gecko) Chrome/71.0.3578.98 Safari/537.36','http://localhost:8000/admin/menu_management/add-save','Tambah data baru Tambah Pelanggan pada Pengolah Menu','',1,'2019-02-13 21:30:27',NULL),(123,'127.0.0.1','Mozilla/5.0 (Windows NT 10.0; Win64; x64) AppleWebKit/537.36 (KHTML, like Gecko) Chrome/71.0.3578.98 Safari/537.36','http://localhost:8000/admin/menu_management/edit-save/25','Memperbaharui data Tambah Pelanggan pada Pengolah Menu','<table class=\"table table-striped\"><thead><tr><th>Key</th><th>Old Value</th><th>New Value</th></thead><tbody><tr><td>icon</td><td>fa fa-group</td><td>fa fa-plus</td></tr><tr><td>sorting</td><td></td><td></td></tr></tbody></table>',1,'2019-02-13 21:30:46',NULL),(124,'127.0.0.1','Mozilla/5.0 (Windows NT 10.0; Win64; x64) AppleWebKit/537.36 (KHTML, like Gecko) Chrome/71.0.3578.98 Safari/537.36','http://localhost:8000/admin/menu_management/add-save','Tambah data baru Daftar Pelanggan pada Pengolah Menu','',1,'2019-02-13 21:32:06',NULL),(125,'127.0.0.1','Mozilla/5.0 (Windows NT 10.0; Win64; x64) AppleWebKit/537.36 (KHTML, like Gecko) Chrome/71.0.3578.98 Safari/537.36','http://localhost:8000/admin/menu_management/add-save','Tambah data baru Tambahkan Perusahaan pada Pengolah Menu','',1,'2019-02-13 21:34:08',NULL),(126,'127.0.0.1','Mozilla/5.0 (Windows NT 10.0; Win64; x64) AppleWebKit/537.36 (KHTML, like Gecko) Chrome/71.0.3578.98 Safari/537.36','http://localhost:8000/admin/users/add-save','Tambah data baru sofan wahyudi pada Manajemen Pengguna','',1,'2019-02-13 21:40:54',NULL),(127,'127.0.0.1','Mozilla/5.0 (Windows NT 10.0; Win64; x64) AppleWebKit/537.36 (KHTML, like Gecko) Chrome/71.0.3578.98 Safari/537.36','http://localhost:8000/admin/users/add-save','Tambah data baru pengguna pada Manajemen Pengguna','',1,'2019-02-13 21:41:33',NULL),(128,'127.0.0.1','Mozilla/5.0 (Windows NT 10.0; Win64; x64) AppleWebKit/537.36 (KHTML, like Gecko) Chrome/71.0.3578.98 Safari/537.36','http://localhost:8000/admin/logout','admin@crudbooster.com keluar','',1,'2019-02-13 21:42:17',NULL),(129,'127.0.0.1','Mozilla/5.0 (Windows NT 10.0; Win64; x64) AppleWebKit/537.36 (KHTML, like Gecko) Chrome/71.0.3578.98 Safari/537.36','http://localhost:8000/admin/login','member@auroralink.id login dengan IP Address 127.0.0.1','',3,'2019-02-13 21:42:30',NULL),(130,'127.0.0.1','Mozilla/5.0 (Windows NT 10.0; Win64; x64) AppleWebKit/537.36 (KHTML, like Gecko) Chrome/71.0.3578.98 Safari/537.36','http://localhost:8000/admin/logout','member@auroralink.id keluar','',3,'2019-02-13 21:42:41',NULL),(131,'127.0.0.1','Mozilla/5.0 (Windows NT 10.0; Win64; x64) AppleWebKit/537.36 (KHTML, like Gecko) Chrome/71.0.3578.98 Safari/537.36','http://localhost:8000/admin/login','admin@crudbooster.com login dengan IP Address 127.0.0.1','',1,'2019-02-13 21:42:58',NULL),(132,'127.0.0.1','Mozilla/5.0 (Windows NT 10.0; Win64; x64) AppleWebKit/537.36 (KHTML, like Gecko) Chrome/71.0.3578.98 Safari/537.36','http://localhost:8000/admin/menu_management/edit-save/27','Memperbaharui data Tambahkan Perusahaan pada Pengolah Menu','<table class=\"table table-striped\"><thead><tr><th>Key</th><th>Old Value</th><th>New Value</th></thead><tbody><tr><td>parent_id</td><td>24</td><td></td></tr></tbody></table>',1,'2019-02-13 21:43:27',NULL),(133,'127.0.0.1','Mozilla/5.0 (Windows NT 10.0; Win64; x64) AppleWebKit/537.36 (KHTML, like Gecko) Chrome/71.0.3578.98 Safari/537.36','http://localhost:8000/admin/logout','admin@crudbooster.com keluar','',1,'2019-02-13 21:43:56',NULL),(134,'127.0.0.1','Mozilla/5.0 (Windows NT 10.0; Win64; x64) AppleWebKit/537.36 (KHTML, like Gecko) Chrome/71.0.3578.98 Safari/537.36','http://localhost:8000/admin/login','member@auroralink.id login dengan IP Address 127.0.0.1','',3,'2019-02-13 21:44:14',NULL),(135,'127.0.0.1','Mozilla/5.0 (Windows NT 10.0; Win64; x64) AppleWebKit/537.36 (KHTML, like Gecko) Chrome/71.0.3578.98 Safari/537.36','http://localhost:8000/admin/logout','member@auroralink.id keluar','',3,'2019-02-13 21:44:26',NULL),(136,'127.0.0.1','Mozilla/5.0 (Windows NT 10.0; Win64; x64) AppleWebKit/537.36 (KHTML, like Gecko) Chrome/71.0.3578.98 Safari/537.36','http://localhost:8000/admin/login','admin@auroralink.id login dengan IP Address 127.0.0.1','',2,'2019-02-13 21:44:39',NULL),(137,'127.0.0.1','Mozilla/5.0 (Windows NT 10.0; Win64; x64) AppleWebKit/537.36 (KHTML, like Gecko) Chrome/71.0.3578.98 Safari/537.36','http://localhost:8000/admin/login','admin@crudbooster.com login dengan IP Address 127.0.0.1','',1,'2019-02-14 00:01:39',NULL),(138,'127.0.0.1','Mozilla/5.0 (Windows NT 10.0; Win64; x64) AppleWebKit/537.36 (KHTML, like Gecko) Chrome/71.0.3578.98 Safari/537.36','http://localhost:8000/admin/menu_management/delete/26','Menghapus data Daftar Pelanggan pada Pengolah Menu','',1,'2019-02-14 00:06:13',NULL),(139,'127.0.0.1','Mozilla/5.0 (Windows NT 10.0; Win64; x64) AppleWebKit/537.36 (KHTML, like Gecko) Chrome/71.0.3578.98 Safari/537.36','http://localhost:8000/admin/menu_management/delete/22','Menghapus data Orders pada Pengolah Menu','',1,'2019-02-14 00:06:58',NULL),(140,'127.0.0.1','Mozilla/5.0 (Windows NT 10.0; Win64; x64) AppleWebKit/537.36 (KHTML, like Gecko) Chrome/71.0.3578.98 Safari/537.36','http://localhost:8000/admin/menu_management/edit-save/24','Memperbaharui data Perusahaan pada Pengolah Menu','<table class=\"table table-striped\"><thead><tr><th>Key</th><th>Old Value</th><th>New Value</th></thead><tbody><tr><td>name</td><td>Manajemen Pelanggan</td><td>Perusahaan</td></tr><tr><td>type</td><td>Module</td><td>URL</td></tr><tr><td>path</td><td>pelanggan</td><td>http://localhost:8000/admin/perusahaan/</td></tr><tr><td>icon</td><td>fa fa-group</td><td>fa fa-building</td></tr><tr><td>parent_id</td><td>0</td><td></td></tr><tr><td>is_dashboard</td><td>0</td><td>1</td></tr></tbody></table>',1,'2019-02-14 00:10:16',NULL),(141,'127.0.0.1','Mozilla/5.0 (Windows NT 10.0; Win64; x64) AppleWebKit/537.36 (KHTML, like Gecko) Chrome/71.0.3578.98 Safari/537.36','http://localhost:8000/admin/menu_management/add-save','Tambah data baru Tambah Perusahaan pada Pengolah Menu','',1,'2019-02-14 00:11:01',NULL),(142,'127.0.0.1','Mozilla/5.0 (Windows NT 10.0; Win64; x64; rv:65.0) Gecko/20100101 Firefox/65.0','http://localhost:8000/admin/login','member@auroralink.id login dengan IP Address 127.0.0.1','',3,'2019-02-14 00:12:21',NULL),(143,'127.0.0.1','Mozilla/5.0 (Windows NT 10.0; Win64; x64) AppleWebKit/537.36 (KHTML, like Gecko) Chrome/71.0.3578.98 Safari/537.36','http://localhost:8000/admin/menu_management/edit-save/24','Memperbaharui data Perusahaan pada Pengolah Menu','<table class=\"table table-striped\"><thead><tr><th>Key</th><th>Old Value</th><th>New Value</th></thead><tbody></tbody></table>',1,'2019-02-14 00:13:25',NULL),(144,'127.0.0.1','Mozilla/5.0 (Windows NT 10.0; Win64; x64) AppleWebKit/537.36 (KHTML, like Gecko) Chrome/71.0.3578.98 Safari/537.36','http://localhost:8000/admin/menu_management/add-save','Tambah data baru Profil Perusahaan pada Pengolah Menu','',1,'2019-02-14 00:15:39',NULL),(145,'127.0.0.1','Mozilla/5.0 (Windows NT 10.0; Win64; x64) AppleWebKit/537.36 (KHTML, like Gecko) Chrome/71.0.3578.98 Safari/537.36','http://localhost:8000/admin/menu_management/delete/29','Menghapus data Profil Perusahaan pada Pengolah Menu','',1,'2019-02-14 00:17:51',NULL),(146,'127.0.0.1','Mozilla/5.0 (Windows NT 10.0; Win64; x64) AppleWebKit/537.36 (KHTML, like Gecko) Chrome/71.0.3578.98 Safari/537.36','http://localhost:8000/admin/menu_management/delete/27','Menghapus data Tambahkan Perusahaan pada Pengolah Menu','',1,'2019-02-14 00:17:57',NULL),(147,'127.0.0.1','Mozilla/5.0 (Windows NT 10.0; Win64; x64) AppleWebKit/537.36 (KHTML, like Gecko) Chrome/71.0.3578.98 Safari/537.36','http://localhost:8000/admin/menu_management/delete/25','Menghapus data Tambah Pelanggan pada Pengolah Menu','',1,'2019-02-14 00:18:03',NULL),(148,'127.0.0.1','Mozilla/5.0 (Windows NT 10.0; Win64; x64) AppleWebKit/537.36 (KHTML, like Gecko) Chrome/71.0.3578.98 Safari/537.36','http://localhost:8000/admin/menu_management/add-save','Tambah data baru Order pada Pengolah Menu','',1,'2019-02-14 00:18:55',NULL),(149,'127.0.0.1','Mozilla/5.0 (Windows NT 10.0; Win64; x64; rv:65.0) Gecko/20100101 Firefox/65.0','http://localhost:8000/admin/order/add-save','Tambah data baru  pada Order','',3,'2019-02-14 00:19:56',NULL),(150,'127.0.0.1','Mozilla/5.0 (Windows NT 10.0; Win64; x64) AppleWebKit/537.36 (KHTML, like Gecko) Chrome/71.0.3578.98 Safari/537.36','http://localhost:8000/admin/menu_management/add-save','Tambah data baru Ticket pada Pengolah Menu','',1,'2019-02-14 00:22:33',NULL),(151,'127.0.0.1','Mozilla/5.0 (Windows NT 10.0; Win64; x64) AppleWebKit/537.36 (KHTML, like Gecko) Chrome/71.0.3578.98 Safari/537.36','http://localhost:8000/admin/menu_management/add-save','Tambah data baru Produk pada Pengolah Menu','',1,'2019-02-14 00:23:43',NULL),(152,'127.0.0.1','Mozilla/5.0 (Windows NT 10.0; Win64; x64) AppleWebKit/537.36 (KHTML, like Gecko) Chrome/71.0.3578.98 Safari/537.36','http://localhost:8000/admin/menu_management/add-save','Tambah data baru Jasa pada Pengolah Menu','',1,'2019-02-14 00:24:23',NULL),(153,'127.0.0.1','Mozilla/5.0 (Windows NT 10.0; Win64; x64; rv:65.0) Gecko/20100101 Firefox/65.0','http://localhost:8000/admin/ticket/add-save','Tambah data baru Program Error pada Ticket','',3,'2019-02-14 00:26:14',NULL),(154,'127.0.0.1','Mozilla/5.0 (Windows NT 10.0; Win64; x64) AppleWebKit/537.36 (KHTML, like Gecko) Chrome/71.0.3578.98 Safari/537.36','http://localhost:8000/admin/menu_management/delete/28','Menghapus data Tambah Perusahaan pada Pengolah Menu','',1,'2019-02-14 00:28:45',NULL),(155,'127.0.0.1','Mozilla/5.0 (Windows NT 10.0; Win64; x64; rv:65.0) Gecko/20100101 Firefox/65.0','http://localhost:8000/admin/order/add-save','Tambah data baru  pada Order','',3,'2019-02-14 00:37:07',NULL),(156,'127.0.0.1','Mozilla/5.0 (Windows NT 10.0; Win64; x64; rv:65.0) Gecko/20100101 Firefox/65.0','http://localhost:8000/admin/ticket/add-save','Tambah data baru Program Error pada Ticket','',3,'2019-02-14 00:37:45',NULL),(157,'127.0.0.1','Mozilla/5.0 (Windows NT 10.0; Win64; x64) AppleWebKit/537.36 (KHTML, like Gecko) Chrome/71.0.3578.98 Safari/537.36','http://localhost:8000/admin/login','admin@crudbooster.com login dengan IP Address 127.0.0.1','',1,'2019-02-14 02:26:54',NULL),(158,'127.0.0.1','Mozilla/5.0 (Windows NT 10.0; Win64; x64; rv:65.0) Gecko/20100101 Firefox/65.0','http://localhost:8000/admin/login','member@auroralink.id login dengan IP Address 127.0.0.1','',3,'2019-02-14 02:42:04',NULL),(159,'127.0.0.1','Mozilla/5.0 (Windows NT 10.0; Win64; x64; rv:65.0) Gecko/20100101 Firefox/65.0','http://localhost:8000/admin/order/add-save','Tambah data baru  pada Order','',3,'2019-02-14 02:42:25',NULL),(160,'127.0.0.1','Mozilla/5.0 (Windows NT 10.0; Win64; x64) AppleWebKit/537.36 (KHTML, like Gecko) Chrome/71.0.3578.98 Safari/537.36','http://localhost:8000/admin/menu_management/edit-save/24','Memperbaharui data Perusahaan pada Pengolah Menu','<table class=\"table table-striped\"><thead><tr><th>Key</th><th>Old Value</th><th>New Value</th></thead><tbody><tr><td>type</td><td>URL</td><td>Route</td></tr><tr><td>path</td><td>http://localhost:8000/admin/perusahaan/</td><td>AdminPrusahaanControllerGetIndex</td></tr></tbody></table>',1,'2019-02-14 03:19:27',NULL),(161,'127.0.0.1','Mozilla/5.0 (Windows NT 10.0; Win64; x64) AppleWebKit/537.36 (KHTML, like Gecko) Chrome/71.0.3578.98 Safari/537.36','http://localhost:8000/admin/menu_management/edit-save/33','Memperbaharui data Jasa pada Pengolah Menu','<table class=\"table table-striped\"><thead><tr><th>Key</th><th>Old Value</th><th>New Value</th></thead><tbody><tr><td>type</td><td>URL</td><td>Route</td></tr><tr><td>path</td><td>http://localhost:8000/admin/jasa</td><td>AdminJasaControllerGetIndex</td></tr><tr><td>sorting</td><td></td><td></td></tr></tbody></table>',1,'2019-02-14 03:19:54',NULL),(162,'127.0.0.1','Mozilla/5.0 (Windows NT 10.0; Win64; x64) AppleWebKit/537.36 (KHTML, like Gecko) Chrome/71.0.3578.98 Safari/537.36','http://localhost:8000/admin/menu_management/edit-save/32','Memperbaharui data Produk pada Pengolah Menu','<table class=\"table table-striped\"><thead><tr><th>Key</th><th>Old Value</th><th>New Value</th></thead><tbody><tr><td>path</td><td>http://localhost:8000/admin/produk</td><td>AdminProdukControllerGetIndex</td></tr><tr><td>sorting</td><td></td><td></td></tr></tbody></table>',1,'2019-02-14 03:20:10',NULL),(163,'127.0.0.1','Mozilla/5.0 (Windows NT 10.0; Win64; x64) AppleWebKit/537.36 (KHTML, like Gecko) Chrome/71.0.3578.98 Safari/537.36','http://localhost:8000/admin/menu_management/edit-save/31','Memperbaharui data Ticket pada Pengolah Menu','<table class=\"table table-striped\"><thead><tr><th>Key</th><th>Old Value</th><th>New Value</th></thead><tbody><tr><td>type</td><td>URL</td><td>Route</td></tr><tr><td>path</td><td>http://localhost:8000/admin/ticket/add</td><td>AdminTicketControllerGetIndex</td></tr><tr><td>sorting</td><td></td><td></td></tr></tbody></table>',1,'2019-02-14 03:20:35',NULL),(164,'127.0.0.1','Mozilla/5.0 (Windows NT 10.0; Win64; x64) AppleWebKit/537.36 (KHTML, like Gecko) Chrome/71.0.3578.98 Safari/537.36','http://localhost:8000/admin/menu_management/edit-save/30','Memperbaharui data Order pada Pengolah Menu','<table class=\"table table-striped\"><thead><tr><th>Key</th><th>Old Value</th><th>New Value</th></thead><tbody><tr><td>type</td><td>URL</td><td>Route</td></tr><tr><td>path</td><td>http://localhost:8000/admin/order/add</td><td>AdminOrderControllerGetIndex</td></tr><tr><td>sorting</td><td></td><td></td></tr></tbody></table>',1,'2019-02-14 03:21:00',NULL),(165,'127.0.0.1','Mozilla/5.0 (Windows NT 10.0; Win64; x64) AppleWebKit/537.36 (KHTML, like Gecko) Chrome/71.0.3578.98 Safari/537.36','http://localhost:8000/admin/menu_management/edit-save/3','Memperbaharui data Produk pada Pengolah Menu','<table class=\"table table-striped\"><thead><tr><th>Key</th><th>Old Value</th><th>New Value</th></thead><tbody><tr><td>color</td><td></td><td>normal</td></tr><tr><td>parent_id</td><td>0</td><td></td></tr><tr><td>is_dashboard</td><td>0</td><td>1</td></tr><tr><td>sorting</td><td>8</td><td></td></tr></tbody></table>',1,'2019-02-14 03:23:26',NULL),(166,'127.0.0.1','Mozilla/5.0 (Windows NT 10.0; Win64; x64) AppleWebKit/537.36 (KHTML, like Gecko) Chrome/71.0.3578.98 Safari/537.36','http://localhost:8000/admin/statistic_builder/add-save','Tambah data baru Order pada Pembangun Statistik','',1,'2019-02-14 03:23:54',NULL),(167,'127.0.0.1','Mozilla/5.0 (Windows NT 10.0; Win64; x64) AppleWebKit/537.36 (KHTML, like Gecko) Chrome/71.0.3578.98 Safari/537.36','http://localhost:8000/admin/menu_management/edit-save/3','Memperbaharui data Produk pada Pengolah Menu','<table class=\"table table-striped\"><thead><tr><th>Key</th><th>Old Value</th><th>New Value</th></thead><tbody><tr><td>sorting</td><td>8</td><td></td></tr></tbody></table>',1,'2019-02-14 03:41:14',NULL),(168,'127.0.0.1','Mozilla/5.0 (Windows NT 10.0; Win64; x64) AppleWebKit/537.36 (KHTML, like Gecko) Chrome/71.0.3578.98 Safari/537.36','http://localhost:8000/admin/login','admin@crudbooster.com login dengan IP Address 127.0.0.1','',1,'2019-02-14 17:12:57',NULL),(169,'127.0.0.1','Mozilla/5.0 (Windows NT 10.0; Win64; x64) AppleWebKit/537.36 (KHTML, like Gecko) Chrome/71.0.3578.98 Safari/537.36','http://localhost:8000/admin/login','admin@crudbooster.com login dengan IP Address 127.0.0.1','',1,'2019-02-14 17:44:49',NULL),(170,'127.0.0.1','Mozilla/5.0 (Windows NT 10.0; Win64; x64) AppleWebKit/537.36 (KHTML, like Gecko) Chrome/71.0.3578.98 Safari/537.36','http://localhost:8000/admin/ticket/add-save','Tambah data baru Komputer error pada Ticket','',1,'2019-02-14 18:14:38',NULL),(171,'127.0.0.1','Mozilla/5.0 (Windows NT 10.0; Win64; x64) AppleWebKit/537.36 (KHTML, like Gecko) Chrome/71.0.3578.98 Safari/537.36','http://localhost:8000/admin/order/add-save','Tambah data baru  pada Order','',1,'2019-02-14 18:43:22',NULL),(172,'127.0.0.1','Mozilla/5.0 (Windows NT 10.0; Win64; x64) AppleWebKit/537.36 (KHTML, like Gecko) Chrome/71.0.3578.98 Safari/537.36','http://localhost:8000/admin/menu_management/add-save','Tambah data baru Dashbord pada Pengolah Menu','',1,'2019-02-14 19:46:32',NULL),(173,'127.0.0.1','Mozilla/5.0 (Windows NT 10.0; Win64; x64) AppleWebKit/537.36 (KHTML, like Gecko) Chrome/71.0.3578.98 Safari/537.36','http://localhost:8000/admin/menu_management/edit-save/34','Memperbaharui data Dashbord pada Pengolah Menu','<table class=\"table table-striped\"><thead><tr><th>Key</th><th>Old Value</th><th>New Value</th></thead><tbody><tr><td>path</td><td>statistic_builder/show/</td><td>statistic_builder/show/order</td></tr><tr><td>parent_id</td><td>0</td><td></td></tr><tr><td>sorting</td><td></td><td></td></tr></tbody></table>',1,'2019-02-14 19:47:54',NULL),(174,'127.0.0.1','Mozilla/5.0 (Windows NT 10.0; Win64; x64) AppleWebKit/537.36 (KHTML, like Gecko) Chrome/71.0.3578.98 Safari/537.36','http://localhost:8000/admin/menu_management/edit-save/34','Memperbaharui data Statistik pada Pengolah Menu','<table class=\"table table-striped\"><thead><tr><th>Key</th><th>Old Value</th><th>New Value</th></thead><tbody><tr><td>name</td><td>Dashbord</td><td>Statistik</td></tr><tr><td>parent_id</td><td>0</td><td></td></tr><tr><td>sorting</td><td></td><td></td></tr></tbody></table>',1,'2019-02-14 19:55:28',NULL),(175,'127.0.0.1','Mozilla/5.0 (Windows NT 10.0; Win64; x64) AppleWebKit/537.36 (KHTML, like Gecko) Chrome/71.0.3578.98 Safari/537.36','http://localhost:8000/admin/menu_management/edit-save/34','Memperbaharui data Statistik pada Pengolah Menu','<table class=\"table table-striped\"><thead><tr><th>Key</th><th>Old Value</th><th>New Value</th></thead><tbody><tr><td>parent_id</td><td>0</td><td></td></tr><tr><td>sorting</td><td>6</td><td></td></tr></tbody></table>',1,'2019-02-14 19:56:15',NULL),(176,'127.0.0.1','Mozilla/5.0 (Windows NT 10.0; Win64; x64) AppleWebKit/537.36 (KHTML, like Gecko) Chrome/71.0.3578.98 Safari/537.36','http://localhost:8000/admin/project/edit-save/3','Memperbaharui data Pembuatan  Website pada Project','<table class=\"table table-striped\"><thead><tr><th>Key</th><th>Old Value</th><th>New Value</th></thead><tbody><tr><td>deleted_at</td><td></td><td></td></tr><tr><td>kategori_id</td><td>7</td><td>3</td></tr></tbody></table>',1,'2019-02-14 20:21:06',NULL),(177,'127.0.0.1','Mozilla/5.0 (Windows NT 10.0; Win64; x64) AppleWebKit/537.36 (KHTML, like Gecko) Chrome/71.0.3578.98 Safari/537.36','http://localhost:8000/admin/project/edit-save/3','Memperbaharui data Pembuatan  Website pada Project','<table class=\"table table-striped\"><thead><tr><th>Key</th><th>Old Value</th><th>New Value</th></thead><tbody><tr><td>deleted_at</td><td></td><td></td></tr><tr><td>status</td><td>batal</td><td>renacana</td></tr></tbody></table>',1,'2019-02-14 20:29:42',NULL),(178,'127.0.0.1','Mozilla/5.0 (Windows NT 10.0; Win64; x64) AppleWebKit/537.36 (KHTML, like Gecko) Chrome/71.0.3578.98 Safari/537.36','http://localhost:8000/admin/project/edit-save/3','Memperbaharui data Pembuatan  Website pada Project','<table class=\"table table-striped\"><thead><tr><th>Key</th><th>Old Value</th><th>New Value</th></thead><tbody><tr><td>deleted_at</td><td></td><td></td></tr><tr><td>status</td><td>renacana</td><td>progress</td></tr></tbody></table>',1,'2019-02-14 20:31:02',NULL),(179,'127.0.0.1','Mozilla/5.0 (Windows NT 10.0; Win64; x64) AppleWebKit/537.36 (KHTML, like Gecko) Chrome/71.0.3578.98 Safari/537.36','http://localhost:8000/admin/project/edit-save/3','Memperbaharui data Pembuatan  Website pada Project','<table class=\"table table-striped\"><thead><tr><th>Key</th><th>Old Value</th><th>New Value</th></thead><tbody><tr><td>deleted_at</td><td></td><td></td></tr><tr><td>status</td><td>selesai</td><td>batal</td></tr></tbody></table>',1,'2019-02-14 20:31:48',NULL),(180,'127.0.0.1','Mozilla/5.0 (Windows NT 10.0; Win64; x64) AppleWebKit/537.36 (KHTML, like Gecko) Chrome/71.0.3578.98 Safari/537.36','http://localhost:8000/admin/order/add-save','Tambah data baru  pada Order','',1,'2019-02-14 20:32:45',NULL),(181,'127.0.0.1','Mozilla/5.0 (Windows NT 10.0; Win64; x64; rv:65.0) Gecko/20100101 Firefox/65.0','http://localhost:8000/admin/login','member@auroralink.id login dengan IP Address 127.0.0.1','',3,'2019-02-14 20:33:32',NULL),(182,'127.0.0.1','Mozilla/5.0 (Windows NT 10.0; Win64; x64) AppleWebKit/537.36 (KHTML, like Gecko) Chrome/71.0.3578.98 Safari/537.36','http://localhost:8000/admin/menu_management/edit-save/24','Memperbaharui data Perusahaan pada Pengolah Menu','<table class=\"table table-striped\"><thead><tr><th>Key</th><th>Old Value</th><th>New Value</th></thead><tbody><tr><td>type</td><td>Route</td><td>Controller & Method</td></tr><tr><td>sorting</td><td>5</td><td></td></tr></tbody></table>',1,'2019-02-14 20:38:08',NULL),(183,'127.0.0.1','Mozilla/5.0 (Windows NT 10.0; Win64; x64) AppleWebKit/537.36 (KHTML, like Gecko) Chrome/71.0.3578.98 Safari/537.36','http://localhost:8000/admin/menu_management/edit-save/24','Memperbaharui data Perusahaan pada Pengolah Menu','<table class=\"table table-striped\"><thead><tr><th>Key</th><th>Old Value</th><th>New Value</th></thead><tbody><tr><td>type</td><td>Controller & Method</td><td>Module</td></tr><tr><td>path</td><td>AdminPrusahaanControllerGetIndex</td><td>perusahaan</td></tr><tr><td>sorting</td><td>5</td><td></td></tr></tbody></table>',1,'2019-02-14 20:38:44',NULL),(184,'127.0.0.1','Mozilla/5.0 (Windows NT 10.0; Win64; x64) AppleWebKit/537.36 (KHTML, like Gecko) Chrome/71.0.3578.98 Safari/537.36','http://localhost:8000/admin/menu_management/edit-save/33','Memperbaharui data Jasa pada Pengolah Menu','<table class=\"table table-striped\"><thead><tr><th>Key</th><th>Old Value</th><th>New Value</th></thead><tbody><tr><td>type</td><td>Route</td><td>Module</td></tr><tr><td>path</td><td>AdminJasaControllerGetIndex</td><td>jasa</td></tr><tr><td>sorting</td><td>4</td><td></td></tr></tbody></table>',1,'2019-02-14 20:39:20',NULL),(185,'127.0.0.1','Mozilla/5.0 (Windows NT 10.0; Win64; x64) AppleWebKit/537.36 (KHTML, like Gecko) Chrome/71.0.3578.98 Safari/537.36','http://localhost:8000/admin/menu_management/edit-save/32','Memperbaharui data Produk pada Pengolah Menu','<table class=\"table table-striped\"><thead><tr><th>Key</th><th>Old Value</th><th>New Value</th></thead><tbody><tr><td>type</td><td>URL</td><td>Module</td></tr><tr><td>path</td><td>AdminProdukControllerGetIndex</td><td>produk</td></tr><tr><td>sorting</td><td>3</td><td></td></tr></tbody></table>',1,'2019-02-14 20:39:42',NULL),(186,'127.0.0.1','Mozilla/5.0 (Windows NT 10.0; Win64; x64) AppleWebKit/537.36 (KHTML, like Gecko) Chrome/71.0.3578.98 Safari/537.36','http://localhost:8000/admin/project/edit-save/2','Memperbaharui data Pembuatan Aplikasi  Akunting pada Project','<table class=\"table table-striped\"><thead><tr><th>Key</th><th>Old Value</th><th>New Value</th></thead><tbody><tr><td>deleted_at</td><td></td><td></td></tr><tr><td>dkategori_id</td><td>7</td><td>2</td></tr></tbody></table>',1,'2019-02-14 20:48:46',NULL),(187,'127.0.0.1','Mozilla/5.0 (Windows NT 10.0; Win64; x64) AppleWebKit/537.36 (KHTML, like Gecko) Chrome/71.0.3578.98 Safari/537.36','http://localhost:8000/admin/project/edit-save/2','Memperbaharui data Pembuatan Aplikasi  Akunting pada Project','<table class=\"table table-striped\"><thead><tr><th>Key</th><th>Old Value</th><th>New Value</th></thead><tbody><tr><td>deleted_at</td><td></td><td></td></tr><tr><td>dkategori_id</td><td>2</td><td>3</td></tr></tbody></table>',1,'2019-02-14 20:49:02',NULL),(188,'127.0.0.1','Mozilla/5.0 (Windows NT 10.0; Win64; x64) AppleWebKit/537.36 (KHTML, like Gecko) Chrome/71.0.3578.98 Safari/537.36','http://localhost:8000/admin/project/edit-save/1','Memperbaharui data Website pada Project','<table class=\"table table-striped\"><thead><tr><th>Key</th><th>Old Value</th><th>New Value</th></thead><tbody><tr><td>deleted_at</td><td></td><td></td></tr><tr><td>dkategori_id</td><td>7</td><td>3</td></tr></tbody></table>',1,'2019-02-14 20:49:40',NULL),(189,'127.0.0.1','Mozilla/5.0 (Windows NT 10.0; Win64; x64) AppleWebKit/537.36 (KHTML, like Gecko) Chrome/71.0.3578.98 Safari/537.36','http://localhost:8000/admin/menu_management/add-save','Tambah data baru Daftar Pelanggan pada Pengolah Menu','',1,'2019-02-14 20:52:10',NULL),(190,'127.0.0.1','Mozilla/5.0 (Windows NT 10.0; Win64; x64) AppleWebKit/537.36 (KHTML, like Gecko) Chrome/71.0.3578.98 Safari/537.36','http://localhost:8000/admin/menu_management/add-save','Tambah data baru Daftar Perusahaan pada Pengolah Menu','',1,'2019-02-14 20:52:45',NULL),(191,'127.0.0.1','Mozilla/5.0 (Windows NT 10.0; Win64; x64) AppleWebKit/537.36 (KHTML, like Gecko) Chrome/71.0.3578.98 Safari/537.36','http://localhost:8000/admin/menu_management/add-save','Tambah data baru Daftar Supplier pada Pengolah Menu','',1,'2019-02-14 20:53:32',NULL),(192,'127.0.0.1','Mozilla/5.0 (Windows NT 10.0; Win64; x64) AppleWebKit/537.36 (KHTML, like Gecko) Chrome/71.0.3578.98 Safari/537.36','http://localhost:8000/admin/menu_management/add-save','Tambah data baru Daftar Produk pada Pengolah Menu','',1,'2019-02-14 20:54:20',NULL),(193,'127.0.0.1','Mozilla/5.0 (Windows NT 10.0; Win64; x64) AppleWebKit/537.36 (KHTML, like Gecko) Chrome/71.0.3578.98 Safari/537.36','http://localhost:8000/admin/menu_management/add-save','Tambah data baru Daftar Order pada Pengolah Menu','',1,'2019-02-14 20:54:50',NULL),(194,'127.0.0.1','Mozilla/5.0 (Windows NT 10.0; Win64; x64) AppleWebKit/537.36 (KHTML, like Gecko) Chrome/71.0.3578.98 Safari/537.36','http://localhost:8000/admin/menu_management/add-save','Tambah data baru Daftar Jasa pada Pengolah Menu','',1,'2019-02-14 20:55:25',NULL),(195,'127.0.0.1','Mozilla/5.0 (Windows NT 10.0; Win64; x64) AppleWebKit/537.36 (KHTML, like Gecko) Chrome/71.0.3578.98 Safari/537.36','http://localhost:8000/admin/menu_management/add-save','Tambah data baru Team pada Pengolah Menu','',1,'2019-02-14 20:55:50',NULL),(196,'127.0.0.1','Mozilla/5.0 (Windows NT 10.0; Win64; x64) AppleWebKit/537.36 (KHTML, like Gecko) Chrome/71.0.3578.98 Safari/537.36','http://localhost:8000/admin/menu_management/add-save','Tambah data baru Project pada Pengolah Menu','',1,'2019-02-14 20:56:21',NULL),(197,'127.0.0.1','Mozilla/5.0 (Windows NT 10.0; Win64; x64) AppleWebKit/537.36 (KHTML, like Gecko) Chrome/71.0.3578.98 Safari/537.36','http://localhost:8000/admin/menu_management/add-save','Tambah data baru Ticket pada Pengolah Menu','',1,'2019-02-14 20:56:45',NULL),(198,'127.0.0.1','Mozilla/5.0 (Windows NT 10.0; Win64; x64; rv:65.0) Gecko/20100101 Firefox/65.0','http://localhost:8000/admin/logout','member@auroralink.id keluar','',3,'2019-02-14 20:57:00',NULL),(199,'127.0.0.1','Mozilla/5.0 (Windows NT 10.0; Win64; x64; rv:65.0) Gecko/20100101 Firefox/65.0','http://localhost:8000/admin/login','admin@auroralink.id login dengan IP Address 127.0.0.1','',2,'2019-02-14 20:57:10',NULL),(200,'127.0.0.1','Mozilla/5.0 (Windows NT 10.0; Win64; x64) AppleWebKit/537.36 (KHTML, like Gecko) Chrome/71.0.3578.98 Safari/537.36','http://localhost:8000/admin/menu_management/edit-save/42','Memperbaharui data List Project pada Pengolah Menu','<table class=\"table table-striped\"><thead><tr><th>Key</th><th>Old Value</th><th>New Value</th></thead><tbody><tr><td>name</td><td>Project</td><td>List Project</td></tr><tr><td>sorting</td><td></td><td></td></tr></tbody></table>',1,'2019-02-14 20:59:05',NULL),(201,'127.0.0.1','Mozilla/5.0 (Windows NT 10.0; Win64; x64) AppleWebKit/537.36 (KHTML, like Gecko) Chrome/71.0.3578.98 Safari/537.36','http://localhost:8000/admin/menu_management/edit-save/43','Memperbaharui data List Ticket pada Pengolah Menu','<table class=\"table table-striped\"><thead><tr><th>Key</th><th>Old Value</th><th>New Value</th></thead><tbody><tr><td>name</td><td>Ticket</td><td>List Ticket</td></tr><tr><td>sorting</td><td></td><td></td></tr></tbody></table>',1,'2019-02-14 20:59:38',NULL),(202,'127.0.0.1','Mozilla/5.0 (Windows NT 10.0; Win64; x64; rv:65.0) Gecko/20100101 Firefox/65.0','http://localhost:8000/admin/logout','admin@auroralink.id keluar','',2,'2019-02-14 21:02:34',NULL),(203,'127.0.0.1','Mozilla/5.0 (Windows NT 10.0; Win64; x64; rv:65.0) Gecko/20100101 Firefox/65.0','http://localhost:8000/admin/login','member@auroralink.id login dengan IP Address 127.0.0.1','',3,'2019-02-14 21:02:45',NULL),(204,'127.0.0.1','Mozilla/5.0 (Windows NT 10.0; Win64; x64; rv:65.0) Gecko/20100101 Firefox/65.0','http://localhost:8000/admin/order','Mencoba melihat data :name pada Order','',3,'2019-02-14 21:02:48',NULL),(205,'127.0.0.1','Mozilla/5.0 (Windows NT 10.0; Win64; x64; rv:65.0) Gecko/20100101 Firefox/65.0','http://localhost:8000/admin/logout','member@auroralink.id keluar','',3,'2019-02-14 21:03:03',NULL),(206,'127.0.0.1','Mozilla/5.0 (Windows NT 10.0; Win64; x64; rv:65.0) Gecko/20100101 Firefox/65.0','http://localhost:8000/admin/login','admin@auroralink.id login dengan IP Address 127.0.0.1','',2,'2019-02-14 21:03:11',NULL),(207,'127.0.0.1','Mozilla/5.0 (Windows NT 10.0; Win64; x64) AppleWebKit/537.36 (KHTML, like Gecko) Chrome/71.0.3578.98 Safari/537.36','http://localhost:8000/admin/logout','admin@crudbooster.com keluar','',1,'2019-02-14 21:06:44',NULL),(208,'127.0.0.1','Mozilla/5.0 (Windows NT 10.0; Win64; x64) AppleWebKit/537.36 (KHTML, like Gecko) Chrome/71.0.3578.98 Safari/537.36','http://localhost:8000/admin/login','admin@auroralink.id login dengan IP Address 127.0.0.1','',2,'2019-02-14 21:06:52',NULL),(209,'127.0.0.1','Mozilla/5.0 (Windows NT 10.0; Win64; x64) AppleWebKit/537.36 (KHTML, like Gecko) Chrome/71.0.3578.98 Safari/537.36','http://localhost:8000/admin/logout','admin@auroralink.id keluar','',2,'2019-02-14 21:08:58',NULL),(210,'127.0.0.1','Mozilla/5.0 (Windows NT 10.0; Win64; x64) AppleWebKit/537.36 (KHTML, like Gecko) Chrome/71.0.3578.98 Safari/537.36','http://localhost:8000/admin/login','admin@crudbooster.com login dengan IP Address 127.0.0.1','',1,'2019-02-14 21:09:09',NULL),(211,'127.0.0.1','Mozilla/5.0 (Windows NT 10.0; Win64; x64) AppleWebKit/537.36 (KHTML, like Gecko) Chrome/71.0.3578.98 Safari/537.36','http://localhost:8000/admin/menu_management/edit-save/35','Memperbaharui data Daftar Pelanggan pada Pengolah Menu','<table class=\"table table-striped\"><thead><tr><th>Key</th><th>Old Value</th><th>New Value</th></thead><tbody><tr><td>color</td><td>aqua</td><td>normal</td></tr><tr><td>sorting</td><td></td><td></td></tr></tbody></table>',1,'2019-02-14 21:09:40',NULL),(212,'127.0.0.1','Mozilla/5.0 (Windows NT 10.0; Win64; x64) AppleWebKit/537.36 (KHTML, like Gecko) Chrome/71.0.3578.98 Safari/537.36','http://localhost:8000/admin/menu_management/edit-save/36','Memperbaharui data Daftar Perusahaan pada Pengolah Menu','<table class=\"table table-striped\"><thead><tr><th>Key</th><th>Old Value</th><th>New Value</th></thead><tbody><tr><td>sorting</td><td></td><td></td></tr></tbody></table>',1,'2019-02-14 21:09:50',NULL),(213,'127.0.0.1','Mozilla/5.0 (Windows NT 10.0; Win64; x64) AppleWebKit/537.36 (KHTML, like Gecko) Chrome/71.0.3578.98 Safari/537.36','http://localhost:8000/admin/menu_management/delete/35','Menghapus data Daftar Pelanggan pada Pengolah Menu','',1,'2019-02-14 21:11:10',NULL),(214,'127.0.0.1','Mozilla/5.0 (Windows NT 10.0; Win64; x64) AppleWebKit/537.36 (KHTML, like Gecko) Chrome/71.0.3578.98 Safari/537.36','http://localhost:8000/admin/menu_management/delete/36','Menghapus data Daftar Perusahaan pada Pengolah Menu','',1,'2019-02-14 21:11:31',NULL),(215,'127.0.0.1','Mozilla/5.0 (Windows NT 10.0; Win64; x64) AppleWebKit/537.36 (KHTML, like Gecko) Chrome/71.0.3578.98 Safari/537.36','http://localhost:8000/admin/menu_management/delete/37','Menghapus data Daftar Supplier pada Pengolah Menu','',1,'2019-02-14 21:11:50',NULL),(216,'127.0.0.1','Mozilla/5.0 (Windows NT 10.0; Win64; x64) AppleWebKit/537.36 (KHTML, like Gecko) Chrome/71.0.3578.98 Safari/537.36','http://localhost:8000/admin/menu_management/delete/38','Menghapus data Daftar Produk pada Pengolah Menu','',1,'2019-02-14 21:12:09',NULL),(217,'127.0.0.1','Mozilla/5.0 (Windows NT 10.0; Win64; x64) AppleWebKit/537.36 (KHTML, like Gecko) Chrome/71.0.3578.98 Safari/537.36','http://localhost:8000/admin/menu_management/delete/39','Menghapus data Daftar Order pada Pengolah Menu','',1,'2019-02-14 21:12:29',NULL),(218,'127.0.0.1','Mozilla/5.0 (Windows NT 10.0; Win64; x64) AppleWebKit/537.36 (KHTML, like Gecko) Chrome/71.0.3578.98 Safari/537.36','http://localhost:8000/admin/menu_management/delete/40','Menghapus data Daftar Jasa pada Pengolah Menu','',1,'2019-02-14 21:12:48',NULL),(219,'127.0.0.1','Mozilla/5.0 (Windows NT 10.0; Win64; x64) AppleWebKit/537.36 (KHTML, like Gecko) Chrome/71.0.3578.98 Safari/537.36','http://localhost:8000/admin/menu_management/delete/41','Menghapus data Team pada Pengolah Menu','',1,'2019-02-14 21:12:56',NULL),(220,'127.0.0.1','Mozilla/5.0 (Windows NT 10.0; Win64; x64) AppleWebKit/537.36 (KHTML, like Gecko) Chrome/71.0.3578.98 Safari/537.36','http://localhost:8000/admin/menu_management/delete/42','Menghapus data List Project pada Pengolah Menu','',1,'2019-02-14 21:13:10',NULL),(221,'127.0.0.1','Mozilla/5.0 (Windows NT 10.0; Win64; x64) AppleWebKit/537.36 (KHTML, like Gecko) Chrome/71.0.3578.98 Safari/537.36','http://localhost:8000/admin/menu_management/delete/43','Menghapus data List Ticket pada Pengolah Menu','',1,'2019-02-14 21:13:14',NULL),(222,'127.0.0.1','Mozilla/5.0 (Windows NT 10.0; Win64; x64; rv:65.0) Gecko/20100101 Firefox/65.0','http://localhost:8000/admin/logout','admin@auroralink.id keluar','',2,'2019-02-14 21:14:03',NULL),(223,'127.0.0.1','Mozilla/5.0 (Windows NT 10.0; Win64; x64; rv:65.0) Gecko/20100101 Firefox/65.0','http://localhost:8000/admin/login','member@auroralink.id login dengan IP Address 127.0.0.1','',3,'2019-02-14 21:14:13',NULL),(224,'127.0.0.1','Mozilla/5.0 (Windows NT 10.0; Win64; x64; rv:65.0) Gecko/20100101 Firefox/65.0','http://localhost:8000/admin/order','Mencoba melihat data :name pada Order','',3,'2019-02-14 21:14:16',NULL),(225,'127.0.0.1','Mozilla/5.0 (Windows NT 10.0; Win64; x64) AppleWebKit/537.36 (KHTML, like Gecko) Chrome/71.0.3578.98 Safari/537.36','http://localhost:8000/admin/login','admin@crudbooster.com login dengan IP Address 127.0.0.1','',1,'2019-02-15 00:03:09',NULL),(226,'127.0.0.1','Mozilla/5.0 (Windows NT 10.0; Win64; x64; rv:65.0) Gecko/20100101 Firefox/65.0','http://localhost:8000/admin/login','member@auroralink.id login dengan IP Address 127.0.0.1','',3,'2019-02-15 00:08:39',NULL),(227,'127.0.0.1','Mozilla/5.0 (Windows NT 10.0; Win64; x64; rv:65.0) Gecko/20100101 Firefox/65.0','http://localhost:8000/admin/order','Mencoba melihat data :name pada Order','',3,'2019-02-15 00:08:48',NULL),(228,'127.0.0.1','Mozilla/5.0 (Windows NT 10.0; Win64; x64; rv:65.0) Gecko/20100101 Firefox/65.0','http://localhost:8000/admin/order','Mencoba melihat data :name pada Order','',3,'2019-02-15 00:08:55',NULL),(229,'127.0.0.1','Mozilla/5.0 (Windows NT 10.0; Win64; x64; rv:65.0) Gecko/20100101 Firefox/65.0','http://localhost:8000/admin/order','Mencoba melihat data :name pada Order','',3,'2019-02-15 00:09:18',NULL),(230,'127.0.0.1','Mozilla/5.0 (Windows NT 10.0; Win64; x64; rv:65.0) Gecko/20100101 Firefox/65.0','http://localhost:8000/admin/order','Mencoba melihat data :name pada Order','',3,'2019-02-15 00:10:20',NULL),(231,'127.0.0.1','Mozilla/5.0 (Windows NT 10.0; Win64; x64; rv:65.0) Gecko/20100101 Firefox/65.0','http://localhost:8000/admin/order','Mencoba melihat data :name pada Order','',3,'2019-02-15 00:10:25',NULL),(232,'127.0.0.1','Mozilla/5.0 (Windows NT 10.0; Win64; x64; rv:65.0) Gecko/20100101 Firefox/65.0','http://localhost:8000/admin/order','Mencoba melihat data :name pada Order','',3,'2019-02-15 00:11:09',NULL),(233,'127.0.0.1','Mozilla/5.0 (Windows NT 10.0; Win64; x64; rv:65.0) Gecko/20100101 Firefox/65.0','http://localhost:8000/admin/order','Mencoba melihat data :name pada Order','',3,'2019-02-15 00:11:30',NULL),(234,'127.0.0.1','Mozilla/5.0 (Windows NT 10.0; Win64; x64; rv:65.0) Gecko/20100101 Firefox/65.0','http://localhost:8000/admin/order','Mencoba melihat data :name pada Order','',3,'2019-02-15 00:11:38',NULL),(235,'127.0.0.1','Mozilla/5.0 (Windows NT 10.0; Win64; x64; rv:65.0) Gecko/20100101 Firefox/65.0','http://localhost:8000/admin/order','Mencoba melihat data :name pada Order','',3,'2019-02-15 00:12:15',NULL),(236,'127.0.0.1','Mozilla/5.0 (Windows NT 10.0; Win64; x64; rv:65.0) Gecko/20100101 Firefox/65.0','http://localhost:8000/admin/order','Mencoba melihat data :name pada Order','',3,'2019-02-15 00:13:27',NULL),(237,'127.0.0.1','Mozilla/5.0 (Windows NT 10.0; Win64; x64; rv:65.0) Gecko/20100101 Firefox/65.0','http://localhost:8000/admin/order','Mencoba melihat data :name pada Order','',3,'2019-02-15 00:14:17',NULL),(238,'127.0.0.1','Mozilla/5.0 (Windows NT 10.0; Win64; x64; rv:65.0) Gecko/20100101 Firefox/65.0','http://localhost:8000/admin/order','Mencoba melihat data :name pada Order','',3,'2019-02-15 00:14:30',NULL),(239,'127.0.0.1','Mozilla/5.0 (Windows NT 10.0; Win64; x64; rv:65.0) Gecko/20100101 Firefox/65.0','http://localhost:8000/admin/order','Mencoba melihat data :name pada Order','',3,'2019-02-15 00:15:04',NULL),(240,'127.0.0.1','Mozilla/5.0 (Windows NT 10.0; Win64; x64; rv:65.0) Gecko/20100101 Firefox/65.0','http://localhost:8000/admin/order','Mencoba melihat data :name pada Order','',3,'2019-02-15 00:18:17',NULL),(241,'127.0.0.1','Mozilla/5.0 (Windows NT 10.0; Win64; x64; rv:65.0) Gecko/20100101 Firefox/65.0','http://localhost:8000/admin/order','Mencoba melihat data :name pada Order','',3,'2019-02-15 00:18:41',NULL),(242,'127.0.0.1','Mozilla/5.0 (Windows NT 10.0; Win64; x64; rv:65.0) Gecko/20100101 Firefox/65.0','http://localhost:8000/admin/order/add-save','Tambah data baru  pada Order','',3,'2019-02-15 00:21:51',NULL),(243,'127.0.0.1','Mozilla/5.0 (Windows NT 10.0; Win64; x64) AppleWebKit/537.36 (KHTML, like Gecko) Chrome/71.0.3578.98 Safari/537.36','http://localhost:8000/admin/order/add-save','Tambah data baru  pada Order','',1,'2019-02-15 00:39:46',NULL),(244,'127.0.0.1','Mozilla/5.0 (Windows NT 10.0; Win64; x64) AppleWebKit/537.36 (KHTML, like Gecko) Chrome/71.0.3578.98 Safari/537.36','http://localhost:8000/admin/order/add-save','Tambah data baru  pada Order','',1,'2019-02-15 00:44:54',NULL),(245,'127.0.0.1','Mozilla/5.0 (Windows NT 10.0; Win64; x64) AppleWebKit/537.36 (KHTML, like Gecko) Chrome/71.0.3578.98 Safari/537.36','http://localhost:8000/admin/order/action-selected','Menghapus data 13,12,11,10,9,8,7,6,5,4,3,2,1 pada Order','',1,'2019-02-15 01:25:54',NULL),(246,'127.0.0.1','Mozilla/5.0 (Windows NT 10.0; Win64; x64; rv:65.0) Gecko/20100101 Firefox/65.0','http://localhost:8000/admin/order/add-save','Tambah data baru  pada Order','',3,'2019-02-15 01:30:16',NULL),(247,'127.0.0.1','Mozilla/5.0 (Windows NT 10.0; Win64; x64) AppleWebKit/537.36 (KHTML, like Gecko) Chrome/71.0.3578.98 Safari/537.36','http://localhost:8000/admin/users/add-save','Tambah data baru hendra pada Manajemen Pengguna','',1,'2019-02-15 01:32:43',NULL),(248,'127.0.0.1','Mozilla/5.0 (Windows NT 10.0; Win64; x64; rv:65.0) Gecko/20100101 Firefox/65.0','http://localhost:8000/admin/logout','member@auroralink.id keluar','',3,'2019-02-15 01:33:03',NULL),(249,'127.0.0.1','Mozilla/5.0 (Windows NT 10.0; Win64; x64; rv:65.0) Gecko/20100101 Firefox/65.0','http://localhost:8000/admin/login','member1@gmail.com login dengan IP Address 127.0.0.1','',4,'2019-02-15 01:33:41',NULL),(250,'127.0.0.1','Mozilla/5.0 (Windows NT 10.0; Win64; x64; rv:65.0) Gecko/20100101 Firefox/65.0','http://localhost:8000/admin/order/add-save','Tambah data baru  pada Order','',4,'2019-02-15 01:34:01',NULL),(251,'127.0.0.1','Mozilla/5.0 (Windows NT 10.0; Win64; x64; rv:65.0) Gecko/20100101 Firefox/65.0','http://localhost:8000/admin/users/edit-save/4','Memperbaharui data hendra pada Manajemen Pengguna','<table class=\"table table-striped\"><thead><tr><th>Key</th><th>Old Value</th><th>New Value</th></thead><tbody><tr><td>email</td><td>member1@gmail.com</td><td>aurora.an98@gmail.com</td></tr><tr><td>password</td><td>$2y$10$khUveUAS8Bq17VfdxL8s1e0r5JW.ZgsSFHhNUNdezzGattSByNhPW</td><td></td></tr><tr><td>id_cms_privileges</td><td>3</td><td></td></tr><tr><td>status</td><td></td><td></td></tr></tbody></table>',4,'2019-02-15 01:41:10',NULL),(252,'127.0.0.1','Mozilla/5.0 (Windows NT 10.0; Win64; x64; rv:65.0) Gecko/20100101 Firefox/65.0','http://localhost:8000/admin/order/add-save','Tambah data baru  pada Order','',4,'2019-02-15 01:57:31',NULL),(253,'127.0.0.1','Mozilla/5.0 (Windows NT 10.0; Win64; x64; rv:65.0) Gecko/20100101 Firefox/65.0','http://localhost:8000/admin/logout','aurora.an98@gmail.com keluar','',4,'2019-02-15 01:59:28',NULL),(254,'127.0.0.1','Mozilla/5.0 (Windows NT 10.0; Win64; x64; rv:65.0) Gecko/20100101 Firefox/65.0','http://localhost:8000/admin/login','member@auroralink.id login dengan IP Address 127.0.0.1','',3,'2019-02-15 01:59:42',NULL),(255,'127.0.0.1','Mozilla/5.0 (Windows NT 10.0; Win64; x64; rv:65.0) Gecko/20100101 Firefox/65.0','http://localhost:8000/admin/order/add-save','Tambah data baru  pada Order','',3,'2019-02-15 02:00:04',NULL),(256,'127.0.0.1','Mozilla/5.0 (Windows NT 10.0; Win64; x64; rv:65.0) Gecko/20100101 Firefox/65.0','http://localhost:8000/admin/logout','member@auroralink.id keluar','',3,'2019-02-15 02:03:26',NULL),(257,'127.0.0.1','Mozilla/5.0 (Windows NT 10.0; Win64; x64; rv:65.0) Gecko/20100101 Firefox/65.0','http://localhost:8000/admin/login','aurora.an98@gmail.com login dengan IP Address 127.0.0.1','',4,'2019-02-15 02:04:41',NULL),(258,'127.0.0.1','Mozilla/5.0 (Windows NT 10.0; Win64; x64) AppleWebKit/537.36 (KHTML, like Gecko) Chrome/71.0.3578.98 Safari/537.36','http://localhost:8000/admin/order/delete/15','Menghapus data 15 pada Order','',1,'2019-02-15 02:08:37',NULL),(259,'127.0.0.1','Mozilla/5.0 (Windows NT 10.0; Win64; x64) AppleWebKit/537.36 (KHTML, like Gecko) Chrome/71.0.3578.98 Safari/537.36','http://localhost:8000/admin/order/delete/14','Menghapus data 14 pada Order','',1,'2019-02-15 02:08:42',NULL),(260,'127.0.0.1','Mozilla/5.0 (Windows NT 10.0; Win64; x64; rv:65.0) Gecko/20100101 Firefox/65.0','http://localhost:8000/admin/order/add-save','Tambah data baru  pada Order','',4,'2019-02-15 02:27:42',NULL),(261,'127.0.0.1','Mozilla/5.0 (Windows NT 10.0; Win64; x64; rv:65.0) Gecko/20100101 Firefox/65.0','http://localhost:8000/admin/logout','aurora.an98@gmail.com keluar','',4,'2019-02-15 02:28:22',NULL),(262,'127.0.0.1','Mozilla/5.0 (Windows NT 10.0; Win64; x64; rv:65.0) Gecko/20100101 Firefox/65.0','http://localhost:8000/admin/login','member@auroralink.id login dengan IP Address 127.0.0.1','',3,'2019-02-15 02:28:36',NULL),(263,'127.0.0.1','Mozilla/5.0 (Windows NT 10.0; Win64; x64; rv:65.0) Gecko/20100101 Firefox/65.0','http://localhost:8000/admin/order/add-save','Tambah data baru  pada Order','',3,'2019-02-15 02:28:53',NULL),(264,'127.0.0.1','Mozilla/5.0 (Windows NT 10.0; Win64; x64; rv:65.0) Gecko/20100101 Firefox/65.0','http://localhost:8000/admin/order/add-save','Tambah data baru  pada Order','',3,'2019-02-15 02:29:31',NULL),(265,'127.0.0.1','Mozilla/5.0 (Windows NT 10.0; Win64; x64; rv:65.0) Gecko/20100101 Firefox/65.0','http://localhost:8000/admin/order/add-save','Tambah data baru  pada Order','',3,'2019-02-15 02:35:29',NULL),(266,'127.0.0.1','Mozilla/5.0 (Windows NT 10.0; Win64; x64) AppleWebKit/537.36 (KHTML, like Gecko) Chrome/71.0.3578.98 Safari/537.36','http://localhost:8000/admin/order/delete/20','Menghapus data 20 pada Order','',1,'2019-02-15 02:37:18',NULL),(267,'127.0.0.1','Mozilla/5.0 (Windows NT 10.0; Win64; x64) AppleWebKit/537.36 (KHTML, like Gecko) Chrome/71.0.3578.98 Safari/537.36','http://localhost:8000/admin/order/delete/19','Menghapus data 19 pada Order','',1,'2019-02-15 02:37:22',NULL),(268,'127.0.0.1','Mozilla/5.0 (Windows NT 10.0; Win64; x64; rv:65.0) Gecko/20100101 Firefox/65.0','http://localhost:8000/admin/login','aurora.an98@gmail.com login dengan IP Address 127.0.0.1','',4,'2019-02-15 04:56:15',NULL),(269,'127.0.0.1','Mozilla/5.0 (Windows NT 10.0; Win64; x64; rv:65.0) Gecko/20100101 Firefox/65.0','http://localhost:8000/admin/logout','aurora.an98@gmail.com keluar','',4,'2019-02-15 05:59:22',NULL),(270,'127.0.0.1','Mozilla/5.0 (Windows NT 10.0; Win64; x64; rv:65.0) Gecko/20100101 Firefox/65.0','http://localhost:8000/admin/login','member@auroralink.id login dengan IP Address 127.0.0.1','',3,'2019-02-15 05:59:33',NULL),(271,'127.0.0.1','Mozilla/5.0 (Windows NT 10.0; Win64; x64; rv:65.0) Gecko/20100101 Firefox/65.0','http://localhost:8000/admin/ticket/add-save','Tambah data baru Komputer saya ngeblank pada Ticket','',3,'2019-02-15 06:17:00',NULL),(272,'127.0.0.1','Mozilla/5.0 (Windows NT 10.0; Win64; x64; rv:65.0) Gecko/20100101 Firefox/65.0','http://localhost:8000/admin/order/add-save','Tambah data baru  pada Order','',3,'2019-02-15 06:23:03',NULL),(273,'127.0.0.1','Mozilla/5.0 (Windows NT 10.0; Win64; x64; rv:65.0) Gecko/20100101 Firefox/65.0','http://localhost:8000/admin/order/add-save','Tambah data baru  pada Order','',3,'2019-02-15 06:23:42',NULL),(274,'127.0.0.1','Mozilla/5.0 (Windows NT 10.0; Win64; x64) AppleWebKit/537.36 (KHTML, like Gecko) Chrome/71.0.3578.98 Safari/537.36','http://localhost:8000/admin/order/delete/21','Menghapus data 21 pada Order','',1,'2019-02-15 06:27:38',NULL),(275,'127.0.0.1','Mozilla/5.0 (Windows NT 10.0; Win64; x64) AppleWebKit/537.36 (KHTML, like Gecko) Chrome/71.0.3578.98 Safari/537.36','http://localhost:8000/admin/order/delete/17','Menghapus data 17 pada Order','',1,'2019-02-15 06:27:44',NULL),(276,'127.0.0.1','Mozilla/5.0 (Windows NT 10.0; Win64; x64) AppleWebKit/537.36 (KHTML, like Gecko) Chrome/71.0.3578.98 Safari/537.36','http://localhost:8000/admin/ticket/delete/6','Menghapus data Komputer saya ngeblank pada Ticket','',1,'2019-02-15 06:29:06',NULL),(277,'127.0.0.1','Mozilla/5.0 (Windows NT 10.0; Win64; x64) AppleWebKit/537.36 (KHTML, like Gecko) Chrome/71.0.3578.98 Safari/537.36','http://localhost:8000/admin/order/delete/23','Menghapus data 23 pada Order','',1,'2019-02-15 06:34:19',NULL),(278,'127.0.0.1','Mozilla/5.0 (Windows NT 10.0; Win64; x64) AppleWebKit/537.36 (KHTML, like Gecko) Chrome/71.0.3578.98 Safari/537.36','http://localhost:8000/admin/order/action-selected','Menghapus data 22,18,16 pada Order','',1,'2019-02-15 06:34:26',NULL),(279,'127.0.0.1','Mozilla/5.0 (Windows NT 10.0; Win64; x64) AppleWebKit/537.36 (KHTML, like Gecko) Chrome/71.0.3578.98 Safari/537.36','http://localhost:8000/admin/ticket/action-selected','Menghapus data 5,4,3,2,1 pada Ticket','',1,'2019-02-15 06:34:55',NULL),(280,'127.0.0.1','Mozilla/5.0 (Windows NT 10.0; Win64; x64; rv:65.0) Gecko/20100101 Firefox/65.0','http://localhost:8000/admin/ticket/add-save','Tambah data baru Komputer saya ngeblank ga konke interner pada Ticket','',3,'2019-02-15 06:39:01',NULL),(281,'127.0.0.1','Mozilla/5.0 (Windows NT 10.0; Win64; x64; rv:65.0) Gecko/20100101 Firefox/65.0','http://localhost:8000/admin/order/add-save','Tambah data baru  pada Order','',3,'2019-02-15 06:39:43',NULL),(282,'127.0.0.1','Mozilla/5.0 (Windows NT 10.0; Win64; x64; rv:65.0) Gecko/20100101 Firefox/65.0','http://localhost:8000/admin/logout','member@auroralink.id keluar','',3,'2019-02-15 06:40:11',NULL),(283,'127.0.0.1','Mozilla/5.0 (Windows NT 10.0; Win64; x64; rv:65.0) Gecko/20100101 Firefox/65.0','http://localhost:8000/admin/login','aurora.an98@gmail.com login dengan IP Address 127.0.0.1','',4,'2019-02-15 06:40:23',NULL),(284,'127.0.0.1','Mozilla/5.0 (Windows NT 10.0; Win64; x64; rv:65.0) Gecko/20100101 Firefox/65.0','http://localhost:8000/admin/order/add-save','Tambah data baru  pada Order','',4,'2019-02-15 06:42:10',NULL),(285,'127.0.0.1','Mozilla/5.0 (Windows NT 10.0; Win64; x64; rv:65.0) Gecko/20100101 Firefox/65.0','http://localhost:8000/admin/ticket/add-save','Tambah data baru Komputer saya ngeblank pada Ticket','',4,'2019-02-15 06:42:37',NULL),(286,'127.0.0.1','Mozilla/5.0 (Windows NT 10.0; Win64; x64; rv:65.0) Gecko/20100101 Firefox/65.0','http://localhost:8000/admin/perusahaan/add-save','Tambah data baru PT DASA pada Perusahaan','',4,'2019-02-15 06:48:54',NULL),(287,'127.0.0.1','Mozilla/5.0 (Windows NT 10.0; Win64; x64; rv:65.0) Gecko/20100101 Firefox/65.0','http://localhost:8000/admin/logout','aurora.an98@gmail.com keluar','',4,'2019-02-15 06:49:14',NULL),(288,'127.0.0.1','Mozilla/5.0 (Windows NT 10.0; Win64; x64; rv:65.0) Gecko/20100101 Firefox/65.0','http://localhost:8000/admin/login','member@auroralink.id login dengan IP Address 127.0.0.1','',3,'2019-02-15 06:49:29',NULL),(289,'127.0.0.1','Mozilla/5.0 (Windows NT 10.0; Win64; x64; rv:65.0) Gecko/20100101 Firefox/65.0','http://localhost:8000/admin/perusahaan/add-save','Tambah data baru PT Martil pada Perusahaan','',3,'2019-02-15 06:50:55',NULL),(290,'127.0.0.1','Mozilla/5.0 (Windows NT 10.0; Win64; x64) AppleWebKit/537.36 (KHTML, like Gecko) Chrome/71.0.3578.98 Safari/537.36','http://localhost:8000/admin/menu_management/add-save','Tambah data baru Pelanggan pada Pengolah Menu','',1,'2019-02-15 06:53:01',NULL),(291,'127.0.0.1','Mozilla/5.0 (Windows NT 10.0; Win64; x64) AppleWebKit/537.36 (KHTML, like Gecko) Chrome/71.0.3578.98 Safari/537.36','http://localhost:8000/admin/menu_management/add-save','Tambah data baru Perusahaan pada Pengolah Menu','',1,'2019-02-15 06:53:26',NULL),(292,'127.0.0.1','Mozilla/5.0 (Windows NT 10.0; Win64; x64; rv:65.0) Gecko/20100101 Firefox/65.0','http://localhost:8000/admin/logout','member@auroralink.id keluar','',3,'2019-02-15 06:53:39',NULL),(293,'127.0.0.1','Mozilla/5.0 (Windows NT 10.0; Win64; x64; rv:65.0) Gecko/20100101 Firefox/65.0','http://localhost:8000/admin/login','admin@auroralink.id login dengan IP Address 127.0.0.1','',2,'2019-02-15 06:53:48',NULL),(294,'127.0.0.1','Mozilla/5.0 (Windows NT 10.0; Win64; x64) AppleWebKit/537.36 (KHTML, like Gecko) Chrome/71.0.3578.98 Safari/537.36','http://localhost:8000/admin/menu_management/delete/36','Menghapus data Perusahaan pada Pengolah Menu','',1,'2019-02-15 06:56:05',NULL),(295,'127.0.0.1','Mozilla/5.0 (Windows NT 10.0; Win64; x64) AppleWebKit/537.36 (KHTML, like Gecko) Chrome/71.0.3578.98 Safari/537.36','http://localhost:8000/admin/menu_management/add-save','Tambah data baru Daftar Perusahaan pada Pengolah Menu','',1,'2019-02-15 06:56:32',NULL),(296,'127.0.0.1','Mozilla/5.0 (Windows NT 10.0; Win64; x64) AppleWebKit/537.36 (KHTML, like Gecko) Chrome/71.0.3578.98 Safari/537.36','http://localhost:8000/admin/menu_management/delete/35','Menghapus data Pelanggan pada Pengolah Menu','',1,'2019-02-15 06:58:36',NULL),(297,'127.0.0.1','Mozilla/5.0 (Windows NT 10.0; Win64; x64) AppleWebKit/537.36 (KHTML, like Gecko) Chrome/71.0.3578.98 Safari/537.36','http://localhost:8000/admin/menu_management/delete/35','Menghapus data  pada Pengolah Menu','',1,'2019-02-15 06:58:36',NULL),(298,'127.0.0.1','Mozilla/5.0 (Windows NT 10.0; Win64; x64) AppleWebKit/537.36 (KHTML, like Gecko) Chrome/71.0.3578.98 Safari/537.36','http://localhost:8000/admin/menu_management/delete/37','Menghapus data Daftar Perusahaan pada Pengolah Menu','',1,'2019-02-15 06:58:42',NULL),(299,'127.0.0.1','Mozilla/5.0 (Windows NT 10.0; Win64; x64; rv:65.0) Gecko/20100101 Firefox/65.0','http://localhost:8000/admin/logout','admin@auroralink.id keluar','',2,'2019-02-15 06:58:51',NULL),(300,'127.0.0.1','Mozilla/5.0 (Windows NT 10.0; Win64; x64; rv:65.0) Gecko/20100101 Firefox/65.0','http://localhost:8000/admin/login','admin@auroralink.id login dengan IP Address 127.0.0.1','',2,'2019-02-15 06:59:01',NULL),(301,'127.0.0.1','Mozilla/5.0 (Windows NT 10.0; Win64; x64) AppleWebKit/537.36 (KHTML, like Gecko) Chrome/71.0.3578.98 Safari/537.36','http://localhost:8000/admin/menu_management/add-save','Tambah data baru Daftar Perusahaan pada Pengolah Menu','',1,'2019-02-15 06:59:36',NULL),(302,'127.0.0.1','Mozilla/5.0 (Windows NT 10.0; Win64; x64) AppleWebKit/537.36 (KHTML, like Gecko) Chrome/71.0.3578.98 Safari/537.36','http://localhost:8000/admin/menu_management/add-save','Tambah data baru Pelanggan pada Pengolah Menu','',1,'2019-02-15 07:00:47',NULL),(303,'127.0.0.1','Mozilla/5.0 (Windows NT 10.0; Win64; x64) AppleWebKit/537.36 (KHTML, like Gecko) Chrome/71.0.3578.98 Safari/537.36','http://localhost:8000/admin/menu_management/add-save','Tambah data baru Supplier pada Pengolah Menu','',1,'2019-02-15 07:01:21',NULL),(304,'127.0.0.1','Mozilla/5.0 (Windows NT 10.0; Win64; x64) AppleWebKit/537.36 (KHTML, like Gecko) Chrome/71.0.3578.98 Safari/537.36','http://localhost:8000/admin/menu_management/add-save','Tambah data baru Produk pada Pengolah Menu','',1,'2019-02-15 07:02:13',NULL),(305,'127.0.0.1','Mozilla/5.0 (Windows NT 10.0; Win64; x64) AppleWebKit/537.36 (KHTML, like Gecko) Chrome/71.0.3578.98 Safari/537.36','http://localhost:8000/admin/menu_management/add-save','Tambah data baru Order pada Pengolah Menu','',1,'2019-02-15 07:02:41',NULL),(306,'127.0.0.1','Mozilla/5.0 (Windows NT 10.0; Win64; x64) AppleWebKit/537.36 (KHTML, like Gecko) Chrome/71.0.3578.98 Safari/537.36','http://localhost:8000/admin/menu_management/add-save','Tambah data baru Stock pada Pengolah Menu','',1,'2019-02-15 07:03:26',NULL),(307,'127.0.0.1','Mozilla/5.0 (Windows NT 10.0; Win64; x64) AppleWebKit/537.36 (KHTML, like Gecko) Chrome/71.0.3578.98 Safari/537.36','http://localhost:8000/admin/menu_management/add-save','Tambah data baru Jasa pada Pengolah Menu','',1,'2019-02-15 07:04:25',NULL),(308,'127.0.0.1','Mozilla/5.0 (Windows NT 10.0; Win64; x64) AppleWebKit/537.36 (KHTML, like Gecko) Chrome/71.0.3578.98 Safari/537.36','http://localhost:8000/admin/menu_management/add-save','Tambah data baru Team pada Pengolah Menu','',1,'2019-02-15 07:04:57',NULL),(309,'127.0.0.1','Mozilla/5.0 (Windows NT 10.0; Win64; x64) AppleWebKit/537.36 (KHTML, like Gecko) Chrome/71.0.3578.98 Safari/537.36','http://localhost:8000/admin/menu_management/add-save','Tambah data baru Project pada Pengolah Menu','',1,'2019-02-15 07:05:42',NULL),(310,'127.0.0.1','Mozilla/5.0 (Windows NT 10.0; Win64; x64) AppleWebKit/537.36 (KHTML, like Gecko) Chrome/71.0.3578.98 Safari/537.36','http://localhost:8000/admin/menu_management/add-save','Tambah data baru Ticket pada Pengolah Menu','',1,'2019-02-15 07:06:14',NULL),(311,'127.0.0.1','Mozilla/5.0 (Windows NT 10.0; Win64; x64; rv:65.0) Gecko/20100101 Firefox/65.0','http://localhost:8000/admin/logout','admin@auroralink.id keluar','',2,'2019-02-15 07:06:54',NULL),(312,'127.0.0.1','Mozilla/5.0 (Windows NT 10.0; Win64; x64; rv:65.0) Gecko/20100101 Firefox/65.0','http://localhost:8000/admin/login','aurora.an98@gmail.com login dengan IP Address 127.0.0.1','',4,'2019-02-15 07:07:06',NULL),(313,'127.0.0.1','Mozilla/5.0 (Windows NT 10.0; Win64; x64) AppleWebKit/537.36 (KHTML, like Gecko) Chrome/72.0.3626.109 Safari/537.36','http://localhost:8000/admin/login','admin@crudbooster.com login dengan IP Address 127.0.0.1','',1,'2019-02-16 04:27:30',NULL),(314,'127.0.0.1','Mozilla/5.0 (Windows NT 10.0; Win64; x64) AppleWebKit/537.36 (KHTML, like Gecko) Chrome/72.0.3626.109 Safari/537.36','http://localhost:8000/admin/pelanggan/add-save','Tambah data baru  pada Pelanggan','',1,'2019-02-16 07:26:49',NULL),(315,'127.0.0.1','Mozilla/5.0 (Windows NT 10.0; Win64; x64; rv:65.0) Gecko/20100101 Firefox/65.0','http://localhost:8000/admin/login','member@auroralink.id login dengan IP Address 127.0.0.1','',3,'2019-02-16 07:31:57',NULL),(316,'127.0.0.1','Mozilla/5.0 (Windows NT 10.0; Win64; x64) AppleWebKit/537.36 (KHTML, like Gecko) Chrome/72.0.3626.109 Safari/537.36','http://localhost:8000/admin/pelanggan/add-save','Tambah data baru  pada Pelanggan','',1,'2019-02-16 07:42:41',NULL),(317,'127.0.0.1','Mozilla/5.0 (Windows NT 10.0; Win64; x64) AppleWebKit/537.36 (KHTML, like Gecko) Chrome/72.0.3626.109 Safari/537.36','http://localhost:8000/admin/pelanggan/delete/4','Menghapus data  pada Pelanggan','',1,'2019-02-16 07:42:51',NULL),(318,'127.0.0.1','Mozilla/5.0 (Windows NT 10.0; Win64; x64) AppleWebKit/537.36 (KHTML, like Gecko) Chrome/72.0.3626.109 Safari/537.36','http://localhost:8000/admin/module_generator/delete/15','Menghapus data Pelanggan pada Pembangun Modul','',1,'2019-02-16 07:45:31',NULL),(319,'127.0.0.1','Mozilla/5.0 (Windows NT 10.0; Win64; x64) AppleWebKit/537.36 (KHTML, like Gecko) Chrome/72.0.3626.109 Safari/537.36','http://localhost:8000/admin/jasa/add','Mencoba menambah data Jasa','',1,'2019-02-16 08:05:57',NULL),(320,'127.0.0.1','Mozilla/5.0 (Windows NT 10.0; Win64; x64) AppleWebKit/537.36 (KHTML, like Gecko) Chrome/72.0.3626.109 Safari/537.36','http://localhost:8000/admin/jasa/add','Mencoba menambah data Jasa','',1,'2019-02-16 08:06:30',NULL),(321,'127.0.0.1','Mozilla/5.0 (Windows NT 10.0; Win64; x64; rv:65.0) Gecko/20100101 Firefox/65.0','http://localhost:8000/admin/jasa/add','Mencoba menambah data Jasa','',3,'2019-02-16 08:06:39',NULL),(322,'127.0.0.1','Mozilla/5.0 (Windows NT 10.0; Win64; x64) AppleWebKit/537.36 (KHTML, like Gecko) Chrome/72.0.3626.109 Safari/537.36','http://localhost:8000/admin/menu_management/edit-save/47','Memperbaharui data Ticket Support pada Pengolah Menu','<table class=\"table table-striped\"><thead><tr><th>Key</th><th>Old Value</th><th>New Value</th></thead><tbody><tr><td>name</td><td>Ticket</td><td>Ticket Support</td></tr><tr><td>sorting</td><td>10</td><td></td></tr></tbody></table>',1,'2019-02-16 08:15:13',NULL),(323,'127.0.0.1','Mozilla/5.0 (Windows NT 10.0; Win64; x64) AppleWebKit/537.36 (KHTML, like Gecko) Chrome/72.0.3626.109 Safari/537.36','http://localhost:8000/admin/menu_management/edit-save/31','Memperbaharui data Ticket  Support pada Pengolah Menu','<table class=\"table table-striped\"><thead><tr><th>Key</th><th>Old Value</th><th>New Value</th></thead><tbody><tr><td>name</td><td>Ticket</td><td>Ticket  Support</td></tr><tr><td>sorting</td><td>15</td><td></td></tr></tbody></table>',1,'2019-02-16 08:15:59',NULL),(324,'127.0.0.1','Mozilla/5.0 (Windows NT 10.0; Win64; x64; rv:65.0) Gecko/20100101 Firefox/65.0','http://localhost:8000/admin/ticket/add-save','Tambah data baru Laptop saya butuh antivirus pada Ticket','',3,'2019-02-16 08:16:53',NULL),(325,'127.0.0.1','Mozilla/5.0 (Windows NT 10.0; Win64; x64; rv:65.0) Gecko/20100101 Firefox/65.0','http://localhost:8000/admin/ticket/add-save','Tambah data baru Laptop saya butuh antivirus avasr pada Ticket','',3,'2019-02-16 08:20:37',NULL),(326,'127.0.0.1','Mozilla/5.0 (Windows NT 10.0; Win64; x64; rv:65.0) Gecko/20100101 Firefox/65.0','http://localhost:8000/admin/order/add-save','Tambah data baru  pada Order','',3,'2019-02-16 08:22:45',NULL),(327,'127.0.0.1','Mozilla/5.0 (Windows NT 10.0; Win64; x64; rv:65.0) Gecko/20100101 Firefox/65.0','http://localhost:8000/admin/order/add-save','Tambah data baru  pada Order','',3,'2019-02-16 08:36:07',NULL),(328,'127.0.0.1','Mozilla/5.0 (Windows NT 10.0; Win64; x64) AppleWebKit/537.36 (KHTML, like Gecko) Chrome/72.0.3626.109 Safari/537.36','http://localhost:8000/admin/login','admin@crudbooster.com login dengan IP Address 127.0.0.1','',1,'2019-02-16 16:31:08',NULL),(329,'127.0.0.1','Mozilla/5.0 (Windows NT 10.0; Win64; x64) AppleWebKit/537.36 (KHTML, like Gecko) Chrome/72.0.3626.109 Safari/537.36','http://localhost:8000/admin/produk/add','Mencoba menambah data Produk','',1,'2019-02-16 16:32:00',NULL),(330,'127.0.0.1','Mozilla/5.0 (Windows NT 10.0; Win64; x64; rv:65.0) Gecko/20100101 Firefox/65.0','http://localhost:8000/admin/login','admin@crudbooster.com login dengan IP Address 127.0.0.1','',1,'2019-02-16 16:34:23',NULL),(331,'127.0.0.1','Mozilla/5.0 (Windows NT 10.0; Win64; x64; rv:65.0) Gecko/20100101 Firefox/65.0','http://localhost:8000/admin/logout','admin@crudbooster.com keluar','',1,'2019-02-16 16:35:19',NULL),(332,'127.0.0.1','Mozilla/5.0 (Windows NT 10.0; Win64; x64; rv:65.0) Gecko/20100101 Firefox/65.0','http://localhost:8000/admin/login','aurora.an98@gmail.com login dengan IP Address 127.0.0.1','',4,'2019-02-16 16:35:31',NULL),(333,'127.0.0.1','Mozilla/5.0 (Windows NT 10.0; Win64; x64) AppleWebKit/537.36 (KHTML, like Gecko) Chrome/72.0.3626.109 Safari/537.36','http://localhost:8000/admin/menu_management/edit-save/24','Memperbaharui data Perusahaan pada Pengolah Menu','<table class=\"table table-striped\"><thead><tr><th>Key</th><th>Old Value</th><th>New Value</th></thead><tbody><tr><td>type</td><td>Module</td><td>URL</td></tr><tr><td>path</td><td>perusahaan</td><td>CRUDBooster::mainpath(\'perusahaan/[id]\')</td></tr><tr><td>sorting</td><td>11</td><td></td></tr></tbody></table>',1,'2019-02-16 16:41:01',NULL),(334,'127.0.0.1','Mozilla/5.0 (Windows NT 10.0; Win64; x64) AppleWebKit/537.36 (KHTML, like Gecko) Chrome/72.0.3626.109 Safari/537.36','http://localhost:8000/admin/menu_management/edit-save/24','Memperbaharui data Perusahaan pada Pengolah Menu','<table class=\"table table-striped\"><thead><tr><th>Key</th><th>Old Value</th><th>New Value</th></thead><tbody><tr><td>path</td><td>CRUDBooster::mainpath(\'perusahaan/[id]\')</td><td>CRUDBooster::mainpath</td></tr><tr><td>sorting</td><td>11</td><td></td></tr></tbody></table>',1,'2019-02-16 16:41:55',NULL),(335,'127.0.0.1','Mozilla/5.0 (Windows NT 10.0; Win64; x64) AppleWebKit/537.36 (KHTML, like Gecko) Chrome/72.0.3626.109 Safari/537.36','http://localhost:8000/admin/menu_management/edit-save/24','Memperbaharui data Perusahaan pada Pengolah Menu','<table class=\"table table-striped\"><thead><tr><th>Key</th><th>Old Value</th><th>New Value</th></thead><tbody><tr><td>type</td><td>URL</td><td>Controller & Method</td></tr><tr><td>path</td><td>CRUDBooster::mainpath</td><td>AdminPerusahaanController@index</td></tr><tr><td>sorting</td><td>11</td><td></td></tr></tbody></table>',1,'2019-02-16 16:45:25',NULL),(336,'127.0.0.1','Mozilla/5.0 (Windows NT 10.0; Win64; x64) AppleWebKit/537.36 (KHTML, like Gecko) Chrome/72.0.3626.109 Safari/537.36','http://localhost:8000/admin/menu_management/edit-save/24','Memperbaharui data Perusahaan pada Pengolah Menu','<table class=\"table table-striped\"><thead><tr><th>Key</th><th>Old Value</th><th>New Value</th></thead><tbody><tr><td>path</td><td>AdminPerusahaanController@index</td><td>AdminPerusahaanController@getIndex</td></tr><tr><td>sorting</td><td>11</td><td></td></tr></tbody></table>',1,'2019-02-16 16:47:26',NULL),(337,'127.0.0.1','Mozilla/5.0 (Windows NT 10.0; Win64; x64) AppleWebKit/537.36 (KHTML, like Gecko) Chrome/72.0.3626.109 Safari/537.36','http://localhost:8000/admin/menu_management/edit-save/24','Memperbaharui data Perusahaan pada Pengolah Menu','<table class=\"table table-striped\"><thead><tr><th>Key</th><th>Old Value</th><th>New Value</th></thead><tbody><tr><td>path</td><td>AdminPerusahaanController@getIndex</td><td>AdminPerusahaanController@getDetail</td></tr><tr><td>sorting</td><td>11</td><td></td></tr></tbody></table>',1,'2019-02-16 16:48:13',NULL),(338,'127.0.0.1','Mozilla/5.0 (Windows NT 10.0; Win64; x64) AppleWebKit/537.36 (KHTML, like Gecko) Chrome/72.0.3626.109 Safari/537.36','http://localhost:8000/admin/menu_management/edit-save/24','Memperbaharui data Perusahaan pada Pengolah Menu','<table class=\"table table-striped\"><thead><tr><th>Key</th><th>Old Value</th><th>New Value</th></thead><tbody><tr><td>type</td><td>Controller & Method</td><td>Route</td></tr><tr><td>path</td><td>AdminPerusahaanController@getDetail</td><td>CRUDBooster::mainpath()</td></tr><tr><td>color</td><td>normal</td><td></td></tr><tr><td>sorting</td><td>11</td><td></td></tr></tbody></table>',1,'2019-02-16 16:53:03',NULL),(339,'127.0.0.1','Mozilla/5.0 (Windows NT 10.0; Win64; x64) AppleWebKit/537.36 (KHTML, like Gecko) Chrome/72.0.3626.109 Safari/537.36','http://localhost:8000/admin/menu_management/edit-save/24','Memperbaharui data Perusahaan pada Pengolah Menu','<table class=\"table table-striped\"><thead><tr><th>Key</th><th>Old Value</th><th>New Value</th></thead><tbody><tr><td>path</td><td>CRUDBooster::mainpath()</td><td>CRUDBooster::mainpath/perusahaan/detail/{id}</td></tr><tr><td>sorting</td><td>11</td><td></td></tr></tbody></table>',1,'2019-02-16 16:55:06',NULL),(340,'127.0.0.1','Mozilla/5.0 (Windows NT 10.0; Win64; x64) AppleWebKit/537.36 (KHTML, like Gecko) Chrome/72.0.3626.109 Safari/537.36','http://localhost:8000/admin/menu_management/edit-save/24','Memperbaharui data Perusahaan pada Pengolah Menu','<table class=\"table table-striped\"><thead><tr><th>Key</th><th>Old Value</th><th>New Value</th></thead><tbody><tr><td>path</td><td>CRUDBooster::mainpath/perusahaan/detail/{id}</td><td>CRUDBooster::mainpath/perusahaan/detail/</td></tr><tr><td>sorting</td><td>11</td><td></td></tr></tbody></table>',1,'2019-02-16 16:55:55',NULL),(341,'127.0.0.1','Mozilla/5.0 (Windows NT 10.0; Win64; x64) AppleWebKit/537.36 (KHTML, like Gecko) Chrome/72.0.3626.109 Safari/537.36','http://localhost:8000/admin/menu_management/edit-save/24','Memperbaharui data Perusahaan pada Pengolah Menu','<table class=\"table table-striped\"><thead><tr><th>Key</th><th>Old Value</th><th>New Value</th></thead><tbody><tr><td>type</td><td>Route</td><td>Controller & Method</td></tr><tr><td>path</td><td>CRUDBooster::mainpath/perusahaan/detail/</td><td>AdminPerusahaanController@getDetail{id}</td></tr><tr><td>sorting</td><td>11</td><td></td></tr></tbody></table>',1,'2019-02-16 16:58:01',NULL),(342,'127.0.0.1','Mozilla/5.0 (Windows NT 10.0; Win64; x64) AppleWebKit/537.36 (KHTML, like Gecko) Chrome/72.0.3626.109 Safari/537.36','http://localhost:8000/admin/menu_management/edit-save/24','Memperbaharui data Perusahaan pada Pengolah Menu','<table class=\"table table-striped\"><thead><tr><th>Key</th><th>Old Value</th><th>New Value</th></thead><tbody><tr><td>path</td><td>AdminPerusahaanController@getDetail{id}</td><td>AdminPerusahaanController@getIndex</td></tr><tr><td>sorting</td><td>11</td><td></td></tr></tbody></table>',1,'2019-02-16 16:58:31',NULL),(343,'127.0.0.1','Mozilla/5.0 (Windows NT 10.0; Win64; x64) AppleWebKit/537.36 (KHTML, like Gecko) Chrome/72.0.3626.109 Safari/537.36','http://localhost:8000/admin/menu_management/edit-save/24','Memperbaharui data Perusahaan pada Pengolah Menu','<table class=\"table table-striped\"><thead><tr><th>Key</th><th>Old Value</th><th>New Value</th></thead><tbody><tr><td>path</td><td>AdminPerusahaanController@getIndex</td><td>AdminPerusahaanController@getDetail($id)</td></tr><tr><td>sorting</td><td>11</td><td></td></tr></tbody></table>',1,'2019-02-16 17:00:46',NULL),(344,'127.0.0.1','Mozilla/5.0 (Windows NT 10.0; Win64; x64) AppleWebKit/537.36 (KHTML, like Gecko) Chrome/72.0.3626.109 Safari/537.36','http://localhost:8000/admin/menu_management/edit-save/24','Memperbaharui data Perusahaan pada Pengolah Menu','<table class=\"table table-striped\"><thead><tr><th>Key</th><th>Old Value</th><th>New Value</th></thead><tbody><tr><td>sorting</td><td>11</td><td></td></tr></tbody></table>',1,'2019-02-16 17:07:54',NULL),(345,'127.0.0.1','Mozilla/5.0 (Windows NT 10.0; Win64; x64) AppleWebKit/537.36 (KHTML, like Gecko) Chrome/72.0.3626.109 Safari/537.36','http://localhost:8000/admin/menu_management/edit-save/24','Memperbaharui data Perusahaan pada Pengolah Menu','<table class=\"table table-striped\"><thead><tr><th>Key</th><th>Old Value</th><th>New Value</th></thead><tbody><tr><td>type</td><td>Controller & Method</td><td>Module</td></tr><tr><td>path</td><td>AdminPerusahaanController@getDetail($id)</td><td>perusahaan</td></tr><tr><td>sorting</td><td>11</td><td></td></tr></tbody></table>',1,'2019-02-16 17:08:30',NULL),(346,'127.0.0.1','Mozilla/5.0 (Windows NT 10.0; Win64; x64) AppleWebKit/537.36 (KHTML, like Gecko) Chrome/72.0.3626.109 Safari/537.36','http://localhost:8000/admin/menu_management/edit-save/38','Memperbaharui data Daftar Perusahaan pada Pengolah Menu','<table class=\"table table-striped\"><thead><tr><th>Key</th><th>Old Value</th><th>New Value</th></thead><tbody></tbody></table>',1,'2019-02-16 17:08:58',NULL),(347,'127.0.0.1','Mozilla/5.0 (Windows NT 10.0; Win64; x64) AppleWebKit/537.36 (KHTML, like Gecko) Chrome/72.0.3626.109 Safari/537.36','http://localhost:8000/admin/menu_management/delete/39','Menghapus data Pelanggan pada Pengolah Menu','',1,'2019-02-16 17:09:30',NULL),(348,'127.0.0.1','Mozilla/5.0 (Windows NT 10.0; Win64; x64) AppleWebKit/537.36 (KHTML, like Gecko) Chrome/72.0.3626.109 Safari/537.36','http://localhost:8000/admin/menu_management/edit-save/40','Memperbaharui data Supplier pada Pengolah Menu','<table class=\"table table-striped\"><thead><tr><th>Key</th><th>Old Value</th><th>New Value</th></thead><tbody><tr><td>sorting</td><td>3</td><td></td></tr></tbody></table>',1,'2019-02-16 17:09:39',NULL),(349,'127.0.0.1','Mozilla/5.0 (Windows NT 10.0; Win64; x64) AppleWebKit/537.36 (KHTML, like Gecko) Chrome/72.0.3626.109 Safari/537.36','http://localhost:8000/admin/menu_management/edit-save/41','Memperbaharui data Produk pada Pengolah Menu','<table class=\"table table-striped\"><thead><tr><th>Key</th><th>Old Value</th><th>New Value</th></thead><tbody><tr><td>sorting</td><td>4</td><td></td></tr></tbody></table>',1,'2019-02-16 17:09:51',NULL),(350,'127.0.0.1','Mozilla/5.0 (Windows NT 10.0; Win64; x64) AppleWebKit/537.36 (KHTML, like Gecko) Chrome/72.0.3626.109 Safari/537.36','http://localhost:8000/admin/menu_management/edit-save/42','Memperbaharui data Order pada Pengolah Menu','<table class=\"table table-striped\"><thead><tr><th>Key</th><th>Old Value</th><th>New Value</th></thead><tbody><tr><td>sorting</td><td>5</td><td></td></tr></tbody></table>',1,'2019-02-16 17:10:03',NULL),(351,'127.0.0.1','Mozilla/5.0 (Windows NT 10.0; Win64; x64) AppleWebKit/537.36 (KHTML, like Gecko) Chrome/72.0.3626.109 Safari/537.36','http://localhost:8000/admin/menu_management/delete/43','Menghapus data Stock pada Pengolah Menu','',1,'2019-02-16 17:10:26',NULL),(352,'127.0.0.1','Mozilla/5.0 (Windows NT 10.0; Win64; x64) AppleWebKit/537.36 (KHTML, like Gecko) Chrome/72.0.3626.109 Safari/537.36','http://localhost:8000/admin/menu_management/edit-save/44','Memperbaharui data Jasa pada Pengolah Menu','<table class=\"table table-striped\"><thead><tr><th>Key</th><th>Old Value</th><th>New Value</th></thead><tbody><tr><td>sorting</td><td>7</td><td></td></tr></tbody></table>',1,'2019-02-16 17:10:35',NULL),(353,'127.0.0.1','Mozilla/5.0 (Windows NT 10.0; Win64; x64) AppleWebKit/537.36 (KHTML, like Gecko) Chrome/72.0.3626.109 Safari/537.36','http://localhost:8000/admin/menu_management/edit-save/45','Memperbaharui data Team pada Pengolah Menu','<table class=\"table table-striped\"><thead><tr><th>Key</th><th>Old Value</th><th>New Value</th></thead><tbody><tr><td>sorting</td><td>8</td><td></td></tr></tbody></table>',1,'2019-02-16 17:10:47',NULL),(354,'127.0.0.1','Mozilla/5.0 (Windows NT 10.0; Win64; x64) AppleWebKit/537.36 (KHTML, like Gecko) Chrome/72.0.3626.109 Safari/537.36','http://localhost:8000/admin/menu_management/delete/46','Menghapus data Project pada Pengolah Menu','',1,'2019-02-16 17:11:20',NULL),(355,'127.0.0.1','Mozilla/5.0 (Windows NT 10.0; Win64; x64) AppleWebKit/537.36 (KHTML, like Gecko) Chrome/72.0.3626.109 Safari/537.36','http://localhost:8000/admin/menu_management/delete/47','Menghapus data Ticket Support pada Pengolah Menu','',1,'2019-02-16 17:11:35',NULL),(356,'127.0.0.1','Mozilla/5.0 (Windows NT 10.0; Win64; x64) AppleWebKit/537.36 (KHTML, like Gecko) Chrome/72.0.3626.109 Safari/537.36','http://localhost:8000/admin/order/delete/27','Menghapus data 27 pada Order','',1,'2019-02-16 18:00:02',NULL),(357,'127.0.0.1','Mozilla/5.0 (Windows NT 10.0; Win64; x64) AppleWebKit/537.36 (KHTML, like Gecko) Chrome/72.0.3626.109 Safari/537.36','http://localhost:8000/admin/order/delete/25','Menghapus data 25 pada Order','',1,'2019-02-16 18:00:16',NULL),(358,'127.0.0.1','Mozilla/5.0 (Windows NT 10.0; Win64; x64; rv:65.0) Gecko/20100101 Firefox/65.0','http://localhost:8000/admin/order/add-save','Tambah data baru  pada Order','',4,'2019-02-16 18:07:44',NULL),(359,'127.0.0.1','Mozilla/5.0 (Windows NT 10.0; Win64; x64) AppleWebKit/537.36 (KHTML, like Gecko) Chrome/72.0.3626.109 Safari/537.36','http://localhost:8000/admin/notifications/add','Mencoba menambah data Notifications','',1,'2019-02-16 18:38:50',NULL),(360,'127.0.0.1','Mozilla/5.0 (Windows NT 10.0; Win64; x64; rv:65.0) Gecko/20100101 Firefox/65.0','http://localhost:8000/admin/order/add-save','Tambah data baru  pada Order','',4,'2019-02-16 19:11:54',NULL),(361,'127.0.0.1','Mozilla/5.0 (Windows NT 10.0; Win64; x64; rv:65.0) Gecko/20100101 Firefox/65.0','http://localhost:8000/admin/order/add-save','Tambah data baru  pada Order','',4,'2019-02-16 19:18:35',NULL),(362,'127.0.0.1','Mozilla/5.0 (Windows NT 10.0; Win64; x64; rv:65.0) Gecko/20100101 Firefox/65.0','http://localhost:8000/admin/order/add-save','Tambah data baru  pada Order','',4,'2019-02-16 19:21:19',NULL),(363,'127.0.0.1','Mozilla/5.0 (Windows NT 10.0; Win64; x64; rv:65.0) Gecko/20100101 Firefox/65.0','http://localhost:8000/admin/order/add-save','Tambah data baru  pada Order','',4,'2019-02-16 19:25:11',NULL),(364,'127.0.0.1','Mozilla/5.0 (Windows NT 10.0; Win64; x64; rv:65.0) Gecko/20100101 Firefox/65.0','http://localhost:8000/admin/order/add-save','Tambah data baru  pada Order','',4,'2019-02-16 19:27:26',NULL),(365,'127.0.0.1','Mozilla/5.0 (Windows NT 10.0; Win64; x64; rv:65.0) Gecko/20100101 Firefox/65.0','http://localhost:8000/admin/order/add-save','Tambah data baru  pada Order','',4,'2019-02-16 19:37:15',NULL),(366,'127.0.0.1','Mozilla/5.0 (Windows NT 10.0; Win64; x64; rv:65.0) Gecko/20100101 Firefox/65.0','http://localhost:8000/admin/order/add-save','Tambah data baru  pada Order','',4,'2019-02-16 19:39:55',NULL),(367,'127.0.0.1','Mozilla/5.0 (Windows NT 10.0; Win64; x64) AppleWebKit/537.36 (KHTML, like Gecko) Chrome/72.0.3626.109 Safari/537.36','http://localhost:8000/admin/order/add-save','Tambah data baru  pada Order','',1,'2019-02-16 19:41:31',NULL),(368,'127.0.0.1','Mozilla/5.0 (Windows NT 10.0; Win64; x64; rv:65.0) Gecko/20100101 Firefox/65.0','http://localhost:8000/admin/order/add-save','Tambah data baru  pada Order','',4,'2019-02-16 19:43:13',NULL),(369,'127.0.0.1','Mozilla/5.0 (Windows NT 10.0; Win64; x64; rv:65.0) Gecko/20100101 Firefox/65.0','http://localhost:8000/admin/order/add-save','Tambah data baru  pada Order','',4,'2019-02-16 19:44:22',NULL),(370,'127.0.0.1','Mozilla/5.0 (Windows NT 10.0; Win64; x64; rv:65.0) Gecko/20100101 Firefox/65.0','http://localhost:8000/admin/ticket/add-save','Tambah data baru Komputer saya ngeblank dan pada Ticket','',4,'2019-02-16 19:52:41',NULL),(371,'127.0.0.1','Mozilla/5.0 (Windows NT 10.0; Win64; x64; rv:65.0) Gecko/20100101 Firefox/65.0','http://localhost:8000/admin/ticket/add-save','Tambah data baru Komputer saya ngeblank ga konke internet pada Ticket','',4,'2019-02-16 19:54:09',NULL),(372,'127.0.0.1','Mozilla/5.0 (Windows NT 10.0; Win64; x64) AppleWebKit/537.36 (KHTML, like Gecko) Chrome/72.0.3626.109 Safari/537.36','http://localhost:8000/admin/perusahaan/edit-save/3','Memperbaharui data PT Martil pada Perusahaan','<table class=\"table table-striped\"><thead><tr><th>Key</th><th>Old Value</th><th>New Value</th></thead><tbody><tr><td>deleted_at</td><td></td><td></td></tr><tr><td>kecamatan_id</td><td></td><td>11</td></tr></tbody></table>',1,'2019-02-16 20:11:17',NULL),(373,'127.0.0.1','Mozilla/5.0 (Windows NT 10.0; Win64; x64) AppleWebKit/537.36 (KHTML, like Gecko) Chrome/72.0.3626.109 Safari/537.36','http://localhost:8000/admin/perusahaan/edit-save/2','Memperbaharui data PT DASA pada Perusahaan','<table class=\"table table-striped\"><thead><tr><th>Key</th><th>Old Value</th><th>New Value</th></thead><tbody><tr><td>deleted_at</td><td></td><td></td></tr><tr><td>kecamatan_id</td><td></td><td>24</td></tr></tbody></table>',1,'2019-02-16 20:11:37',NULL),(374,'127.0.0.1','Mozilla/5.0 (Windows NT 10.0; Win64; x64) AppleWebKit/537.36 (KHTML, like Gecko) Chrome/72.0.3626.109 Safari/537.36','http://localhost:8000/admin/perusahaan/edit-save/1','Memperbaharui data Rio Snack pada Perusahaan','<table class=\"table table-striped\"><thead><tr><th>Key</th><th>Old Value</th><th>New Value</th></thead><tbody><tr><td>deleted_at</td><td></td><td></td></tr><tr><td>kecamatan_id</td><td></td><td>11</td></tr></tbody></table>',1,'2019-02-16 20:11:55',NULL),(375,'127.0.0.1','Mozilla/5.0 (Windows NT 10.0; Win64; x64) AppleWebKit/537.36 (KHTML, like Gecko) Chrome/72.0.3626.109 Safari/537.36','http://localhost:8000/admin/users/delete-image','Menghapus gambar hendra pada Manajemen Pengguna','',1,'2019-02-16 20:26:57',NULL),(376,'127.0.0.1','Mozilla/5.0 (Windows NT 10.0; Win64; x64) AppleWebKit/537.36 (KHTML, like Gecko) Chrome/72.0.3626.109 Safari/537.36','http://localhost:8000/admin/users/edit-save/4','Memperbaharui data hendra pada Manajemen Pengguna','<table class=\"table table-striped\"><thead><tr><th>Key</th><th>Old Value</th><th>New Value</th></thead><tbody><tr><td>alamat</td><td></td><td>jl Ketintang</td></tr><tr><td>telepon</td><td></td><td>08625416222</td></tr><tr><td>photo</td><td></td><td>uploads/1/2019-02/profil_sofan.png</td></tr><tr><td>password</td><td>$2y$10$khUveUAS8Bq17VfdxL8s1e0r5JW.ZgsSFHhNUNdezzGattSByNhPW</td><td></td></tr><tr><td>status</td><td></td><td></td></tr></tbody></table>',1,'2019-02-16 20:27:34',NULL),(377,'127.0.0.1','Mozilla/5.0 (Windows NT 10.0; Win64; x64; rv:65.0) Gecko/20100101 Firefox/65.0','http://localhost:8000/admin/ticket/add-save','Tambah data baru Laptop saya butuh antivirus evara pada Ticket','',4,'2019-02-16 20:29:07',NULL),(378,'127.0.0.1','Mozilla/5.0 (Windows NT 10.0; Win64; x64; rv:65.0) Gecko/20100101 Firefox/65.0','http://localhost:8000/admin/order/add-save','Tambah data baru  pada Order','',4,'2019-02-16 21:33:44',NULL),(379,'127.0.0.1','Mozilla/5.0 (Windows NT 10.0; Win64; x64; rv:65.0) Gecko/20100101 Firefox/65.0','http://localhost:8000/admin/order/add-save','Tambah data baru  pada Order','',4,'2019-02-16 21:38:38',NULL),(380,'127.0.0.1','Mozilla/5.0 (Windows NT 10.0; Win64; x64) AppleWebKit/537.36 (KHTML, like Gecko) Chrome/72.0.3626.109 Safari/537.36','http://localhost:8000/admin/logout','admin@crudbooster.com keluar','',1,'2019-02-16 21:41:30',NULL),(381,'127.0.0.1','Mozilla/5.0 (Windows NT 10.0; Win64; x64) AppleWebKit/537.36 (KHTML, like Gecko) Chrome/72.0.3626.109 Safari/537.36','http://localhost:8000/admin/login','admin@crudbooster.com login dengan IP Address 127.0.0.1','',1,'2019-02-19 21:35:25',NULL),(382,'127.0.0.1','Mozilla/5.0 (Windows NT 10.0; Win64; x64) AppleWebKit/537.36 (KHTML, like Gecko) Chrome/72.0.3626.109 Safari/537.36','http://localhost:8000/admin/login','admin@crudbooster.com login dengan IP Address 127.0.0.1','',1,'2019-02-20 02:28:17',NULL),(383,'127.0.0.1','Mozilla/5.0 (Windows NT 10.0; Win64; x64) AppleWebKit/537.36 (KHTML, like Gecko) Chrome/72.0.3626.109 Safari/537.36','http://localhost:8000/admin/logout','admin@crudbooster.com keluar','',1,'2019-02-20 02:29:22',NULL),(384,'127.0.0.1','Mozilla/5.0 (Windows NT 10.0; Win64; x64) AppleWebKit/537.36 (KHTML, like Gecko) Chrome/72.0.3626.109 Safari/537.36','http://localhost:8000/admin/login','member@auroralink.id login dengan IP Address 127.0.0.1','',3,'2019-02-20 02:29:27',NULL),(385,'127.0.0.1','Mozilla/5.0 (Windows NT 10.0; Win64; x64) AppleWebKit/537.36 (KHTML, like Gecko) Chrome/72.0.3626.109 Safari/537.36','http://localhost:8000/admin/logout','member@auroralink.id keluar','',3,'2019-02-20 02:35:22',NULL),(386,'127.0.0.1','Mozilla/5.0 (Windows NT 10.0; Win64; x64) AppleWebKit/537.36 (KHTML, like Gecko) Chrome/72.0.3626.109 Safari/537.36','http://localhost:8000/admin/login','admin@crudbooster.com login dengan IP Address 127.0.0.1','',1,'2019-02-20 02:36:15',NULL),(387,'127.0.0.1','Mozilla/5.0 (Windows NT 10.0; Win64; x64) AppleWebKit/537.36 (KHTML, like Gecko) Chrome/72.0.3626.109 Safari/537.36','http://localhost:8000/admin/email_templates/edit-save/1','Memperbaharui data Email Template Forgot Password Backend pada Kerangka Email','<table class=\"table table-striped\"><thead><tr><th>Key</th><th>Old Value</th><th>New Value</th></thead><tbody><tr><td>subject</td><td></td><td>Lupa Password</td></tr><tr><td>from_name</td><td>System</td><td>Auroralink</td></tr><tr><td>from_email</td><td>system@crudbooster.com</td><td>support@auroralink.id</td></tr><tr><td>cc_email</td><td></td><td></td></tr></tbody></table>',1,'2019-02-20 02:38:01',NULL),(388,'127.0.0.1','Mozilla/5.0 (Windows NT 10.0; Win64; x64) AppleWebKit/537.36 (KHTML, like Gecko) Chrome/72.0.3626.109 Safari/537.36','http://localhost:8000/admin/logout','admin@crudbooster.com keluar','',1,'2019-02-20 02:38:07',NULL),(389,'127.0.0.1','Mozilla/5.0 (Windows NT 10.0; Win64; x64) AppleWebKit/537.36 (KHTML, like Gecko) Chrome/72.0.3626.109 Safari/537.36','http://localhost:8000/admin/login','admin@crudbooster.com login dengan IP Address 127.0.0.1','',1,'2019-02-20 02:39:15',NULL),(390,'127.0.0.1','Mozilla/5.0 (Windows NT 10.0; Win64; x64; rv:65.0) Gecko/20100101 Firefox/65.0','http://localhost:8000/admin/forgot','Seseorang dengan IP 127.0.0.1 meminta password ulang aurora.an98@gmail.com','',NULL,'2019-02-20 02:39:59',NULL),(391,'127.0.0.1','Mozilla/5.0 (Windows NT 10.0; Win64; x64) AppleWebKit/537.36 (KHTML, like Gecko) Chrome/72.0.3626.109 Safari/537.36','http://localhost:8000/admin/logout','admin@crudbooster.com keluar','',1,'2019-02-20 02:41:56',NULL),(392,'127.0.0.1','Mozilla/5.0 (Windows NT 10.0; Win64; x64) AppleWebKit/537.36 (KHTML, like Gecko) Chrome/72.0.3626.109 Safari/537.36','http://localhost:8000/admin/forgot','Seseorang dengan IP 127.0.0.1 meminta password ulang aurora.an98@gmail.com','',NULL,'2019-02-20 02:42:10',NULL),(393,'127.0.0.1','Mozilla/5.0 (Windows NT 10.0; Win64; x64; rv:65.0) Gecko/20100101 Firefox/65.0','http://localhost:8000/admin/login','aurora.an98@gmail.com login dengan IP Address 127.0.0.1','',4,'2019-02-20 02:42:35',NULL),(394,'127.0.0.1','Mozilla/5.0 (Windows NT 10.0; Win64; x64) AppleWebKit/537.36 (KHTML, like Gecko) Chrome/72.0.3626.109 Safari/537.36','http://localhost:8000/admin/login','admin@crudbooster.com login dengan IP Address 127.0.0.1','',1,'2019-02-20 02:43:02',NULL),(395,'127.0.0.1','Mozilla/5.0 (Windows NT 10.0; Win64; x64) AppleWebKit/537.36 (KHTML, like Gecko) Chrome/72.0.3626.109 Safari/537.36','http://localhost:8000/admin/order/action-selected','Menghapus data 43,42,41,40,39,38,37,36,35,34,33,32,31,30,29,28,26,24 pada Order','',1,'2019-02-20 02:43:40',NULL),(396,'127.0.0.1','Mozilla/5.0 (Windows NT 10.0; Win64; x64; rv:65.0) Gecko/20100101 Firefox/65.0','http://localhost:8000/admin/order/add-save','Tambah data baru  pada Order','',4,'2019-02-20 02:44:07',NULL),(397,'127.0.0.1','Mozilla/5.0 (Windows NT 10.0; Win64; x64) AppleWebKit/537.36 (KHTML, like Gecko) Chrome/72.0.3626.109 Safari/537.36','http://localhost:8000/admin/email_templates/add-save','Tambah data baru Order berhasil pada Kerangka Email','',1,'2019-02-20 02:45:49',NULL),(398,'127.0.0.1','Mozilla/5.0 (Windows NT 10.0; Win64; x64; rv:65.0) Gecko/20100101 Firefox/65.0','http://localhost:8000/admin/order/add-save','Tambah data baru  pada Order','',4,'2019-02-20 02:47:24',NULL),(399,'127.0.0.1','Mozilla/5.0 (Windows NT 10.0; Win64; x64; rv:65.0) Gecko/20100101 Firefox/65.0','http://localhost:8000/admin/order/add-save','Tambah data baru  pada Order','',4,'2019-02-20 02:51:15',NULL),(400,'127.0.0.1','Mozilla/5.0 (Windows NT 10.0; Win64; x64; rv:65.0) Gecko/20100101 Firefox/65.0','http://localhost:8000/admin/logout','aurora.an98@gmail.com keluar','',4,'2019-02-20 05:44:30',NULL),(401,'127.0.0.1','Mozilla/5.0 (Windows NT 10.0; Win64; x64; rv:65.0) Gecko/20100101 Firefox/65.0','http://localhost:8000/admin/login','aurora.an98@gmail.com login dengan IP Address 127.0.0.1','',4,'2019-02-20 05:44:34',NULL),(402,'127.0.0.1','Mozilla/5.0 (Windows NT 10.0; Win64; x64) AppleWebKit/537.36 (KHTML, like Gecko) Chrome/72.0.3626.109 Safari/537.36','http://localhost:8000/admin/order/action-selected','Menghapus data 57,56,55,54,53,52,51,50,49,48,47,46,45,44 pada Order','',1,'2019-02-20 05:46:27',NULL),(403,'127.0.0.1','Mozilla/5.0 (Windows NT 10.0; Win64; x64; rv:65.0) Gecko/20100101 Firefox/65.0','http://localhost:8000/admin/logout','aurora.an98@gmail.com keluar','',4,'2019-02-20 05:46:53',NULL),(404,'127.0.0.1','Mozilla/5.0 (Windows NT 10.0; Win64; x64; rv:65.0) Gecko/20100101 Firefox/65.0','http://localhost:8000/admin/login','member@auroralink.id login dengan IP Address 127.0.0.1','',3,'2019-02-20 05:47:06',NULL),(405,'127.0.0.1','Mozilla/5.0 (Windows NT 10.0; Win64; x64; rv:65.0) Gecko/20100101 Firefox/65.0','http://localhost:8000/admin/order/add-save','Tambah data baru  pada Order','',3,'2019-02-20 05:51:21',NULL),(406,'127.0.0.1','Mozilla/5.0 (Windows NT 10.0; Win64; x64; rv:65.0) Gecko/20100101 Firefox/65.0','http://localhost:8000/admin/order/add-save','Tambah data baru  pada Order','',3,'2019-02-20 05:51:38',NULL),(407,'127.0.0.1','Mozilla/5.0 (Windows NT 10.0; Win64; x64; rv:65.0) Gecko/20100101 Firefox/65.0','http://localhost:8000/admin/order/add-save','Tambah data baru  pada Order','',3,'2019-02-20 05:58:03',NULL),(408,'127.0.0.1','Mozilla/5.0 (Windows NT 10.0; Win64; x64; rv:65.0) Gecko/20100101 Firefox/65.0','http://localhost:8000/admin/order/add-save','Tambah data baru  pada Order','',3,'2019-02-20 06:00:30',NULL),(409,'127.0.0.1','Mozilla/5.0 (Windows NT 10.0; Win64; x64; rv:65.0) Gecko/20100101 Firefox/65.0','http://localhost:8000/admin/order/add-save','Tambah data baru  pada Order','',3,'2019-02-20 07:13:49',NULL),(410,'127.0.0.1','Mozilla/5.0 (Windows NT 10.0; Win64; x64; rv:65.0) Gecko/20100101 Firefox/65.0','http://localhost:8000/admin/order/add-save','Tambah data baru  pada Order','',3,'2019-02-20 07:15:11',NULL),(411,'127.0.0.1','Mozilla/5.0 (Windows NT 10.0; Win64; x64; rv:65.0) Gecko/20100101 Firefox/65.0','http://localhost:8000/admin/order/add-save','Tambah data baru  pada Order','',3,'2019-02-20 07:18:35',NULL),(412,'127.0.0.1','Mozilla/5.0 (Windows NT 10.0; Win64; x64; rv:65.0) Gecko/20100101 Firefox/65.0','http://localhost:8000/admin/order/add-save','Tambah data baru  pada Order','',3,'2019-02-20 07:22:32',NULL),(413,'127.0.0.1','Mozilla/5.0 (Windows NT 10.0; Win64; x64; rv:65.0) Gecko/20100101 Firefox/65.0','http://localhost:8000/admin/logout','member@auroralink.id keluar','',3,'2019-02-20 07:22:55',NULL),(414,'127.0.0.1','Mozilla/5.0 (Windows NT 10.0; Win64; x64; rv:65.0) Gecko/20100101 Firefox/65.0','http://localhost:8000/admin/login','aurora.an98@gmail.com login dengan IP Address 127.0.0.1','',4,'2019-02-20 07:22:59',NULL),(415,'127.0.0.1','Mozilla/5.0 (Windows NT 10.0; Win64; x64; rv:65.0) Gecko/20100101 Firefox/65.0','http://localhost:8000/admin/order/add-save','Tambah data baru  pada Order','',4,'2019-02-20 07:24:02',NULL),(416,'127.0.0.1','Mozilla/5.0 (Windows NT 10.0; Win64; x64; rv:65.0) Gecko/20100101 Firefox/65.0','http://localhost:8000/admin/order/add-save','Tambah data baru  pada Order','',4,'2019-02-20 07:26:15',NULL),(417,'127.0.0.1','Mozilla/5.0 (Windows NT 10.0; Win64; x64; rv:65.0) Gecko/20100101 Firefox/65.0','http://localhost:8000/admin/order/add-save','Tambah data baru  pada Order','',4,'2019-02-20 07:37:29',NULL),(418,'127.0.0.1','Mozilla/5.0 (Windows NT 10.0; Win64; x64; rv:65.0) Gecko/20100101 Firefox/65.0','http://localhost:8000/admin/order/add-save','Tambah data baru  pada Order','',4,'2019-02-20 07:40:34',NULL),(419,'127.0.0.1','Mozilla/5.0 (Windows NT 10.0; Win64; x64; rv:65.0) Gecko/20100101 Firefox/65.0','http://localhost:8000/admin/order/add-save','Tambah data baru  pada Order','',4,'2019-02-20 07:43:52',NULL),(420,'127.0.0.1','Mozilla/5.0 (Windows NT 10.0; Win64; x64; rv:65.0) Gecko/20100101 Firefox/65.0','http://localhost:8000/admin/order/add-save','Tambah data baru  pada Order','',4,'2019-02-20 07:51:50',NULL),(421,'127.0.0.1','Mozilla/5.0 (Windows NT 10.0; Win64; x64; rv:65.0) Gecko/20100101 Firefox/65.0','http://localhost:8000/admin/order/add-save','Tambah data baru  pada Order','',4,'2019-02-20 07:55:16',NULL),(422,'127.0.0.1','Mozilla/5.0 (Windows NT 10.0; Win64; x64; rv:65.0) Gecko/20100101 Firefox/65.0','http://localhost:8000/admin/order/add-save','Tambah data baru  pada Order','',4,'2019-02-20 07:56:40',NULL),(423,'127.0.0.1','Mozilla/5.0 (Windows NT 10.0; Win64; x64) AppleWebKit/537.36 (KHTML, like Gecko) Chrome/72.0.3626.109 Safari/537.36','http://localhost:8000/admin/login','admin@crudbooster.com login dengan IP Address 127.0.0.1','',1,'2019-02-20 08:08:13',NULL),(424,'127.0.0.1','Mozilla/5.0 (Windows NT 10.0; Win64; x64; rv:65.0) Gecko/20100101 Firefox/65.0','http://localhost:8000/admin/order/add-save','Tambah data baru  pada Order','',4,'2019-02-20 08:14:20',NULL),(425,'127.0.0.1','Mozilla/5.0 (Windows NT 10.0; Win64; x64; rv:65.0) Gecko/20100101 Firefox/65.0','http://localhost:8000/admin/order/add-save','Tambah data baru  pada Order','',4,'2019-02-20 08:23:26',NULL),(426,'127.0.0.1','Mozilla/5.0 (Windows NT 10.0; Win64; x64; rv:65.0) Gecko/20100101 Firefox/65.0','http://localhost:8000/admin/order/add-save','Tambah data baru  pada Order','',4,'2019-02-20 08:27:46',NULL),(427,'127.0.0.1','Mozilla/5.0 (Windows NT 10.0; Win64; x64; rv:65.0) Gecko/20100101 Firefox/65.0','http://localhost:8000/admin/order/add-save','Tambah data baru  pada Order','',4,'2019-02-20 08:28:10',NULL),(428,'127.0.0.1','Mozilla/5.0 (Windows NT 10.0; Win64; x64; rv:65.0) Gecko/20100101 Firefox/65.0','http://localhost:8000/admin/order/add-save','Tambah data baru  pada Order','',4,'2019-02-20 08:30:11',NULL),(429,'127.0.0.1','Mozilla/5.0 (Windows NT 10.0; Win64; x64; rv:65.0) Gecko/20100101 Firefox/65.0','http://localhost:8000/admin/order/add-save','Tambah data baru  pada Order','',4,'2019-02-20 08:32:39',NULL),(430,'127.0.0.1','Mozilla/5.0 (Windows NT 10.0; Win64; x64; rv:65.0) Gecko/20100101 Firefox/65.0','http://localhost:8000/admin/order/add-save','Tambah data baru  pada Order','',4,'2019-02-20 08:32:57',NULL),(431,'127.0.0.1','Mozilla/5.0 (Windows NT 10.0; Win64; x64; rv:65.0) Gecko/20100101 Firefox/65.0','http://localhost:8000/admin/order/add-save','Tambah data baru  pada Order','',4,'2019-02-20 08:57:01',NULL),(432,'127.0.0.1','Mozilla/5.0 (Windows NT 10.0; Win64; x64) AppleWebKit/537.36 (KHTML, like Gecko) Chrome/72.0.3626.109 Safari/537.36','http://localhost:8000/admin/order/action-selected','Menghapus data 96,95,94,93,92,91,90,89,88,87,86,85,84,83,82,81,80,79,78,77 pada Order','',1,'2019-02-20 08:57:33',NULL),(433,'127.0.0.1','Mozilla/5.0 (Windows NT 10.0; Win64; x64) AppleWebKit/537.36 (KHTML, like Gecko) Chrome/72.0.3626.109 Safari/537.36','http://localhost:8000/admin/order/action-selected','Menghapus data 76,75,74,73,72,71,70,69,68,67,66,65,64,63,62,61,60,59 pada Order','',1,'2019-02-20 08:57:41',NULL),(434,'127.0.0.1','Mozilla/5.0 (Windows NT 10.0; Win64; x64) AppleWebKit/537.36 (KHTML, like Gecko) Chrome/72.0.3626.109 Safari/537.36','http://localhost:8000/admin/login','admin@crudbooster.com login dengan IP Address 127.0.0.1','',1,'2019-02-20 21:00:47',NULL),(435,'127.0.0.1','Mozilla/5.0 (Windows NT 10.0; Win64; x64; rv:65.0) Gecko/20100101 Firefox/65.0','http://localhost:8000/admin/login','aurora.an98@gmail.com login dengan IP Address 127.0.0.1','',4,'2019-02-20 21:02:16',NULL),(436,'127.0.0.1','Mozilla/5.0 (Windows NT 10.0; Win64; x64; rv:65.0) Gecko/20100101 Firefox/65.0','http://localhost:8000/admin/order/add-save','Tambah data baru  pada Order','',4,'2019-02-20 22:02:35',NULL),(437,'127.0.0.1','Mozilla/5.0 (Windows NT 10.0; Win64; x64; rv:65.0) Gecko/20100101 Firefox/65.0','http://localhost:8000/admin/order/add-save','Tambah data baru  pada Order','',4,'2019-02-20 22:14:52',NULL),(438,'127.0.0.1','Mozilla/5.0 (Windows NT 10.0; Win64; x64) AppleWebKit/537.36 (KHTML, like Gecko) Chrome/72.0.3626.109 Safari/537.36','http://localhost:8000/admin/login','admin@crudbooster.com login dengan IP Address 127.0.0.1','',1,'2019-02-21 02:20:11',NULL),(439,'127.0.0.1','Mozilla/5.0 (Windows NT 10.0; Win64; x64; rv:65.0) Gecko/20100101 Firefox/65.0','http://localhost:8000/admin/login','aurora.an98@gmail.com login dengan IP Address 127.0.0.1','',4,'2019-02-21 02:30:41',NULL),(440,'127.0.0.1','Mozilla/5.0 (Windows NT 10.0; Win64; x64) AppleWebKit/537.36 (KHTML, like Gecko) Chrome/72.0.3626.109 Safari/537.36','http://localhost:8000/admin/module_generator/delete/34','Menghapus data Pelanggan pada Pembangun Modul','',1,'2019-02-21 04:53:02',NULL),(441,'127.0.0.1','Mozilla/5.0 (Windows NT 10.0; Win64; x64; rv:65.0) Gecko/20100101 Firefox/65.0','http://localhost:8000/admin/logout','aurora.an98@gmail.com keluar','',4,'2019-02-21 04:54:04',NULL),(442,'127.0.0.1','Mozilla/5.0 (Windows NT 10.0; Win64; x64; rv:65.0) Gecko/20100101 Firefox/65.0','http://localhost:8000/admin/login','member@auroralink.id login dengan IP Address 127.0.0.1','',3,'2019-02-21 04:54:11',NULL),(443,'127.0.0.1','Mozilla/5.0 (Windows NT 10.0; Win64; x64; rv:65.0) Gecko/20100101 Firefox/65.0','http://localhost:8000/admin/logout','member@auroralink.id keluar','',3,'2019-02-21 04:54:42',NULL),(444,'127.0.0.1','Mozilla/5.0 (Windows NT 10.0; Win64; x64; rv:65.0) Gecko/20100101 Firefox/65.0','http://localhost:8000/admin/login','aurora.an98@gmail.com login dengan IP Address 127.0.0.1','',4,'2019-02-21 04:54:45',NULL),(445,'127.0.0.1','Mozilla/5.0 (Windows NT 10.0; Win64; x64; rv:65.0) Gecko/20100101 Firefox/65.0','http://localhost:8000/admin/order/add-save','Tambah data baru  pada Order','',4,'2019-02-21 05:00:22',NULL),(446,'127.0.0.1','Mozilla/5.0 (Windows NT 10.0; Win64; x64; rv:65.0) Gecko/20100101 Firefox/65.0','http://localhost:8000/admin/order/add-save','Tambah data baru  pada Order','',4,'2019-02-21 05:01:20',NULL),(447,'127.0.0.1','Mozilla/5.0 (Windows NT 10.0; Win64; x64; rv:65.0) Gecko/20100101 Firefox/65.0','http://localhost:8000/admin/order/add-save','Tambah data baru  pada Order','',4,'2019-02-21 05:04:32',NULL),(448,'127.0.0.1','Mozilla/5.0 (Windows NT 10.0; Win64; x64; rv:65.0) Gecko/20100101 Firefox/65.0','http://localhost:8000/admin/order/add-save','Tambah data baru  pada Order','',4,'2019-02-21 05:37:30',NULL),(449,'127.0.0.1','Mozilla/5.0 (Windows NT 10.0; Win64; x64; rv:65.0) Gecko/20100101 Firefox/65.0','http://localhost:8000/admin/order/add-save','Tambah data baru  pada Order','',4,'2019-02-21 05:40:10',NULL),(450,'127.0.0.1','Mozilla/5.0 (Windows NT 10.0; Win64; x64) AppleWebKit/537.36 (KHTML, like Gecko) Chrome/72.0.3626.109 Safari/537.36','http://localhost:8000/admin/email_templates/edit-save/2','Memperbaharui data Order berhasil pada Kerangka Email','<table class=\"table table-striped\"><thead><tr><th>Key</th><th>Old Value</th><th>New Value</th></thead><tbody><tr><td>content</td><td><p>Order berhasil<br></p></td><td><div style=\"color: rgb(34, 34, 34); font-family: Roboto, RobotoDraft, Helvetica, Arial, sans-serif; font-size: small;\"><p align=\"left\"><b><span style=\"font-size: 9pt; font-family: Arial, sans-serif; color: rgb(204, 0, 0);\">PENTING. Bila belum menerima informasi tagihan Telkom Anda 7 (tujuh) hari sebelum tanggal jatuh tempo, harap hubungi CallCenter 147.</span></b><span style=\"font-size: 9pt; font-family: Arial, sans-serif; color: rgb(34, 68, 102);\"></span></p><p align=\"left\">Yth Bapak/Ibu&nbsp;<br></p><p align=\"left\"><br></p><p align=\"justify\">Kami ucapkan terima kasih atas kepercayaan dan kesediaan Bapak/Ibu untuk berlangganan layanan IndiHome Telkom yang merupakan layanan Triple Play (terdiri dari Telepon, Internet dan IPTV).</p><p align=\"justify\">Melalui email ini, kami sampaikan informasi tagihan layanan IndiHome Bapak/Ibu Bulan Februari 2019. Untuk kemudahan pembayarannya Telkom menyediakan beberapa moda pembayaran melalui kerjasama dengan pihak Perbankan seperti moda pembayaran Autodebet (autodebet dari rekening tabungan atau Autodebet Kartu Kredit), Mobile banking (Internet banking, SMS banking dan Phone banking) maupun ATM.</p><p>Untuk pembayaran tagihan dengan Kartu Kredit dapat dilakukan melalui aplikasi myIndiHome. Silahkan unduh aplikasi myIndiHome di Android&nbsp;<a href=\"https://goo.gl/H7xzYk\" target=\"_blank\" data-saferedirecturl=\"https://www.google.com/url?q=https://goo.gl/H7xzYk&amp;source=gmail&amp;ust=1550838988922000&amp;usg=AFQjCNFZTHatSgEtg5hJHSOcVuwu3KoKYg\" style=\"color: rgb(17, 85, 204);\">https://goo.gl/H7xzYk</a>&nbsp;- di IOS&nbsp;<a href=\"https://goo.gl/va3a1E\" target=\"_blank\" data-saferedirecturl=\"https://www.google.com/url?q=https://goo.gl/va3a1E&amp;source=gmail&amp;ust=1550838988922000&amp;usg=AFQjCNGGPIQk-IRphCRCyeealSqT3gG5Ew\" style=\"color: rgb(17, 85, 204);\">https://goo.gl/va3a1E</a>.</p><p>Silakan gunakan password e-Statement Anda untuk membukanya.&nbsp;<br><br>Password standar e-Statement adalah</p><b><span style=\"font-size: 9pt; font-family: Arial, sans-serif; color: rgb(204, 0, 0);\">123456</span></b><span style=\"font-size: 9pt; font-family: Arial, sans-serif; color: rgb(34, 68, 102);\">&nbsp;<br><br></span><b><span style=\"font-size: 9pt; font-family: Arial, sans-serif; color: rgb(204, 0, 0);\">Untuk membuka lampiran e-Statement, Anda membutuhkan Adobe Reader versi 7 atau versi yang lebih baru</span></b><span style=\"font-size: 9pt; font-family: Arial, sans-serif; color: rgb(34, 68, 102);\">.&nbsp;<br><a href=\"http://get.adobe.com/reader/\" target=\"_blank\" data-saferedirecturl=\"https://www.google.com/url?q=http://get.adobe.com/reader/&amp;source=gmail&amp;ust=1550838988922000&amp;usg=AFQjCNG9GMnvuBJ2ewz3M_fn5uWjG-E1eQ\" style=\"color: rgb(17, 85, 204);\"><img src=\"https://mail.google.com/mail/u/0?ui=2&amp;ik=578b12841d&amp;attid=0.1&amp;permmsgid=msg-f:1624731186024836831&amp;th=168c3467ce826edf&amp;view=fimg&amp;sz=s0-l75-ft&amp;attbid=ANGjdJ-7vB5u0R8TqKAwMT-QfxhbxaKrRSFWC3_vGPK4zL66dVAiRRjof1u3xciDGFMmBglGtPa5gNOtRXOJOdt0Bpik0bVWiv_YzI6E2qFDpDZWlHs_Jrc7gP8gorY&amp;disp=emb\" alt=\"Get ADOBE Reader\" border=\"0\" height=\"33\" width=\"112\" data-image-whitelisted=\"\" class=\"CToWUd\"></a><br><br>Beberapa hal penting yang perlu Anda perhatikan untuk keamanan Informasi Billing Statement Anda :</span><ul type=\"disc\"><li class=\"MsoNormal\" style=\"margin: 0px 0px 0px 15px; color: rgb(34, 68, 102);\"><p align=\"left\" style=\"margin-top: 2px; margin-bottom: 2px;\"><span style=\"font-family: Arial, sans-serif; font-size: 9pt;\">Apabila pelanggan menerima telepon atau sms atau surat terkait program berhadiah dari Telkom, untuk menghindari kemungkinan penipuan yang meng atas namakan Telkom, dimohon kesediaannya melakukan konfirmasi ke Contact Center Telkom - 147 (pulsa lokal)</span><span style=\"font-size: 9pt; font-family: Arial, sans-serif;\">.</span></p></li><li class=\"MsoNormal\" style=\"margin: 0px 0px 0px 15px; color: rgb(34, 68, 102);\"><p align=\"left\" style=\"margin-top: 2px; margin-bottom: 2px;\"><span style=\"font-size: 9pt; font-family: Arial, sans-serif;\">Bila ada perubahan alamat, nomor telepon atau alamat e-mail, mohon hubungi Layanan Contact Center&nbsp;</span><span style=\"font-family: Arial, sans-serif; font-size: 9pt;\">147 (pulsa lokal)</span><span style=\"font-size: 9pt; font-family: Arial, sans-serif;\">.</span></p></li><li class=\"MsoNormal\" style=\"margin: 0px 0px 0px 15px; color: rgb(34, 68, 102);\"><p align=\"left\"><font face=\"Arial,sans-serif\" style=\"font-size: 9pt;\">Dimohon kepada Pelanggan untuk tidak memberikan tips kepada petugas pemasangan/perbaikan telepon/Indihome, karena layanan yang diberikan petugas merupakan bagian dari tugas sesuai aturan yang berlaku.</font></p></li></ul><span style=\"font-size: 9pt; font-family: Arial, sans-serif; color: rgb(34, 68, 102);\"><p>Email ini bersifat informasi dan tidak dapat di-reply, bila ada hal lain yang ingin Bapak/Ibu &nbsp;tanyakan tentang layanan Telkom dapat menghubungi kami melalui :</p><table border=\"0\" cellpadding=\"1\" cellspacing=\"1\" style=\"width: 500px;\"><tbody><tr><td style=\"font-family: Roboto, RobotoDraft, Helvetica, Arial, sans-serif; margin: 0px;\"><span style=\"font-size: 12.8px;\">Contact Center Telkom</span></td><td style=\"font-family: Roboto, RobotoDraft, Helvetica, Arial, sans-serif; margin: 0px;\">:</td><td style=\"font-family: Roboto, RobotoDraft, Helvetica, Arial, sans-serif; margin: 0px;\"><span style=\"font-size: 12.8px;\">147</span></td></tr><tr><td style=\"font-family: Roboto, RobotoDraft, Helvetica, Arial, sans-serif; margin: 0px;\"><span style=\"font-size: 12.8px;\">Twitter &nbsp;&nbsp;</span></td><td style=\"font-family: Roboto, RobotoDraft, Helvetica, Arial, sans-serif; margin: 0px;\">:</td><td style=\"font-family: Roboto, RobotoDraft, Helvetica, Arial, sans-serif; margin: 0px;\"><a href=\"http://www.twitter.com/telkomcare\" target=\"_blank\" data-saferedirecturl=\"https://www.google.com/url?q=http://www.twitter.com/telkomcare&amp;source=gmail&amp;ust=1550838988922000&amp;usg=AFQjCNGJ5fJA-Mj3Vgnz2lczWMz1shSxgA\" style=\"color: rgb(17, 85, 204); font-size: 12.8px;\">www.twitter.com/telkomcare</a><span style=\"font-size: 12.8px;\">&nbsp;(@<wbr>TelkomCare)</span></td></tr><tr><td style=\"font-family: Roboto, RobotoDraft, Helvetica, Arial, sans-serif; margin: 0px;\"><span style=\"font-size: 12.8px;\">Facebook &nbsp;&nbsp;</span></td><td style=\"font-family: Roboto, RobotoDraft, Helvetica, Arial, sans-serif; margin: 0px;\">:</td><td style=\"font-family: Roboto, RobotoDraft, Helvetica, Arial, sans-serif; margin: 0px;\"><a href=\"http://www.facebook.com/telkomcare\" target=\"_blank\" data-saferedirecturl=\"https://www.google.com/url?q=http://www.facebook.com/telkomcare&amp;source=gmail&amp;ust=1550838988922000&amp;usg=AFQjCNGSiFZJ1sFbksYpvQyNR9b1JEUilg\" style=\"color: rgb(17, 85, 204); font-size: 12.8px;\">www.facebook.com/telkomcare</a></td></tr><tr><td style=\"font-family: Roboto, RobotoDraft, Helvetica, Arial, sans-serif; margin: 0px;\"><span style=\"font-size: 12.8px;\">Apps &nbsp;</span></td><td style=\"font-family: Roboto, RobotoDraft, Helvetica, Arial, sans-serif; margin: 0px;\">:</td><td style=\"font-family: Roboto, RobotoDraft, Helvetica, Arial, sans-serif; margin: 0px;\">myIndiHome</td></tr><tr><td style=\"font-family: Roboto, RobotoDraft, Helvetica, Arial, sans-serif; margin: 0px;\"><span style=\"font-size: 12.8px;\">Email &nbsp;</span></td><td style=\"font-family: Roboto, RobotoDraft, Helvetica, Arial, sans-serif; margin: 0px;\">:</td><td style=\"font-family: Roboto, RobotoDraft, Helvetica, Arial, sans-serif; margin: 0px;\"><span style=\"font-size: 12.8px;\"><a href=\"mailto:CustomerCare@telkom.co.id\" target=\"_blank\" style=\"color: rgb(17, 85, 204);\">CustomerCare@telkom.co.id</a></span></td></tr></tbody></table></span><p class=\"MsoNormal\" align=\"left\" style=\"margin-bottom: 0px;\"><span style=\"font-size: 9pt; font-family: Arial, sans-serif; color: rgb(34, 68, 102);\"><br>Terima Kasih,&nbsp;<br><br>PT Telekomunikasi Indonesia, Tbk</span></p></div><p><img src=\"https://ci4.googleusercontent.com/proxy/HZqYkUgTFtDSaO_y_uy6-VNfPyhAvdeca0M6o5vDdEhArC4kmCejG6t9vCHA5Q7k7HOdZK3QvmAX5cug7YqSeSokuUqp_ZvA7xfiA7Sofs0kh37AzA=s0-d-e1-ft#http://www.telkom.co.id/assets/uploads/2015/05/telkom-care_tlk.png\" class=\"m_-8688781500133772458CToWUd CToWUd\" style=\"color: rgb(34, 34, 34); font-family: Roboto, RobotoDraft, Helvetica, Arial, sans-serif; font-size: small;\"><span style=\"color: rgb(34, 34, 34); font-family: Roboto, RobotoDraft, Helvetica, Arial, sans-serif; font-size: small;\">&nbsp;</span><br style=\"color: rgb(34, 34, 34); font-family: Roboto, RobotoDraft, Helvetica, Arial, sans-serif; font-size: small;\"></p><center style=\"color: rgb(34, 34, 34); font-family: Roboto, RobotoDraft, Helvetica, Arial, sans-serif; font-size: small;\">Untuk melakukan pembayaran menggunakan kartu kredit /Tokopedia silahkan klik /scan QR Code&nbsp;<br><br><table><tbody><tr><td valign=\"top\" style=\"margin: 0px;\"><center><b>Kartu Kredit&nbsp;</b><br><br><br><br><a href=\"https://my.indihome.co.id/registrasi-ebilling/landing-page?requestername=YmWJZUOQc2KUZHCB&amp;handphone=&amp;email=gpaykpWhT4KuXFuAiI6hjI9uhJCt&amp;notel=UVRxVlp2WlZ0VQ%3D%3D\" target=\"_blank\" data-saferedirecturl=\"https://www.google.com/url?q=https://my.indihome.co.id/registrasi-ebilling/landing-page?requestername%3DYmWJZUOQc2KUZHCB%26handphone%3D%26email%3DgpaykpWhT4KuXFuAiI6hjI9uhJCt%26notel%3DUVRxVlp2WlZ0VQ%253D%253D&amp;source=gmail&amp;ust=1550838988923000&amp;usg=AFQjCNHep9kB05kd8WgUCNTTZz_aV9gufA\" style=\"color: rgb(17, 85, 204);\"><img src=\"https://mail.google.com/mail/u/0?ui=2&amp;ik=578b12841d&amp;attid=0.2&amp;permmsgid=msg-f:1624731186024836831&amp;th=168c3467ce826edf&amp;view=fimg&amp;sz=s0-l75-ft&amp;attbid=ANGjdJ_JMpPvzXHzUmjNcr3JSL4aZedZeMbtc4IYUUSQX0HAEFhyYsRBQ8WwSnbtzqPsFuU0_BeNFaCW-EKBoDOiwTUno3wT-zuaHRvlS8B4cvnRCtp-vKZ99ANHkF0&amp;disp=emb\" alt=\"Pay Now with Credit Card\" border=\"0\" data-image-whitelisted=\"\" class=\"CToWUd\"></a></center></td><td style=\"margin: 0px;\"><center><b>Tokopedia</b>&nbsp;<br><a href=\"https://tokopedia.app.link/?feature=digital&amp;campaign=telkom_indihome&amp;channel=qr&amp;$android_deeplink_path=digital/form?category_id=10%26operator_id=151%26product_id=752%26client_number=152404212677&amp;$ios_deeplink_path=digital/form?category_id=10%26operator_id=151%26product_id=752%26client_number=152404212677&amp;$desktop_url=https://pulsa.tokopedia.com/&amp;action=edit_data&amp;client_number=152404212677&amp;product_id=752&amp;operator_id=151&amp;$android_url=https://pulsa.tokopedia.com/&amp;action=edit_data&amp;client_number=152404212677&amp;product_id=752&amp;operator_id=151\" target=\"_blank\" data-saferedirecturl=\"https://www.google.com/url?q=https://tokopedia.app.link/?feature%3Ddigital%26campaign%3Dtelkom_indihome%26channel%3Dqr%26$android_deeplink_path%3Ddigital/form?category_id%3D10%2526operator_id%3D151%2526product_id%3D752%2526client_number%3D152404212677%26$ios_deeplink_path%3Ddigital/form?category_id%3D10%2526operator_id%3D151%2526product_id%3D752%2526client_number%3D152404212677%26$desktop_url%3Dhttps://pulsa.tokopedia.com/%26action%3Dedit_data%26client_number%3D152404212677%26product_id%3D752%26operator_id%3D151%26$android_url%3Dhttps://pulsa.tokopedia.com/%26action%3Dedit_data%26client_number%3D152404212677%26product_id%3D752%26operator_id%3D151&amp;source=gmail&amp;ust=1550838988923000&amp;usg=AFQjCNEclD5HhEJaf4jSTRC0bGueD03vxA\" style=\"color: rgb(17, 85, 204);\"><img width=\"300\" height=\"300\" src=\"https://mail.google.com/mail/u/0?ui=2&amp;ik=578b12841d&amp;attid=0.3&amp;permmsgid=msg-f:1624731186024836831&amp;th=168c3467ce826edf&amp;view=fimg&amp;sz=s0-l75-ft&amp;attbid=ANGjdJ8ymuziwW7P2qBZrhRtvCdZg378oxbM81P7Lg1-VPusVXmIq9BcFUlL3ebEgCNKRz7O_2xTI_tAAV-PbgEUyFUtPkAbraWL_hyc0LnpmDF3znmUC5CQL7W_ksU&amp;disp=emb\" alt=\"Bayar Tagihan Anda melalui Tokopedia\" border=\"0\" data-image-whitelisted=\"\" class=\"CToWUd\"></a></center></td></tr></tbody></table><br><br><br>Untuk berhenti berlangganan Email ini silahkan klik&nbsp;<a href=\"https://my.indihome.co.id/registrasi-ebilling/unsubs?nolayanan=UVRxVlp2WlZ0VQ%3D%3D&amp;email=gpaykpWhT4KuXFuAiI6hjI9uhJCt\" target=\"_blank\" data-saferedirecturl=\"https://www.google.com/url?q=https://my.indihome.co.id/registrasi-ebilling/unsubs?nolayanan%3DUVRxVlp2WlZ0VQ%253D%253D%26email%3DgpaykpWhT4KuXFuAiI6hjI9uhJCt&amp;source=gmail&amp;ust=1550838988923000&amp;usg=AFQjCNFOr6Kf2Orbm-1lEeU8_A1v-JLeSw\" style=\"color: rgb(17, 85, 204);\">di sini.</a></center></td></tr><tr><td>cc_email</td><td></td><td></td></tr></tbody></table>',1,'2019-02-21 05:54:35',NULL),(451,'127.0.0.1','Mozilla/5.0 (Windows NT 10.0; Win64; x64; rv:65.0) Gecko/20100101 Firefox/65.0','http://localhost:8000/admin/order/add-save','Tambah data baru  pada Order','',4,'2019-02-21 05:55:08',NULL),(452,'127.0.0.1','Mozilla/5.0 (Windows NT 10.0; Win64; x64) AppleWebKit/537.36 (KHTML, like Gecko) Chrome/72.0.3626.109 Safari/537.36','http://localhost:8000/admin/users/edit-save/3','Memperbaharui data pengguna pada Manajemen Pengguna','<table class=\"table table-striped\"><thead><tr><th>Key</th><th>Old Value</th><th>New Value</th></thead><tbody><tr><td>alamat</td><td></td><td>Jl ketintang jaya</td></tr><tr><td>telepon</td><td></td><td>085658172112</td></tr><tr><td>email</td><td>member@auroralink.id</td><td>eshoptoko@gmail.com</td></tr><tr><td>password</td><td>$2y$10$jACtDRvVG2yL2gnSbxhoq.UJvkLiCX2g5dER7iRa0VttsculPyT4.</td><td></td></tr><tr><td>status</td><td></td><td></td></tr></tbody></table>',1,'2019-02-21 05:56:40',NULL),(453,'127.0.0.1','Mozilla/5.0 (Windows NT 10.0; Win64; x64; rv:65.0) Gecko/20100101 Firefox/65.0','http://localhost:8000/admin/logout','aurora.an98@gmail.com keluar','',4,'2019-02-21 05:56:53',NULL),(454,'127.0.0.1','Mozilla/5.0 (Windows NT 10.0; Win64; x64; rv:65.0) Gecko/20100101 Firefox/65.0','http://localhost:8000/admin/login','eshoptoko@gmail.com login dengan IP Address 127.0.0.1','',3,'2019-02-21 05:56:59',NULL),(455,'127.0.0.1','Mozilla/5.0 (Windows NT 10.0; Win64; x64; rv:65.0) Gecko/20100101 Firefox/65.0','http://localhost:8000/admin/order/add-save','Tambah data baru  pada Order','',3,'2019-02-21 05:59:53',NULL),(456,'127.0.0.1','Mozilla/5.0 (Windows NT 10.0; Win64; x64) AppleWebKit/537.36 (KHTML, like Gecko) Chrome/72.0.3626.109 Safari/537.36','http://localhost:8000/admin/order/action-selected','Menghapus data 117,116,115,114,113,112,111,110,109,108,107,106,105,104,103,102,101,100,99,98 pada Order','',1,'2019-02-21 06:05:15',NULL),(457,'127.0.0.1','Mozilla/5.0 (Windows NT 10.0; Win64; x64) AppleWebKit/537.36 (KHTML, like Gecko) Chrome/72.0.3626.109 Safari/537.36','http://localhost:8000/admin/order/delete/97','Menghapus data 97 pada Order','',1,'2019-02-21 06:05:20',NULL),(458,'127.0.0.1','Mozilla/5.0 (Windows NT 10.0; Win64; x64) AppleWebKit/537.36 (KHTML, like Gecko) Chrome/72.0.3626.109 Safari/537.36','http://localhost:8000/admin/users/delete/3','Menghapus data pengguna pada Manajemen Pengguna','',1,'2019-02-21 06:47:00',NULL),(459,'127.0.0.1','Mozilla/5.0 (Windows NT 10.0; Win64; x64) AppleWebKit/537.36 (KHTML, like Gecko) Chrome/72.0.3626.109 Safari/537.36','http://localhost:8000/admin/users/delete/2','Menghapus data sofan wahyudi pada Manajemen Pengguna','',1,'2019-02-21 06:47:04',NULL),(460,'127.0.0.1','Mozilla/5.0 (Windows NT 10.0; Win64; x64) AppleWebKit/537.36 (KHTML, like Gecko) Chrome/72.0.3626.109 Safari/537.36','http://localhost:8000/admin/users/add-save','Tambah data baru Sofan pada Manajemen Pengguna','',1,'2019-02-21 06:47:58',NULL),(461,'127.0.0.1','Mozilla/5.0 (Windows NT 10.0; Win64; x64) AppleWebKit/537.36 (KHTML, like Gecko) Chrome/72.0.3626.109 Safari/537.36','http://localhost:8000/admin/logout','admin@crudbooster.com keluar','',1,'2019-02-21 06:48:07',NULL),(462,'127.0.0.1','Mozilla/5.0 (Windows NT 10.0; Win64; x64) AppleWebKit/537.36 (KHTML, like Gecko) Chrome/72.0.3626.109 Safari/537.36','http://localhost:8000/admin/login','sofan@auroralink.id login dengan IP Address 127.0.0.1','',5,'2019-02-21 06:48:13',NULL),(463,'127.0.0.1','Mozilla/5.0 (Windows NT 10.0; Win64; x64) AppleWebKit/537.36 (KHTML, like Gecko) Chrome/72.0.3626.109 Safari/537.36','http://localhost:8000/admin/logout','sofan@auroralink.id keluar','',5,'2019-02-21 07:37:27',NULL),(464,'127.0.0.1','Mozilla/5.0 (Windows NT 10.0; Win64; x64) AppleWebKit/537.36 (KHTML, like Gecko) Chrome/72.0.3626.109 Safari/537.36','http://localhost:8000/admin/login','admin@crudbooster.com login dengan IP Address 127.0.0.1','',1,'2019-02-21 07:37:39',NULL),(465,'127.0.0.1','Mozilla/5.0 (Windows NT 10.0; Win64; x64) AppleWebKit/537.36 (KHTML, like Gecko) Chrome/72.0.3626.109 Safari/537.36','http://localhost:8000/admin/email_templates/edit-save/2','Memperbaharui data Order berhasil pada Kerangka Email','<table class=\"table table-striped\"><thead><tr><th>Key</th><th>Old Value</th><th>New Value</th></thead><tbody><tr><td>content</td><td><div style=\"color: rgb(34, 34, 34); font-family: Roboto, RobotoDraft, Helvetica, Arial, sans-serif; font-size: small;\"><p align=\"left\"><b><span style=\"font-size: 9pt; font-family: Arial, sans-serif; color: rgb(204, 0, 0);\">PENTING. Bila belum menerima informasi tagihan Telkom Anda 7 (tujuh) hari sebelum tanggal jatuh tempo, harap hubungi CallCenter 147.</span></b><span style=\"font-size: 9pt; font-family: Arial, sans-serif; color: rgb(34, 68, 102);\"></span></p><p align=\"left\">Yth Bapak/Ibu&nbsp;<br></p><p align=\"left\"><br></p><p align=\"justify\">Kami ucapkan terima kasih atas kepercayaan dan kesediaan Bapak/Ibu untuk berlangganan layanan IndiHome Telkom yang merupakan layanan Triple Play (terdiri dari Telepon, Internet dan IPTV).</p><p align=\"justify\">Melalui email ini, kami sampaikan informasi tagihan layanan IndiHome Bapak/Ibu Bulan Februari 2019. Untuk kemudahan pembayarannya Telkom menyediakan beberapa moda pembayaran melalui kerjasama dengan pihak Perbankan seperti moda pembayaran Autodebet (autodebet dari rekening tabungan atau Autodebet Kartu Kredit), Mobile banking (Internet banking, SMS banking dan Phone banking) maupun ATM.</p><p>Untuk pembayaran tagihan dengan Kartu Kredit dapat dilakukan melalui aplikasi myIndiHome. Silahkan unduh aplikasi myIndiHome di Android&nbsp;<a href=\"https://goo.gl/H7xzYk\" target=\"_blank\" data-saferedirecturl=\"https://www.google.com/url?q=https://goo.gl/H7xzYk&amp;source=gmail&amp;ust=1550838988922000&amp;usg=AFQjCNFZTHatSgEtg5hJHSOcVuwu3KoKYg\" style=\"color: rgb(17, 85, 204);\">https://goo.gl/H7xzYk</a>&nbsp;- di IOS&nbsp;<a href=\"https://goo.gl/va3a1E\" target=\"_blank\" data-saferedirecturl=\"https://www.google.com/url?q=https://goo.gl/va3a1E&amp;source=gmail&amp;ust=1550838988922000&amp;usg=AFQjCNGGPIQk-IRphCRCyeealSqT3gG5Ew\" style=\"color: rgb(17, 85, 204);\">https://goo.gl/va3a1E</a>.</p><p>Silakan gunakan password e-Statement Anda untuk membukanya.&nbsp;<br><br>Password standar e-Statement adalah</p><b><span style=\"font-size: 9pt; font-family: Arial, sans-serif; color: rgb(204, 0, 0);\">123456</span></b><span style=\"font-size: 9pt; font-family: Arial, sans-serif; color: rgb(34, 68, 102);\">&nbsp;<br><br></span><b><span style=\"font-size: 9pt; font-family: Arial, sans-serif; color: rgb(204, 0, 0);\">Untuk membuka lampiran e-Statement, Anda membutuhkan Adobe Reader versi 7 atau versi yang lebih baru</span></b><span style=\"font-size: 9pt; font-family: Arial, sans-serif; color: rgb(34, 68, 102);\">.&nbsp;<br><a href=\"http://get.adobe.com/reader/\" target=\"_blank\" data-saferedirecturl=\"https://www.google.com/url?q=http://get.adobe.com/reader/&amp;source=gmail&amp;ust=1550838988922000&amp;usg=AFQjCNG9GMnvuBJ2ewz3M_fn5uWjG-E1eQ\" style=\"color: rgb(17, 85, 204);\"><img src=\"https://mail.google.com/mail/u/0?ui=2&amp;ik=578b12841d&amp;attid=0.1&amp;permmsgid=msg-f:1624731186024836831&amp;th=168c3467ce826edf&amp;view=fimg&amp;sz=s0-l75-ft&amp;attbid=ANGjdJ-7vB5u0R8TqKAwMT-QfxhbxaKrRSFWC3_vGPK4zL66dVAiRRjof1u3xciDGFMmBglGtPa5gNOtRXOJOdt0Bpik0bVWiv_YzI6E2qFDpDZWlHs_Jrc7gP8gorY&amp;disp=emb\" alt=\"Get ADOBE Reader\" border=\"0\" height=\"33\" width=\"112\" data-image-whitelisted=\"\" class=\"CToWUd\"></a><br><br>Beberapa hal penting yang perlu Anda perhatikan untuk keamanan Informasi Billing Statement Anda :</span><ul type=\"disc\"><li class=\"MsoNormal\" style=\"margin: 0px 0px 0px 15px; color: rgb(34, 68, 102);\"><p align=\"left\" style=\"margin-top: 2px; margin-bottom: 2px;\"><span style=\"font-family: Arial, sans-serif; font-size: 9pt;\">Apabila pelanggan menerima telepon atau sms atau surat terkait program berhadiah dari Telkom, untuk menghindari kemungkinan penipuan yang meng atas namakan Telkom, dimohon kesediaannya melakukan konfirmasi ke Contact Center Telkom - 147 (pulsa lokal)</span><span style=\"font-size: 9pt; font-family: Arial, sans-serif;\">.</span></p></li><li class=\"MsoNormal\" style=\"margin: 0px 0px 0px 15px; color: rgb(34, 68, 102);\"><p align=\"left\" style=\"margin-top: 2px; margin-bottom: 2px;\"><span style=\"font-size: 9pt; font-family: Arial, sans-serif;\">Bila ada perubahan alamat, nomor telepon atau alamat e-mail, mohon hubungi Layanan Contact Center&nbsp;</span><span style=\"font-family: Arial, sans-serif; font-size: 9pt;\">147 (pulsa lokal)</span><span style=\"font-size: 9pt; font-family: Arial, sans-serif;\">.</span></p></li><li class=\"MsoNormal\" style=\"margin: 0px 0px 0px 15px; color: rgb(34, 68, 102);\"><p align=\"left\"><font face=\"Arial,sans-serif\" style=\"font-size: 9pt;\">Dimohon kepada Pelanggan untuk tidak memberikan tips kepada petugas pemasangan/perbaikan telepon/Indihome, karena layanan yang diberikan petugas merupakan bagian dari tugas sesuai aturan yang berlaku.</font></p></li></ul><span style=\"font-size: 9pt; font-family: Arial, sans-serif; color: rgb(34, 68, 102);\"><p>Email ini bersifat informasi dan tidak dapat di-reply, bila ada hal lain yang ingin Bapak/Ibu &nbsp;tanyakan tentang layanan Telkom dapat menghubungi kami melalui :</p><table border=\"0\" cellpadding=\"1\" cellspacing=\"1\" style=\"width: 500px;\"><tbody><tr><td style=\"font-family: Roboto, RobotoDraft, Helvetica, Arial, sans-serif; margin: 0px;\"><span style=\"font-size: 12.8px;\">Contact Center Telkom</span></td><td style=\"font-family: Roboto, RobotoDraft, Helvetica, Arial, sans-serif; margin: 0px;\">:</td><td style=\"font-family: Roboto, RobotoDraft, Helvetica, Arial, sans-serif; margin: 0px;\"><span style=\"font-size: 12.8px;\">147</span></td></tr><tr><td style=\"font-family: Roboto, RobotoDraft, Helvetica, Arial, sans-serif; margin: 0px;\"><span style=\"font-size: 12.8px;\">Twitter &nbsp;&nbsp;</span></td><td style=\"font-family: Roboto, RobotoDraft, Helvetica, Arial, sans-serif; margin: 0px;\">:</td><td style=\"font-family: Roboto, RobotoDraft, Helvetica, Arial, sans-serif; margin: 0px;\"><a href=\"http://www.twitter.com/telkomcare\" target=\"_blank\" data-saferedirecturl=\"https://www.google.com/url?q=http://www.twitter.com/telkomcare&amp;source=gmail&amp;ust=1550838988922000&amp;usg=AFQjCNGJ5fJA-Mj3Vgnz2lczWMz1shSxgA\" style=\"color: rgb(17, 85, 204); font-size: 12.8px;\">www.twitter.com/telkomcare</a><span style=\"font-size: 12.8px;\">&nbsp;(@<wbr>TelkomCare)</span></td></tr><tr><td style=\"font-family: Roboto, RobotoDraft, Helvetica, Arial, sans-serif; margin: 0px;\"><span style=\"font-size: 12.8px;\">Facebook &nbsp;&nbsp;</span></td><td style=\"font-family: Roboto, RobotoDraft, Helvetica, Arial, sans-serif; margin: 0px;\">:</td><td style=\"font-family: Roboto, RobotoDraft, Helvetica, Arial, sans-serif; margin: 0px;\"><a href=\"http://www.facebook.com/telkomcare\" target=\"_blank\" data-saferedirecturl=\"https://www.google.com/url?q=http://www.facebook.com/telkomcare&amp;source=gmail&amp;ust=1550838988922000&amp;usg=AFQjCNGSiFZJ1sFbksYpvQyNR9b1JEUilg\" style=\"color: rgb(17, 85, 204); font-size: 12.8px;\">www.facebook.com/telkomcare</a></td></tr><tr><td style=\"font-family: Roboto, RobotoDraft, Helvetica, Arial, sans-serif; margin: 0px;\"><span style=\"font-size: 12.8px;\">Apps &nbsp;</span></td><td style=\"font-family: Roboto, RobotoDraft, Helvetica, Arial, sans-serif; margin: 0px;\">:</td><td style=\"font-family: Roboto, RobotoDraft, Helvetica, Arial, sans-serif; margin: 0px;\">myIndiHome</td></tr><tr><td style=\"font-family: Roboto, RobotoDraft, Helvetica, Arial, sans-serif; margin: 0px;\"><span style=\"font-size: 12.8px;\">Email &nbsp;</span></td><td style=\"font-family: Roboto, RobotoDraft, Helvetica, Arial, sans-serif; margin: 0px;\">:</td><td style=\"font-family: Roboto, RobotoDraft, Helvetica, Arial, sans-serif; margin: 0px;\"><span style=\"font-size: 12.8px;\"><a href=\"mailto:CustomerCare@telkom.co.id\" target=\"_blank\" style=\"color: rgb(17, 85, 204);\">CustomerCare@telkom.co.id</a></span></td></tr></tbody></table></span><p class=\"MsoNormal\" align=\"left\" style=\"margin-bottom: 0px;\"><span style=\"font-size: 9pt; font-family: Arial, sans-serif; color: rgb(34, 68, 102);\"><br>Terima Kasih,&nbsp;<br><br>PT Telekomunikasi Indonesia, Tbk</span></p></div><p><img src=\"https://ci4.googleusercontent.com/proxy/HZqYkUgTFtDSaO_y_uy6-VNfPyhAvdeca0M6o5vDdEhArC4kmCejG6t9vCHA5Q7k7HOdZK3QvmAX5cug7YqSeSokuUqp_ZvA7xfiA7Sofs0kh37AzA=s0-d-e1-ft#http://www.telkom.co.id/assets/uploads/2015/05/telkom-care_tlk.png\" class=\"m_-8688781500133772458CToWUd CToWUd\" style=\"color: rgb(34, 34, 34); font-family: Roboto, RobotoDraft, Helvetica, Arial, sans-serif; font-size: small;\"><span style=\"color: rgb(34, 34, 34); font-family: Roboto, RobotoDraft, Helvetica, Arial, sans-serif; font-size: small;\">&nbsp;</span><br style=\"color: rgb(34, 34, 34); font-family: Roboto, RobotoDraft, Helvetica, Arial, sans-serif; font-size: small;\"></p><center style=\"color: rgb(34, 34, 34); font-family: Roboto, RobotoDraft, Helvetica, Arial, sans-serif; font-size: small;\">Untuk melakukan pembayaran menggunakan kartu kredit /Tokopedia silahkan klik /scan QR Code&nbsp;<br><br><table><tbody><tr><td valign=\"top\" style=\"margin: 0px;\"><center><b>Kartu Kredit&nbsp;</b><br><br><br><br><a href=\"https://my.indihome.co.id/registrasi-ebilling/landing-page?requestername=YmWJZUOQc2KUZHCB&amp;handphone=&amp;email=gpaykpWhT4KuXFuAiI6hjI9uhJCt&amp;notel=UVRxVlp2WlZ0VQ%3D%3D\" target=\"_blank\" data-saferedirecturl=\"https://www.google.com/url?q=https://my.indihome.co.id/registrasi-ebilling/landing-page?requestername%3DYmWJZUOQc2KUZHCB%26handphone%3D%26email%3DgpaykpWhT4KuXFuAiI6hjI9uhJCt%26notel%3DUVRxVlp2WlZ0VQ%253D%253D&amp;source=gmail&amp;ust=1550838988923000&amp;usg=AFQjCNHep9kB05kd8WgUCNTTZz_aV9gufA\" style=\"color: rgb(17, 85, 204);\"><img src=\"https://mail.google.com/mail/u/0?ui=2&amp;ik=578b12841d&amp;attid=0.2&amp;permmsgid=msg-f:1624731186024836831&amp;th=168c3467ce826edf&amp;view=fimg&amp;sz=s0-l75-ft&amp;attbid=ANGjdJ_JMpPvzXHzUmjNcr3JSL4aZedZeMbtc4IYUUSQX0HAEFhyYsRBQ8WwSnbtzqPsFuU0_BeNFaCW-EKBoDOiwTUno3wT-zuaHRvlS8B4cvnRCtp-vKZ99ANHkF0&amp;disp=emb\" alt=\"Pay Now with Credit Card\" border=\"0\" data-image-whitelisted=\"\" class=\"CToWUd\"></a></center></td><td style=\"margin: 0px;\"><center><b>Tokopedia</b>&nbsp;<br><a href=\"https://tokopedia.app.link/?feature=digital&amp;campaign=telkom_indihome&amp;channel=qr&amp;$android_deeplink_path=digital/form?category_id=10%26operator_id=151%26product_id=752%26client_number=152404212677&amp;$ios_deeplink_path=digital/form?category_id=10%26operator_id=151%26product_id=752%26client_number=152404212677&amp;$desktop_url=https://pulsa.tokopedia.com/&amp;action=edit_data&amp;client_number=152404212677&amp;product_id=752&amp;operator_id=151&amp;$android_url=https://pulsa.tokopedia.com/&amp;action=edit_data&amp;client_number=152404212677&amp;product_id=752&amp;operator_id=151\" target=\"_blank\" data-saferedirecturl=\"https://www.google.com/url?q=https://tokopedia.app.link/?feature%3Ddigital%26campaign%3Dtelkom_indihome%26channel%3Dqr%26$android_deeplink_path%3Ddigital/form?category_id%3D10%2526operator_id%3D151%2526product_id%3D752%2526client_number%3D152404212677%26$ios_deeplink_path%3Ddigital/form?category_id%3D10%2526operator_id%3D151%2526product_id%3D752%2526client_number%3D152404212677%26$desktop_url%3Dhttps://pulsa.tokopedia.com/%26action%3Dedit_data%26client_number%3D152404212677%26product_id%3D752%26operator_id%3D151%26$android_url%3Dhttps://pulsa.tokopedia.com/%26action%3Dedit_data%26client_number%3D152404212677%26product_id%3D752%26operator_id%3D151&amp;source=gmail&amp;ust=1550838988923000&amp;usg=AFQjCNEclD5HhEJaf4jSTRC0bGueD03vxA\" style=\"color: rgb(17, 85, 204);\"><img width=\"300\" height=\"300\" src=\"https://mail.google.com/mail/u/0?ui=2&amp;ik=578b12841d&amp;attid=0.3&amp;permmsgid=msg-f:1624731186024836831&amp;th=168c3467ce826edf&amp;view=fimg&amp;sz=s0-l75-ft&amp;attbid=ANGjdJ8ymuziwW7P2qBZrhRtvCdZg378oxbM81P7Lg1-VPusVXmIq9BcFUlL3ebEgCNKRz7O_2xTI_tAAV-PbgEUyFUtPkAbraWL_hyc0LnpmDF3znmUC5CQL7W_ksU&amp;disp=emb\" alt=\"Bayar Tagihan Anda melalui Tokopedia\" border=\"0\" data-image-whitelisted=\"\" class=\"CToWUd\"></a></center></td></tr></tbody></table><br><br><br>Untuk berhenti berlangganan Email ini silahkan klik&nbsp;<a href=\"https://my.indihome.co.id/registrasi-ebilling/unsubs?nolayanan=UVRxVlp2WlZ0VQ%3D%3D&amp;email=gpaykpWhT4KuXFuAiI6hjI9uhJCt\" target=\"_blank\" data-saferedirecturl=\"https://www.google.com/url?q=https://my.indihome.co.id/registrasi-ebilling/unsubs?nolayanan%3DUVRxVlp2WlZ0VQ%253D%253D%26email%3DgpaykpWhT4KuXFuAiI6hjI9uhJCt&amp;source=gmail&amp;ust=1550838988923000&amp;usg=AFQjCNFOr6Kf2Orbm-1lEeU8_A1v-JLeSw\" style=\"color: rgb(17, 85, 204);\">di sini.</a></center></td><td><div style=\"\"><p align=\"left\" style=\"\"><font color=\"#222222\" face=\"Roboto, RobotoDraft, Helvetica, Arial, sans-serif\" size=\"2\">Order berhasil</font><br></p></div></td></tr><tr><td>cc_email</td><td></td><td></td></tr></tbody></table>',1,'2019-02-21 07:44:42',NULL),(466,'127.0.0.1','Mozilla/5.0 (Windows NT 10.0; Win64; x64; rv:65.0) Gecko/20100101 Firefox/65.0','http://localhost:8000/admin/order/add-save','Tambah data baru  pada Order','',3,'2019-02-21 07:55:12',NULL),(467,'127.0.0.1','Mozilla/5.0 (Windows NT 10.0; Win64; x64) AppleWebKit/537.36 (KHTML, like Gecko) Chrome/72.0.3626.109 Safari/537.36','http://127.0.0.1:8000/admin/login','sofan@auroralink.id login dengan IP Address 127.0.0.1','',5,'2019-02-21 18:26:21',NULL),(468,'127.0.0.1','Mozilla/5.0 (Windows NT 10.0; Win64; x64; rv:65.0) Gecko/20100101 Firefox/65.0','http://127.0.0.1:8000/admin/login','admin@crudbooster.com login dengan IP Address 127.0.0.1','',1,'2019-02-21 18:27:39',NULL),(469,'127.0.0.1','Mozilla/5.0 (Windows NT 10.0; Win64; x64) AppleWebKit/537.36 (KHTML, like Gecko) Chrome/72.0.3626.109 Safari/537.36','http://127.0.0.1:8000/admin/order/add-save','Tambah data baru  pada Order','',5,'2019-02-21 19:20:01',NULL),(470,'127.0.0.1','Mozilla/5.0 (Windows NT 10.0; Win64; x64) AppleWebKit/537.36 (KHTML, like Gecko) Chrome/72.0.3626.109 Safari/537.36','http://127.0.0.1:8000/admin/order/add-save','Tambah data baru  pada Order','',5,'2019-02-21 19:22:34',NULL),(471,'127.0.0.1','Mozilla/5.0 (Windows NT 10.0; Win64; x64) AppleWebKit/537.36 (KHTML, like Gecko) Chrome/72.0.3626.109 Safari/537.36','http://127.0.0.1:8000/admin/logout','sofan@auroralink.id keluar','',5,'2019-02-21 19:23:28',NULL),(472,'127.0.0.1','Mozilla/5.0 (Windows NT 10.0; Win64; x64) AppleWebKit/537.36 (KHTML, like Gecko) Chrome/72.0.3626.109 Safari/537.36','http://127.0.0.1:8000/admin/login','aurora.an98@gmail.com login dengan IP Address 127.0.0.1','',4,'2019-02-21 19:28:26',NULL),(473,'127.0.0.1','Mozilla/5.0 (Windows NT 10.0; Win64; x64) AppleWebKit/537.36 (KHTML, like Gecko) Chrome/72.0.3626.109 Safari/537.36','http://127.0.0.1:8000/admin/users/edit-save/4','Memperbaharui data hendra pada Manajemen Pengguna','<table class=\"table table-striped\"><thead><tr><th>Key</th><th>Old Value</th><th>New Value</th></thead><tbody><tr><td>password</td><td>$2y$10$CIWd39ocTxOXr9.KRmnHwOtSv5AfIJ.z08tJM7j9qAAKnOn9/SL1u</td><td>$2y$10$Mdnuy74iKp2oak.FKEZBe.P/0zIym7GJLrlkW0hza8HExMl6PYtQC</td></tr><tr><td>id_cms_privileges</td><td>3</td><td></td></tr><tr><td>status</td><td></td><td></td></tr></tbody></table>',4,'2019-02-21 19:28:44',NULL),(474,'127.0.0.1','Mozilla/5.0 (Windows NT 10.0; Win64; x64) AppleWebKit/537.36 (KHTML, like Gecko) Chrome/72.0.3626.109 Safari/537.36','http://127.0.0.1:8000/admin/order/add-save','Tambah data baru  pada Order','',4,'2019-02-21 19:29:15',NULL),(475,'127.0.0.1','Mozilla/5.0 (Windows NT 10.0; Win64; x64; rv:65.0) Gecko/20100101 Firefox/65.0','http://127.0.0.1:8000/admin/order/action-selected','Menghapus data 231,230,229,228,227,226,225,224,223,222,221,220,219,218,217,216,215,214,213,212 pada Order','',1,'2019-02-21 19:30:19',NULL),(476,'127.0.0.1','Mozilla/5.0 (Windows NT 10.0; Win64; x64; rv:65.0) Gecko/20100101 Firefox/65.0','http://127.0.0.1:8000/admin/order/action-selected','Menghapus data 233,232,211,210,209,208,207,206,205,204,203,202,201,200,199,198,197,196,195,194 pada Order','',1,'2019-02-21 19:30:28',NULL),(477,'127.0.0.1','Mozilla/5.0 (Windows NT 10.0; Win64; x64; rv:65.0) Gecko/20100101 Firefox/65.0','http://127.0.0.1:8000/admin/order/action-selected','Menghapus data 193,192,191,190,189,188,187,186,185,184,183,182,181,180,179,178,177,176,175,174 pada Order','',1,'2019-02-21 19:30:33',NULL),(478,'127.0.0.1','Mozilla/5.0 (Windows NT 10.0; Win64; x64; rv:65.0) Gecko/20100101 Firefox/65.0','http://127.0.0.1:8000/admin/order/action-selected','Menghapus data 173,172,171,170,169,168,167,166,165,164,163,162,161,160,159,158,157,156,155,154 pada Order','',1,'2019-02-21 19:30:42',NULL),(479,'127.0.0.1','Mozilla/5.0 (Windows NT 10.0; Win64; x64; rv:65.0) Gecko/20100101 Firefox/65.0','http://127.0.0.1:8000/admin/order/action-selected','Menghapus data 153,152,151,150,149,148,147,146,145,144,143,142,141,140,139,138,137,136,135,134 pada Order','',1,'2019-02-21 19:30:48',NULL),(480,'127.0.0.1','Mozilla/5.0 (Windows NT 10.0; Win64; x64; rv:65.0) Gecko/20100101 Firefox/65.0','http://127.0.0.1:8000/admin/order/action-selected','Menghapus data 133,132,131,130,129,128,127,126,125,124,123,122,121,120,119,118 pada Order','',1,'2019-02-21 19:30:55',NULL),(481,'127.0.0.1','Mozilla/5.0 (Windows NT 10.0; Win64; x64; rv:65.0) Gecko/20100101 Firefox/65.0','http://127.0.0.1:8000/admin/email_templates/edit-save/2','Memperbaharui data Order berhasil pada Kerangka Email','<table class=\"table table-striped\"><thead><tr><th>Key</th><th>Old Value</th><th>New Value</th></thead><tbody><tr><td>cc_email</td><td></td><td>sofan@auroralink.id</td></tr></tbody></table>',1,'2019-02-21 19:31:28',NULL),(482,'127.0.0.1','Mozilla/5.0 (Windows NT 10.0; Win64; x64) AppleWebKit/537.36 (KHTML, like Gecko) Chrome/72.0.3626.109 Safari/537.36','http://127.0.0.1:8000/admin/order/add-save','Tambah data baru  pada Order','',4,'2019-02-21 19:31:56',NULL),(483,'127.0.0.1','Mozilla/5.0 (Windows NT 10.0; Win64; x64) AppleWebKit/537.36 (KHTML, like Gecko) Chrome/72.0.3626.109 Safari/537.36','http://127.0.0.1:8000/admin/ticket/add-save','Tambah data baru komputer bosok pada Ticket','',4,'2019-02-21 19:38:54',NULL),(484,'127.0.0.1','Mozilla/5.0 (Windows NT 10.0; Win64; x64; rv:65.0) Gecko/20100101 Firefox/65.0','http://127.0.0.1:8000/admin/email_templates/add-save','Tambah data baru Ticket pada Kerangka Email','',1,'2019-02-21 19:41:24',NULL),(485,'127.0.0.1','Mozilla/5.0 (Windows NT 10.0; Win64; x64) AppleWebKit/537.36 (KHTML, like Gecko) Chrome/72.0.3626.109 Safari/537.36','http://127.0.0.1:8000/admin/ticket/add-save','Tambah data baru komputer bosok teruss pada Ticket','',4,'2019-02-21 19:42:16',NULL),(486,'127.0.0.1','Mozilla/5.0 (Windows NT 10.0; Win64; x64; rv:65.0) Gecko/20100101 Firefox/65.0','http://127.0.0.1:8000/admin/email_templates/add-save','Tambah data baru Update Ticket pada Kerangka Email','',1,'2019-02-21 19:53:29',NULL),(487,'127.0.0.1','Mozilla/5.0 (Windows NT 10.0; Win64; x64) AppleWebKit/537.36 (KHTML, like Gecko) Chrome/72.0.3626.109 Safari/537.36','http://127.0.0.1:8000/admin/ticket/add-save','Tambah data baru kabel pedot pada Ticket','',4,'2019-02-21 20:08:53',NULL),(488,'127.0.0.1','Mozilla/5.0 (Windows NT 10.0; Win64; x64) AppleWebKit/537.36 (KHTML, like Gecko) Chrome/72.0.3626.109 Safari/537.36','http://127.0.0.1:8000/admin/ticket/add-save','Tambah data baru wifi tewas pada Ticket','',4,'2019-02-21 20:14:37',NULL),(489,'127.0.0.1','Mozilla/5.0 (Windows NT 10.0; Win64; x64; rv:65.0) Gecko/20100101 Firefox/65.0','http://127.0.0.1:8000/admin/email_templates/add-save','Tambah data baru Status Pembayaran pada Kerangka Email','',1,'2019-02-21 20:22:55',NULL),(490,'127.0.0.1','Mozilla/5.0 (Windows NT 10.0; Win64; x64) AppleWebKit/537.36 (KHTML, like Gecko) Chrome/72.0.3626.119 Safari/537.36','http://127.0.0.1:8000/admin/login','admin@crudbooster.com login dengan IP Address 127.0.0.1','',1,'2019-02-22 06:31:07',NULL),(491,'127.0.0.1','Mozilla/5.0 (Windows NT 10.0; Win64; x64; rv:65.0) Gecko/20100101 Firefox/65.0','http://127.0.0.1:8000/admin/login','aurora.an98@gmail.com login dengan IP Address 127.0.0.1','',4,'2019-02-22 06:32:56',NULL),(492,'127.0.0.1','Mozilla/5.0 (Windows NT 10.0; Win64; x64; rv:65.0) Gecko/20100101 Firefox/65.0','http://127.0.0.1:8000/admin/ticket/add-save','Tambah data baru web down pada Ticket','',4,'2019-02-22 06:34:36',NULL),(493,'127.0.0.1','Mozilla/5.0 (Windows NT 10.0; Win64; x64) AppleWebKit/537.36 (KHTML, like Gecko) Chrome/72.0.3626.119 Safari/537.36','http://127.0.0.1:8000/admin/ticket/action-selected','Menghapus data 18,17,16,15,14,13,12,11,10,9,8,7 pada Ticket','',1,'2019-02-22 06:38:20',NULL),(494,'127.0.0.1','Mozilla/5.0 (Windows NT 10.0; Win64; x64; rv:65.0) Gecko/20100101 Firefox/65.0','http://127.0.0.1:8000/admin/ticket/add-save','Tambah data baru website down pada Ticket','',4,'2019-02-22 06:39:47',NULL),(495,'127.0.0.1','Mozilla/5.0 (Windows NT 10.0; Win64; x64) AppleWebKit/537.36 (KHTML, like Gecko) Chrome/72.0.3626.119 Safari/537.36','http://127.0.0.1:8000/admin/jasa/add-save','Tambah data baru Servis Laptop pada Jasa','',1,'2019-02-22 07:20:17',NULL),(496,'127.0.0.1','Mozilla/5.0 (Windows NT 10.0; Win64; x64) AppleWebKit/537.36 (KHTML, like Gecko) Chrome/72.0.3626.119 Safari/537.36','http://127.0.0.1:8000/admin/login','admin@crudbooster.com login dengan IP Address 127.0.0.1','',1,'2019-02-22 21:17:31',NULL),(497,'127.0.0.1','Mozilla/5.0 (Windows NT 10.0; Win64; x64) AppleWebKit/537.36 (KHTML, like Gecko) Chrome/72.0.3626.119 Safari/537.36','http://127.0.0.1:8000/admin/s_servis/add-save','Tambah data baru Dalam Antrian pada Status Servis','',1,'2019-02-22 21:20:48',NULL),(498,'127.0.0.1','Mozilla/5.0 (Windows NT 10.0; Win64; x64) AppleWebKit/537.36 (KHTML, like Gecko) Chrome/72.0.3626.119 Safari/537.36','http://127.0.0.1:8000/admin/s_servis/add-save','Tambah data baru Dalam Pengetesan pada Status Servis','',1,'2019-02-22 21:21:09',NULL),(499,'127.0.0.1','Mozilla/5.0 (Windows NT 10.0; Win64; x64) AppleWebKit/537.36 (KHTML, like Gecko) Chrome/72.0.3626.119 Safari/537.36','http://127.0.0.1:8000/admin/s_servis/add-save','Tambah data baru Menunggu Sparepart pada Status Servis','',1,'2019-02-22 21:21:30',NULL),(500,'127.0.0.1','Mozilla/5.0 (Windows NT 10.0; Win64; x64) AppleWebKit/537.36 (KHTML, like Gecko) Chrome/72.0.3626.119 Safari/537.36','http://127.0.0.1:8000/admin/s_servis/add-save','Tambah data baru Dalam Pengerjaan pada Status Servis','',1,'2019-02-22 21:21:45',NULL),(501,'127.0.0.1','Mozilla/5.0 (Windows NT 10.0; Win64; x64) AppleWebKit/537.36 (KHTML, like Gecko) Chrome/72.0.3626.119 Safari/537.36','http://127.0.0.1:8000/admin/s_servis/add-save','Tambah data baru Selesai pada Status Servis','',1,'2019-02-22 21:22:01',NULL),(502,'127.0.0.1','Mozilla/5.0 (Windows NT 10.0; Win64; x64) AppleWebKit/537.36 (KHTML, like Gecko) Chrome/72.0.3626.119 Safari/537.36','http://127.0.0.1:8000/admin/s_servis/add-save','Tambah data baru Selesai-diambil pada Status Servis','',1,'2019-02-22 21:22:21',NULL),(503,'127.0.0.1','Mozilla/5.0 (Windows NT 10.0; Win64; x64) AppleWebKit/537.36 (KHTML, like Gecko) Chrome/72.0.3626.119 Safari/537.36','http://127.0.0.1:8000/admin/k_servis/add-save','Tambah data baru Laptop pada Kategori Servis','',1,'2019-02-22 21:22:32',NULL),(504,'127.0.0.1','Mozilla/5.0 (Windows NT 10.0; Win64; x64) AppleWebKit/537.36 (KHTML, like Gecko) Chrome/72.0.3626.119 Safari/537.36','http://127.0.0.1:8000/admin/k_servis/add-save','Tambah data baru Personal-computer pada Kategori Servis','',1,'2019-02-22 21:23:09',NULL),(505,'127.0.0.1','Mozilla/5.0 (Windows NT 10.0; Win64; x64) AppleWebKit/537.36 (KHTML, like Gecko) Chrome/72.0.3626.119 Safari/537.36','http://127.0.0.1:8000/admin/g_garansi/add-save','Tambah data baru Garansi pada Status Garansi','',1,'2019-02-22 21:23:24',NULL),(506,'127.0.0.1','Mozilla/5.0 (Windows NT 10.0; Win64; x64) AppleWebKit/537.36 (KHTML, like Gecko) Chrome/72.0.3626.119 Safari/537.36','http://127.0.0.1:8000/admin/g_garansi/add-save','Tambah data baru Tidak-Garansi pada Status Garansi','',1,'2019-02-22 21:23:34',NULL),(507,'127.0.0.1','Mozilla/5.0 (Windows NT 10.0; Win64; x64) AppleWebKit/537.36 (KHTML, like Gecko) Chrome/72.0.3626.119 Safari/537.36','http://127.0.0.1:8000/admin/module_generator/delete/37','Menghapus data Status Garansi pada Pembangun Modul','',1,'2019-02-22 21:48:55',NULL),(508,'127.0.0.1','Mozilla/5.0 (Windows NT 10.0; Win64; x64) AppleWebKit/537.36 (KHTML, like Gecko) Chrome/72.0.3626.119 Safari/537.36','http://127.0.0.1:8000/admin/module_generator/delete/35','Menghapus data Status Servis pada Pembangun Modul','',1,'2019-02-22 21:53:53',NULL),(509,'127.0.0.1','Mozilla/5.0 (Windows NT 10.0; Win64; x64) AppleWebKit/537.36 (KHTML, like Gecko) Chrome/72.0.3626.119 Safari/537.36','http://127.0.0.1:8000/admin/sgaransi/add-save','Tambah data baru Garansi pada Status Garansi','',1,'2019-02-22 21:55:21',NULL),(510,'127.0.0.1','Mozilla/5.0 (Windows NT 10.0; Win64; x64) AppleWebKit/537.36 (KHTML, like Gecko) Chrome/72.0.3626.119 Safari/537.36','http://127.0.0.1:8000/admin/sgaransi/add-save','Tambah data baru Tidak Bergaransi pada Status Garansi','',1,'2019-02-22 21:55:31',NULL),(511,'127.0.0.1','Mozilla/5.0 (Windows NT 10.0; Win64; x64) AppleWebKit/537.36 (KHTML, like Gecko) Chrome/72.0.3626.119 Safari/537.36','http://127.0.0.1:8000/admin/sgaransi/edit-save/1','Memperbaharui data Bergaransi pada Status Garansi','<table class=\"table table-striped\"><thead><tr><th>Key</th><th>Old Value</th><th>New Value</th></thead><tbody><tr><td>nama</td><td>Garansi</td><td>Bergaransi</td></tr></tbody></table>',1,'2019-02-22 21:55:40',NULL),(512,'127.0.0.1','Mozilla/5.0 (Windows NT 10.0; Win64; x64) AppleWebKit/537.36 (KHTML, like Gecko) Chrome/72.0.3626.119 Safari/537.36','http://127.0.0.1:8000/admin/servis/add-save','Tambah data baru  pada Servis','',1,'2019-02-22 22:11:40',NULL),(513,'127.0.0.1','Mozilla/5.0 (Windows NT 10.0; Win64; x64) AppleWebKit/537.36 (KHTML, like Gecko) Chrome/72.0.3626.119 Safari/537.36','http://127.0.0.1:8000/admin/servis/add-save','Tambah data baru  pada Servis','',1,'2019-02-22 22:15:00',NULL),(514,'127.0.0.1','Mozilla/5.0 (Windows NT 10.0; Win64; x64) AppleWebKit/537.36 (KHTML, like Gecko) Chrome/72.0.3626.119 Safari/537.36','http://127.0.0.1:8000/admin/servis/add-save','Tambah data baru  pada Servis','',1,'2019-02-22 22:35:38',NULL),(515,'127.0.0.1','Mozilla/5.0 (Windows NT 10.0; Win64; x64) AppleWebKit/537.36 (KHTML, like Gecko) Chrome/72.0.3626.119 Safari/537.36','http://127.0.0.1:8000/admin/servis/add-save','Tambah data baru  pada Servis','',1,'2019-02-22 22:42:58',NULL),(516,'127.0.0.1','Mozilla/5.0 (Windows NT 10.0; Win64; x64) AppleWebKit/537.36 (KHTML, like Gecko) Chrome/72.0.3626.119 Safari/537.36','http://127.0.0.1:8000/admin/servis/add-save','Tambah data baru  pada Servis','',1,'2019-02-22 22:56:43',NULL),(517,'127.0.0.1','Mozilla/5.0 (Windows NT 10.0; Win64; x64) AppleWebKit/537.36 (KHTML, like Gecko) Chrome/72.0.3626.119 Safari/537.36','http://127.0.0.1:8000/admin/servis/add-save','Tambah data baru  pada Servis','',1,'2019-02-22 23:02:06',NULL),(518,'127.0.0.1','Mozilla/5.0 (Windows NT 10.0; Win64; x64) AppleWebKit/537.36 (KHTML, like Gecko) Chrome/72.0.3626.119 Safari/537.36','http://127.0.0.1:8000/admin/servis/edit-save/6','Memperbaharui data  pada Servis','<table class=\"table table-striped\"><thead><tr><th>Key</th><th>Old Value</th><th>New Value</th></thead><tbody><tr><td>deleted_at</td><td></td><td></td></tr><tr><td>status</td><td>selesai</td><td></td></tr><tr><td>biaya</td><td>0</td><td>200000</td></tr></tbody></table>',1,'2019-02-22 23:44:29',NULL),(519,'127.0.0.1','Mozilla/5.0 (Windows NT 10.0; Win64; x64) AppleWebKit/537.36 (KHTML, like Gecko) Chrome/72.0.3626.119 Safari/537.36','http://127.0.0.1:8000/admin/login','admin@crudbooster.com login dengan IP Address 127.0.0.1','',1,'2019-02-23 02:16:07',NULL),(520,'127.0.0.1','Mozilla/5.0 (Windows NT 10.0; Win64; x64) AppleWebKit/537.36 (KHTML, like Gecko) Chrome/72.0.3626.119 Safari/537.36','http://127.0.0.1:8000/admin/servis/edit-save/5','Memperbaharui data  pada Servis','<table class=\"table table-striped\"><thead><tr><th>Key</th><th>Old Value</th><th>New Value</th></thead><tbody><tr><td>deleted_at</td><td></td><td></td></tr><tr><td>status</td><td>diambil</td><td></td></tr><tr><td>biaya</td><td>0</td><td>100000</td></tr></tbody></table>',1,'2019-02-23 02:16:42',NULL),(521,'127.0.0.1','Mozilla/5.0 (Windows NT 10.0; Win64; x64; rv:65.0) Gecko/20100101 Firefox/65.0','http://127.0.0.1:8000/admin/login','aurora.an98@gmail.com login dengan IP Address 127.0.0.1','',4,'2019-02-23 02:37:00',NULL),(522,'127.0.0.1','Mozilla/5.0 (Windows NT 10.0; Win64; x64; rv:65.0) Gecko/20100101 Firefox/65.0','http://127.0.0.1:8000/admin/ticket/add-save','Tambah data baru website down pada Ticket','',4,'2019-02-23 02:46:37',NULL),(523,'127.0.0.1','Mozilla/5.0 (Windows NT 10.0; Win64; x64; rv:65.0) Gecko/20100101 Firefox/65.0','http://127.0.0.1:8000/admin/order/add-save','Tambah data baru  pada Order','',4,'2019-02-23 03:13:18',NULL),(524,'127.0.0.1','Mozilla/5.0 (Windows NT 10.0; Win64; x64; rv:65.0) Gecko/20100101 Firefox/65.0','http://127.0.0.1:8000/admin/ticket/add-save','Tambah data baru website down pada Ticket','',4,'2019-02-23 03:22:13',NULL),(525,'127.0.0.1','Mozilla/5.0 (Windows NT 10.0; Win64; x64) AppleWebKit/537.36 (KHTML, like Gecko) Chrome/72.0.3626.119 Safari/537.36','http://127.0.0.1:8000/admin/menu_management/add-save','Tambah data baru Servis pada Pengolah Menu','',1,'2019-02-23 03:43:05',NULL),(526,'127.0.0.1','Mozilla/5.0 (Windows NT 10.0; Win64; x64; rv:65.0) Gecko/20100101 Firefox/65.0','http://127.0.0.1:8000/admin/servis','Mencoba melihat data :name pada Servis','',4,'2019-02-23 03:43:13',NULL),(527,'127.0.0.1','Mozilla/5.0 (Windows NT 10.0; Win64; x64; rv:65.0) Gecko/20100101 Firefox/65.0','http://127.0.0.1:8000/admin/servis','Mencoba melihat data :name pada Servis','',4,'2019-02-23 03:43:20',NULL),(528,'127.0.0.1','Mozilla/5.0 (Windows NT 10.0; Win64; x64; rv:65.0) Gecko/20100101 Firefox/65.0','http://127.0.0.1:8000/admin/servis','Mencoba melihat data :name pada Servis','',4,'2019-02-23 03:44:03',NULL),(529,'127.0.0.1','Mozilla/5.0 (Windows NT 10.0; Win64; x64; rv:65.0) Gecko/20100101 Firefox/65.0','http://127.0.0.1:8000/admin/servis','Mencoba melihat data :name pada Servis','',4,'2019-02-23 03:45:38',NULL),(530,'127.0.0.1','Mozilla/5.0 (Windows NT 10.0; Win64; x64; rv:65.0) Gecko/20100101 Firefox/65.0','http://127.0.0.1:8000/admin/servis','Mencoba melihat data :name pada Servis','',4,'2019-02-23 03:46:01',NULL),(531,'127.0.0.1','Mozilla/5.0 (Windows NT 10.0; Win64; x64; rv:65.0) Gecko/20100101 Firefox/65.0','http://127.0.0.1:8000/admin/servis','Mencoba melihat data :name pada Servis','',4,'2019-02-23 03:48:39',NULL),(532,'127.0.0.1','Mozilla/5.0 (Windows NT 10.0; Win64; x64; rv:65.0) Gecko/20100101 Firefox/65.0','http://127.0.0.1:8000/admin/logout','aurora.an98@gmail.com keluar','',4,'2019-02-23 03:48:51',NULL),(533,'127.0.0.1','Mozilla/5.0 (Windows NT 10.0; Win64; x64; rv:65.0) Gecko/20100101 Firefox/65.0','http://127.0.0.1:8000/admin/login','aurora.an98@gmail.com login dengan IP Address 127.0.0.1','',4,'2019-02-23 03:49:04',NULL),(534,'127.0.0.1','Mozilla/5.0 (Windows NT 10.0; Win64; x64; rv:65.0) Gecko/20100101 Firefox/65.0','http://127.0.0.1:8000/admin/servis','Mencoba melihat data :name pada Servis','',4,'2019-02-23 03:49:07',NULL),(535,'127.0.0.1','Mozilla/5.0 (Windows NT 10.0; Win64; x64) AppleWebKit/537.36 (KHTML, like Gecko) Chrome/72.0.3626.119 Safari/537.36','http://127.0.0.1:8000/admin/email_templates/add-save','Tambah data baru Servis pada Kerangka Email','',1,'2019-02-23 03:52:03',NULL),(536,'127.0.0.1','Mozilla/5.0 (Windows NT 10.0; Win64; x64) AppleWebKit/537.36 (KHTML, like Gecko) Chrome/72.0.3626.119 Safari/537.36','http://127.0.0.1:8000/admin/menu_management/edit-save/54','Memperbaharui data Servis pada Pengolah Menu','<table class=\"table table-striped\"><thead><tr><th>Key</th><th>Old Value</th><th>New Value</th></thead><tbody><tr><td>sorting</td><td></td><td></td></tr></tbody></table>',1,'2019-02-23 04:27:43',NULL),(537,'127.0.0.1','Mozilla/5.0 (Windows NT 10.0; Win64; x64) AppleWebKit/537.36 (KHTML, like Gecko) Chrome/72.0.3626.119 Safari/537.36','http://127.0.0.1:8000/admin/menu_management/delete/54','Menghapus data Servis pada Pengolah Menu','',1,'2019-02-23 04:28:35',NULL),(538,'127.0.0.1','Mozilla/5.0 (Windows NT 10.0; Win64; x64) AppleWebKit/537.36 (KHTML, like Gecko) Chrome/72.0.3626.119 Safari/537.36','http://127.0.0.1:8000/admin/menu_management/add-save','Tambah data baru Servis pada Pengolah Menu','',1,'2019-02-23 04:30:04',NULL),(539,'127.0.0.1','Mozilla/5.0 (Windows NT 10.0; Win64; x64) AppleWebKit/537.36 (KHTML, like Gecko) Chrome/72.0.3626.119 Safari/537.36','http://127.0.0.1:8000/admin/module_generator/delete/38','Menghapus data Servis pada Pembangun Modul','',1,'2019-02-23 04:31:16',NULL),(540,'127.0.0.1','Mozilla/5.0 (Windows NT 10.0; Win64; x64) AppleWebKit/537.36 (KHTML, like Gecko) Chrome/72.0.3626.119 Safari/537.36','http://127.0.0.1:8000/admin/module_generator/delete/29','Menghapus data Ticket pada Pembangun Modul','',1,'2019-02-23 04:31:23',NULL),(541,'127.0.0.1','Mozilla/5.0 (Windows NT 10.0; Win64; x64) AppleWebKit/537.36 (KHTML, like Gecko) Chrome/72.0.3626.119 Safari/537.36','http://127.0.0.1:8000/admin/menu_management/delete/55','Menghapus data Servis pada Pengolah Menu','',1,'2019-02-23 04:31:48',NULL),(542,'127.0.0.1','Mozilla/5.0 (Windows NT 10.0; Win64; x64) AppleWebKit/537.36 (KHTML, like Gecko) Chrome/72.0.3626.119 Safari/537.36','http://127.0.0.1:8000/admin/menu_management/add-save','Tambah data baru Servis pada Pengolah Menu','',1,'2019-02-23 04:38:01',NULL),(543,'127.0.0.1','Mozilla/5.0 (Windows NT 10.0; Win64; x64) AppleWebKit/537.36 (KHTML, like Gecko) Chrome/72.0.3626.119 Safari/537.36','http://127.0.0.1:8000/admin/menu_management/delete/57','Menghapus data Servis pada Pengolah Menu','',1,'2019-02-23 04:42:34',NULL),(544,'127.0.0.1','Mozilla/5.0 (Windows NT 10.0; Win64; x64) AppleWebKit/537.36 (KHTML, like Gecko) Chrome/72.0.3626.119 Safari/537.36','http://127.0.0.1:8000/admin/menu_management/add-save','Tambah data baru Servis pada Pengolah Menu','',1,'2019-02-23 04:42:54',NULL),(545,'127.0.0.1','Mozilla/5.0 (Windows NT 10.0; Win64; x64) AppleWebKit/537.36 (KHTML, like Gecko) Chrome/72.0.3626.119 Safari/537.36','http://127.0.0.1:8000/admin/menu_management/add-save','Tambah data baru Ticket pada Pengolah Menu','',1,'2019-02-23 04:48:56',NULL),(546,'127.0.0.1','Mozilla/5.0 (Windows NT 10.0; Win64; x64; rv:65.0) Gecko/20100101 Firefox/65.0','http://127.0.0.1:8000/admin/servis/add','Mencoba menambah data Servis','',4,'2019-02-23 04:57:52',NULL),(547,'127.0.0.1','Mozilla/5.0 (Windows NT 10.0; Win64; x64; rv:65.0) Gecko/20100101 Firefox/65.0','http://127.0.0.1:8000/admin/servis','Mencoba melihat data :name pada Servis','',4,'2019-02-23 04:57:56',NULL),(548,'127.0.0.1','Mozilla/5.0 (Windows NT 10.0; Win64; x64; rv:65.0) Gecko/20100101 Firefox/65.0','http://127.0.0.1:8000/admin/servis','Mencoba melihat data :name pada Servis','',4,'2019-02-23 04:58:06',NULL),(549,'127.0.0.1','Mozilla/5.0 (Windows NT 10.0; Win64; x64; rv:65.0) Gecko/20100101 Firefox/65.0','http://127.0.0.1:8000/admin/login','aurora.an98@gmail.com login dengan IP Address 127.0.0.1','',4,'2019-02-23 06:13:15',NULL),(550,'127.0.0.1','Mozilla/5.0 (Windows NT 10.0; Win64; x64) AppleWebKit/537.36 (KHTML, like Gecko) Chrome/72.0.3626.119 Safari/537.36','http://127.0.0.1:8000/admin/login','admin@crudbooster.com login dengan IP Address 127.0.0.1','',1,'2019-02-23 06:24:42',NULL),(551,'127.0.0.1','Mozilla/5.0 (Windows NT 10.0; Win64; x64; rv:65.0) Gecko/20100101 Firefox/65.0','http://127.0.0.1:8000/admin/servis/add-save','Tambah data baru  pada Servis','',4,'2019-02-23 06:39:38',NULL),(552,'127.0.0.1','Mozilla/5.0 (Windows NT 10.0; Win64; x64; rv:65.0) Gecko/20100101 Firefox/65.0','http://127.0.0.1:8000/admin/servis/add-save','Tambah data baru  pada Servis','',4,'2019-02-23 06:47:06',NULL),(553,'127.0.0.1','Mozilla/5.0 (Windows NT 10.0; Win64; x64) AppleWebKit/537.36 (KHTML, like Gecko) Chrome/72.0.3626.119 Safari/537.36','http://127.0.0.1:8000/admin/menu_management/delete/23','Menghapus data Products pada Pengolah Menu','',1,'2019-02-23 07:04:10',NULL),(554,'127.0.0.1','Mozilla/5.0 (Windows NT 10.0; Win64; x64) AppleWebKit/537.36 (KHTML, like Gecko) Chrome/72.0.3626.119 Safari/537.36','http://127.0.0.1:8000/admin/produk/add-save','Tambah data baru Motherboard pada Produk','',1,'2019-02-23 07:24:11',NULL),(555,'127.0.0.1','Mozilla/5.0 (Windows NT 10.0; Win64; x64) AppleWebKit/537.36 (KHTML, like Gecko) Chrome/72.0.3626.119 Safari/537.36','http://127.0.0.1:8000/admin/login','admin@crudbooster.com login dengan IP Address 127.0.0.1','',1,'2019-02-24 01:34:00',NULL),(556,'127.0.0.1','Mozilla/5.0 (Windows NT 10.0; Win64; x64; rv:65.0) Gecko/20100101 Firefox/65.0','http://127.0.0.1:8000/admin/login','aurora.an98@gmail.com login dengan IP Address 127.0.0.1','',4,'2019-02-24 01:35:34',NULL),(557,'127.0.0.1','Mozilla/5.0 (Windows NT 10.0; Win64; x64) AppleWebKit/537.36 (KHTML, like Gecko) Chrome/72.0.3626.119 Safari/537.36','http://127.0.0.1:8000/admin/menu_management/add-save','Tambah data baru Home pada Pengolah Menu','',1,'2019-02-24 02:09:30',NULL),(558,'127.0.0.1','Mozilla/5.0 (Windows NT 10.0; Win64; x64) AppleWebKit/537.36 (KHTML, like Gecko) Chrome/72.0.3626.119 Safari/537.36','http://127.0.0.1:8000/admin/menu_management/delete/62','Menghapus data Home pada Pengolah Menu','',1,'2019-02-24 02:10:14',NULL),(559,'127.0.0.1','Mozilla/5.0 (Windows NT 10.0; Win64; x64) AppleWebKit/537.36 (KHTML, like Gecko) Chrome/72.0.3626.119 Safari/537.36','http://127.0.0.1:8000/admin/menu_management/edit-save/34','Memperbaharui data Statistik pada Pengolah Menu','<table class=\"table table-striped\"><thead><tr><th>Key</th><th>Old Value</th><th>New Value</th></thead><tbody><tr><td>sorting</td><td>16</td><td></td></tr></tbody></table>',1,'2019-02-24 02:10:31',NULL),(560,'127.0.0.1','Mozilla/5.0 (Windows NT 10.0; Win64; x64) AppleWebKit/537.36 (KHTML, like Gecko) Chrome/72.0.3626.119 Safari/537.36','http://127.0.0.1:8000/admin/menu_management/edit-save/30','Memperbaharui data Pembayaran pada Pengolah Menu','<table class=\"table table-striped\"><thead><tr><th>Key</th><th>Old Value</th><th>New Value</th></thead><tbody><tr><td>name</td><td>Order</td><td>Pembayaran</td></tr><tr><td>sorting</td><td>14</td><td></td></tr></tbody></table>',1,'2019-02-24 02:12:58',NULL),(561,'127.0.0.1','Mozilla/5.0 (Windows NT 10.0; Win64; x64) AppleWebKit/537.36 (KHTML, like Gecko) Chrome/72.0.3626.119 Safari/537.36','http://127.0.0.1:8000/admin/menu_management/edit-save/14','Memperbaharui data Pembayaran pada Pengolah Menu','<table class=\"table table-striped\"><thead><tr><th>Key</th><th>Old Value</th><th>New Value</th></thead><tbody><tr><td>name</td><td>Order</td><td>Pembayaran</td></tr><tr><td>color</td><td></td><td>normal</td></tr><tr><td>sorting</td><td>23</td><td></td></tr></tbody></table>',1,'2019-02-24 02:13:35',NULL),(562,'127.0.0.1','Mozilla/5.0 (Windows NT 10.0; Win64; x64; rv:65.0) Gecko/20100101 Firefox/65.0','http://127.0.0.1:8000/admin/servis/edit-save/9','Memperbaharui data  pada Servis','<table class=\"table table-striped\"><thead><tr><th>Key</th><th>Old Value</th><th>New Value</th></thead><tbody><tr><td>deleted_at</td><td></td><td></td></tr><tr><td>status</td><td>selesai</td><td></td></tr><tr><td>biaya</td><td>0</td><td>300000</td></tr></tbody></table>',4,'2019-02-24 02:15:38',NULL),(563,'127.0.0.1','Mozilla/5.0 (Windows NT 10.0; Win64; x64; rv:65.0) Gecko/20100101 Firefox/65.0','http://127.0.0.1:8000/admin/servis/edit-save/8','Memperbaharui data  pada Servis','<table class=\"table table-striped\"><thead><tr><th>Key</th><th>Old Value</th><th>New Value</th></thead><tbody><tr><td>deleted_at</td><td></td><td></td></tr><tr><td>status</td><td>dalam-antiran</td><td></td></tr><tr><td>biaya</td><td>0</td><td>500000</td></tr></tbody></table>',4,'2019-02-24 02:15:48',NULL),(564,'127.0.0.1','Mozilla/5.0 (Windows NT 10.0; Win64; x64; rv:65.0) Gecko/20100101 Firefox/65.0','http://127.0.0.1:8000/admin/servis/edit-save/7','Memperbaharui data  pada Servis','<table class=\"table table-striped\"><thead><tr><th>Key</th><th>Old Value</th><th>New Value</th></thead><tbody><tr><td>deleted_at</td><td></td><td></td></tr><tr><td>status</td><td>dalam-antiran</td><td></td></tr><tr><td>biaya</td><td>0</td><td>600000</td></tr></tbody></table>',4,'2019-02-24 02:15:58',NULL),(565,'127.0.0.1','Mozilla/5.0 (Windows NT 10.0; Win64; x64) AppleWebKit/537.36 (KHTML, like Gecko) Chrome/72.0.3626.119 Safari/537.36','http://127.0.0.1:8000/admin/order/add-save','Tambah data baru  pada Order','',1,'2019-02-24 03:23:41',NULL),(566,'127.0.0.1','Mozilla/5.0 (Windows NT 10.0; Win64; x64; rv:65.0) Gecko/20100101 Firefox/65.0','http://127.0.0.1:8000/admin/order/add-save','Tambah data baru  pada Order','',4,'2019-02-24 03:26:54',NULL),(567,'127.0.0.1','Mozilla/5.0 (Windows NT 10.0; Win64; x64) AppleWebKit/537.36 (KHTML, like Gecko) Chrome/72.0.3626.119 Safari/537.36','http://127.0.0.1:8000/admin/login','admin@crudbooster.com login dengan IP Address 127.0.0.1','',1,'2019-02-24 18:06:34',NULL),(568,'127.0.0.1','Mozilla/5.0 (Windows NT 10.0; Win64; x64) AppleWebKit/537.36 (KHTML, like Gecko) Chrome/72.0.3626.119 Safari/537.36','http://127.0.0.1:8000/admin/pembayaran/add-save','Tambah data baru  pada Pembayaran','',1,'2019-02-24 19:10:20',NULL),(569,'127.0.0.1','Mozilla/5.0 (Windows NT 10.0; Win64; x64) AppleWebKit/537.36 (KHTML, like Gecko) Chrome/72.0.3626.119 Safari/537.36','http://127.0.0.1:8000/admin/pembayaran/add-save','Tambah data baru  pada Pembayaran','',1,'2019-02-24 20:25:06',NULL),(570,'127.0.0.1','Mozilla/5.0 (Windows NT 10.0; Win64; x64) AppleWebKit/537.36 (KHTML, like Gecko) Chrome/72.0.3626.119 Safari/537.36','http://127.0.0.1:8000/admin/pembayaran/delete/2','Menghapus data 2 pada Pembayaran','',1,'2019-02-24 20:29:17',NULL),(571,'127.0.0.1','Mozilla/5.0 (Windows NT 10.0; Win64; x64) AppleWebKit/537.36 (KHTML, like Gecko) Chrome/72.0.3626.119 Safari/537.36','http://127.0.0.1:8000/admin/pembayaran/add-save','Tambah data baru  pada Pembayaran','',1,'2019-02-24 20:30:10',NULL),(572,'127.0.0.1','Mozilla/5.0 (Windows NT 10.0; Win64; x64) AppleWebKit/537.36 (KHTML, like Gecko) Chrome/72.0.3626.119 Safari/537.36','http://127.0.0.1:8000/admin/pembayaran/add-save','Tambah data baru  pada Pembayaran','',1,'2019-02-24 20:31:03',NULL),(573,'127.0.0.1','Mozilla/5.0 (Windows NT 10.0; Win64; x64; rv:65.0) Gecko/20100101 Firefox/65.0','http://127.0.0.1:8000/admin/login','aurora.an98@gmail.com login dengan IP Address 127.0.0.1','',4,'2019-02-24 21:07:42',NULL),(574,'127.0.0.1','Mozilla/5.0 (Windows NT 10.0; Win64; x64) AppleWebKit/537.36 (KHTML, like Gecko) Chrome/72.0.3626.119 Safari/537.36','http://127.0.0.1:8000/admin/module_generator/delete/42','Menghapus data Pembayaran pada Pembangun Modul','',1,'2019-02-24 21:10:21',NULL),(575,'127.0.0.1','Mozilla/5.0 (Windows NT 10.0; Win64; x64) AppleWebKit/537.36 (KHTML, like Gecko) Chrome/72.0.3626.119 Safari/537.36','http://127.0.0.1:8000/admin/logout','admin@crudbooster.com keluar','',1,'2019-02-24 21:10:31',NULL),(576,'127.0.0.1','Mozilla/5.0 (Windows NT 10.0; Win64; x64) AppleWebKit/537.36 (KHTML, like Gecko) Chrome/72.0.3626.119 Safari/537.36','http://127.0.0.1:8000/admin/login','admin@crudbooster.com login dengan IP Address 127.0.0.1','',1,'2019-02-24 21:12:24',NULL),(577,'127.0.0.1','Mozilla/5.0 (Windows NT 10.0; Win64; x64) AppleWebKit/537.36 (KHTML, like Gecko) Chrome/72.0.3626.119 Safari/537.36','http://127.0.0.1:8000/admin/pembayaran/add-save','Tambah data baru  pada Pembayaran','',1,'2019-02-25 00:43:58',NULL),(578,'127.0.0.1','Mozilla/5.0 (Windows NT 10.0; Win64; x64) AppleWebKit/537.36 (KHTML, like Gecko) Chrome/72.0.3626.119 Safari/537.36','http://127.0.0.1:8000/admin/pembayaran/add-save','Tambah data baru  pada Pembayaran','',1,'2019-02-25 00:44:35',NULL),(579,'127.0.0.1','Mozilla/5.0 (Windows NT 10.0; Win64; x64) AppleWebKit/537.36 (KHTML, like Gecko) Chrome/72.0.3626.119 Safari/537.36','http://127.0.0.1:8000/admin/menu_management/edit-save/14','Memperbaharui data Order pada Pengolah Menu','<table class=\"table table-striped\"><thead><tr><th>Key</th><th>Old Value</th><th>New Value</th></thead><tbody><tr><td>name</td><td>Pembayaran</td><td>Order</td></tr><tr><td>sorting</td><td>23</td><td></td></tr></tbody></table>',1,'2019-02-25 00:53:14',NULL),(580,'127.0.0.1','Mozilla/5.0 (Windows NT 10.0; Win64; x64) AppleWebKit/537.36 (KHTML, like Gecko) Chrome/72.0.3626.119 Safari/537.36','http://127.0.0.1:8000/admin/menu_management/edit-save/30','Memperbaharui data Order pada Pengolah Menu','<table class=\"table table-striped\"><thead><tr><th>Key</th><th>Old Value</th><th>New Value</th></thead><tbody><tr><td>name</td><td>Pembayaran</td><td>Order</td></tr><tr><td>sorting</td><td>14</td><td></td></tr></tbody></table>',1,'2019-02-25 00:53:31',NULL),(581,'127.0.0.1','Mozilla/5.0 (Windows NT 10.0; Win64; x64; rv:65.0) Gecko/20100101 Firefox/65.0','http://localhost:8000/admin/login','aurora.an98@gmail.com login dengan IP Address 127.0.0.1','',4,'2019-02-26 20:38:28',NULL),(582,'127.0.0.1','Mozilla/5.0 (Windows NT 10.0; Win64; x64) AppleWebKit/537.36 (KHTML, like Gecko) Chrome/72.0.3626.119 Safari/537.36','http://127.0.0.1:8000/admin/login','aurora.an98@gmail.com login dengan IP Address 127.0.0.1','',4,'2019-03-01 02:39:57',NULL),(583,'127.0.0.1','Mozilla/5.0 (Windows NT 10.0; Win64; x64) AppleWebKit/537.36 (KHTML, like Gecko) Chrome/72.0.3626.119 Safari/537.36','http://localhost:8000/admin/login','aurora.an98@gmail.com login dengan IP Address 127.0.0.1','',4,'2019-03-01 02:51:48',NULL),(584,'127.0.0.1','Mozilla/5.0 (Windows NT 10.0; Win64; x64) AppleWebKit/537.36 (KHTML, like Gecko) Chrome/72.0.3626.119 Safari/537.36','http://localhost:8000/admin/logout','aurora.an98@gmail.com keluar','',4,'2019-03-01 04:19:57',NULL),(585,'127.0.0.1','Mozilla/5.0 (Windows NT 10.0; Win64; x64) AppleWebKit/537.36 (KHTML, like Gecko) Chrome/72.0.3626.119 Safari/537.36','http://localhost:8000/admin/login','admin@crudbooster.com login dengan IP Address 127.0.0.1','',1,'2019-03-01 04:20:12',NULL),(586,'127.0.0.1','Mozilla/5.0 (Windows NT 10.0; Win64; x64) AppleWebKit/537.36 (KHTML, like Gecko) Chrome/72.0.3626.119 Safari/537.36','http://localhost:8000/admin/login','admin@crudbooster.com login dengan IP Address 127.0.0.1','',1,'2019-03-01 04:26:09',NULL),(587,'127.0.0.1','Mozilla/5.0 (Windows NT 10.0; Win64; x64) AppleWebKit/537.36 (KHTML, like Gecko) Chrome/72.0.3626.119 Safari/537.36','http://localhost:8000/admin/module_generator/delete/43','Menghapus data Pembayaran pada Pembangun Modul','',1,'2019-03-01 04:26:45',NULL),(588,'127.0.0.1','Mozilla/5.0 (Windows NT 10.0; Win64; x64) AppleWebKit/537.36 (KHTML, like Gecko) Chrome/72.0.3626.119 Safari/537.36','http://localhost:8000/admin/logout','admin@crudbooster.com keluar','',1,'2019-03-01 04:27:12',NULL),(589,'127.0.0.1','Mozilla/5.0 (Windows NT 10.0; Win64; x64) AppleWebKit/537.36 (KHTML, like Gecko) Chrome/72.0.3626.119 Safari/537.36','http://localhost:8000/admin/login','aurora.an98@gmail.com login dengan IP Address 127.0.0.1','',4,'2019-03-01 04:27:26',NULL),(590,'127.0.0.1','Mozilla/5.0 (Windows NT 10.0; Win64; x64) AppleWebKit/537.36 (KHTML, like Gecko) Chrome/72.0.3626.119 Safari/537.36','http://localhost:8000/admin/order/add-save','Tambah data baru  pada Order','',4,'2019-03-01 04:29:14',NULL),(591,'127.0.0.1','Mozilla/5.0 (Windows NT 10.0; Win64; x64) AppleWebKit/537.36 (KHTML, like Gecko) Chrome/72.0.3626.119 Safari/537.36','http://localhost:8000/admin/logout','aurora.an98@gmail.com keluar','',4,'2019-03-01 04:29:49',NULL),(592,'127.0.0.1','Mozilla/5.0 (Windows NT 10.0; Win64; x64) AppleWebKit/537.36 (KHTML, like Gecko) Chrome/72.0.3626.119 Safari/537.36','http://localhost:8000/admin/login','admin@crudbooster.com login dengan IP Address 127.0.0.1','',1,'2019-03-01 04:29:59',NULL),(593,'127.0.0.1','Mozilla/5.0 (Windows NT 10.0; Win64; x64) AppleWebKit/537.36 (KHTML, like Gecko) Chrome/72.0.3626.119 Safari/537.36','http://localhost:8000/admin/order/action-selected','Menghapus data 239,238,237,236,235,234 pada Order','',1,'2019-03-01 04:30:15',NULL),(594,'127.0.0.1','Mozilla/5.0 (Windows NT 10.0; Win64; x64) AppleWebKit/537.36 (KHTML, like Gecko) Chrome/72.0.3626.119 Safari/537.36','http://localhost:8000/admin/servis/action-selected','Menghapus data 9,8,7,6,5,4,3,2,1 pada Servis','',1,'2019-03-01 04:30:43',NULL),(595,'127.0.0.1','Mozilla/5.0 (Windows NT 10.0; Win64; x64) AppleWebKit/537.36 (KHTML, like Gecko) Chrome/72.0.3626.119 Safari/537.36','http://localhost:8000/admin/ticket/action-selected','Menghapus data 21,20,19 pada Ticket','',1,'2019-03-01 04:30:55',NULL),(596,'127.0.0.1','Mozilla/5.0 (Windows NT 10.0; Win64; x64) AppleWebKit/537.36 (KHTML, like Gecko) Chrome/72.0.3626.119 Safari/537.36','http://localhost:8000/admin/logout','admin@crudbooster.com keluar','',1,'2019-03-01 04:31:04',NULL),(597,'127.0.0.1','Mozilla/5.0 (Windows NT 10.0; Win64; x64) AppleWebKit/537.36 (KHTML, like Gecko) Chrome/72.0.3626.119 Safari/537.36','http://localhost:8000/admin/login','aurora.an98@gmail.com login dengan IP Address 127.0.0.1','',4,'2019-03-01 04:31:16',NULL),(598,'127.0.0.1','Mozilla/5.0 (Windows NT 10.0; Win64; x64) AppleWebKit/537.36 (KHTML, like Gecko) Chrome/72.0.3626.119 Safari/537.36','http://localhost:8000/admin/servis/add-save','Tambah data baru  pada Servis','',4,'2019-03-01 04:32:40',NULL),(599,'127.0.0.1','Mozilla/5.0 (Windows NT 10.0; Win64; x64) AppleWebKit/537.36 (KHTML, like Gecko) Chrome/72.0.3626.119 Safari/537.36','http://localhost:8000/admin/order/add-save','Tambah data baru  pada Order','',4,'2019-03-01 04:33:42',NULL),(600,'127.0.0.1','Mozilla/5.0 (Windows NT 10.0; Win64; x64) AppleWebKit/537.36 (KHTML, like Gecko) Chrome/72.0.3626.119 Safari/537.36','http://127.0.0.1:8000/admin/login','markucil@gmail.com login dengan IP Address 127.0.0.1','',6,'2019-03-04 06:12:35',NULL),(601,'127.0.0.1','Mozilla/5.0 (Windows NT 10.0; Win64; x64) AppleWebKit/537.36 (KHTML, like Gecko) Chrome/72.0.3626.119 Safari/537.36','http://127.0.0.1:8000/admin/logout','markucil@gmail.com keluar','',6,'2019-03-04 06:12:44',NULL),(602,'127.0.0.1','Mozilla/5.0 (Windows NT 10.0; Win64; x64) AppleWebKit/537.36 (KHTML, like Gecko) Chrome/72.0.3626.119 Safari/537.36','http://127.0.0.1:8000/admin/login','admin@crudbooster.com login dengan IP Address 127.0.0.1','',1,'2019-03-04 07:32:10',NULL),(603,'127.0.0.1','Mozilla/5.0 (Windows NT 10.0; Win64; x64) AppleWebKit/537.36 (KHTML, like Gecko) Chrome/72.0.3626.119 Safari/537.36','http://127.0.0.1:8000/admin/logout','admin@crudbooster.com keluar','',1,'2019-03-04 07:33:25',NULL),(604,'127.0.0.1','Mozilla/5.0 (Windows NT 10.0; Win64; x64) AppleWebKit/537.36 (KHTML, like Gecko) Chrome/72.0.3626.119 Safari/537.36','http://127.0.0.1:8000/admin/login','admin@crudbooster.com login dengan IP Address 127.0.0.1','',1,'2019-03-04 07:41:43',NULL),(605,'127.0.0.1','Mozilla/5.0 (Windows NT 10.0; Win64; x64) AppleWebKit/537.36 (KHTML, like Gecko) Chrome/72.0.3626.119 Safari/537.36','http://localhost:8000/admin/login','aurora.an98@gmail.com login dengan IP Address 127.0.0.1','',4,'2019-03-04 16:57:31',NULL),(606,'127.0.0.1','Mozilla/5.0 (Windows NT 10.0; Win64; x64) AppleWebKit/537.36 (KHTML, like Gecko) Chrome/72.0.3626.119 Safari/537.36','http://localhost:8000/admin/logout','aurora.an98@gmail.com keluar','',4,'2019-03-04 16:58:01',NULL),(607,'127.0.0.1','Mozilla/5.0 (Windows NT 10.0; Win64; x64) AppleWebKit/537.36 (KHTML, like Gecko) Chrome/72.0.3626.119 Safari/537.36','http://localhost:8000/admin/login','admin@crudbooster.com login dengan IP Address 127.0.0.1','',1,'2019-03-04 16:58:11',NULL),(608,'127.0.0.1','Mozilla/5.0 (Windows NT 10.0; Win64; x64) AppleWebKit/537.36 (KHTML, like Gecko) Chrome/72.0.3626.119 Safari/537.36','http://127.0.0.1:8000/admin/login','admin@crudbooster.com login dengan IP Address 127.0.0.1','',1,'2019-03-04 20:07:11',NULL),(609,'127.0.0.1','Mozilla/5.0 (Windows NT 10.0; Win64; x64) AppleWebKit/537.36 (KHTML, like Gecko) Chrome/72.0.3626.119 Safari/537.36','http://127.0.0.1:8000/admin/login','admin@crudbooster.com login dengan IP Address 127.0.0.1','',1,'2019-03-04 21:27:45',NULL),(610,'127.0.0.1','Mozilla/5.0 (Windows NT 10.0; Win64; x64; rv:65.0) Gecko/20100101 Firefox/65.0','http://localhost:8000/admin/login','aurora.an98@gmail.com login dengan IP Address 127.0.0.1','',4,'2019-03-05 02:51:37',NULL),(611,'127.0.0.1','Mozilla/5.0 (Windows NT 10.0; Win64; x64; rv:65.0) Gecko/20100101 Firefox/65.0','http://localhost:8000/admin/order/add-save','Tambah data baru  pada Order','',4,'2019-03-05 02:52:14',NULL),(612,'127.0.0.1','Mozilla/5.0 (Windows NT 10.0; Win64; x64) AppleWebKit/537.36 (KHTML, like Gecko) Chrome/72.0.3626.119 Safari/537.36','http://localhost:8000/admin/login','admin@crudbooster.com login dengan IP Address 127.0.0.1','',1,'2019-03-05 02:52:39',NULL),(613,'127.0.0.1','Mozilla/5.0 (Windows NT 10.0; Win64; x64; rv:65.0) Gecko/20100101 Firefox/65.0','http://localhost:8000/admin/order/add-save','Tambah data baru  pada Order','',4,'2019-03-05 02:53:29',NULL),(614,'127.0.0.1','Mozilla/5.0 (Windows NT 10.0; Win64; x64; rv:65.0) Gecko/20100101 Firefox/65.0','http://localhost:8000/admin/order/add-save','Tambah data baru  pada Order','',4,'2019-03-05 03:00:08',NULL),(615,'127.0.0.1','Mozilla/5.0 (Windows NT 10.0; Win64; x64; rv:65.0) Gecko/20100101 Firefox/65.0','http://localhost:8000/admin/logout','aurora.an98@gmail.com keluar','',4,'2019-03-05 03:00:19',NULL),(616,'127.0.0.1','Mozilla/5.0 (Windows NT 10.0; Win64; x64; rv:65.0) Gecko/20100101 Firefox/65.0','http://localhost:8000/admin/login','admin@crudbooster.com login dengan IP Address 127.0.0.1','',1,'2019-03-05 03:00:32',NULL),(617,'127.0.0.1','Mozilla/5.0 (Windows NT 10.0; Win64; x64) AppleWebKit/537.36 (KHTML, like Gecko) Chrome/72.0.3626.119 Safari/537.36','http://localhost:8000/admin/login','admin@crudbooster.com login dengan IP Address 127.0.0.1','',1,'2019-03-05 19:27:09',NULL),(618,'127.0.0.1','Mozilla/5.0 (Windows NT 10.0; Win64; x64; rv:65.0) Gecko/20100101 Firefox/65.0','http://localhost:8000/admin/login','aurora.an98@gmail.com login dengan IP Address 127.0.0.1','',4,'2019-03-05 21:38:48',NULL),(619,'127.0.0.1','Mozilla/5.0 (Windows NT 10.0; Win64; x64; rv:65.0) Gecko/20100101 Firefox/65.0','http://localhost:8000/admin/order/edit-save/244','Memperbaharui data  pada Order','<table class=\"table table-striped\"><thead><tr><th>Key</th><th>Old Value</th><th>New Value</th></thead><tbody><tr><td>deleted_at</td><td></td><td></td></tr><tr><td>nama</td><td></td><td>Hendra</td></tr><tr><td>alamat</td><td></td><td>Kepohbaru</td></tr><tr><td>email</td><td></td><td>aurora.an98@gmail.com</td></tr><tr><td>telepon</td><td></td><td>08155421215</td></tr><tr><td>status</td><td>pending</td><td></td></tr></tbody></table>',4,'2019-03-05 22:07:25',NULL),(620,'127.0.0.1','Mozilla/5.0 (Windows NT 10.0; Win64; x64; rv:65.0) Gecko/20100101 Firefox/65.0','http://localhost:8000/admin/order/edit-save/243','Memperbaharui data  pada Order','<table class=\"table table-striped\"><thead><tr><th>Key</th><th>Old Value</th><th>New Value</th></thead><tbody><tr><td>deleted_at</td><td></td><td></td></tr><tr><td>nama</td><td></td><td>Hendra</td></tr><tr><td>alamat</td><td></td><td>Ketintang timur ptt</td></tr><tr><td>email</td><td></td><td>aurora.an98@gmail.com</td></tr><tr><td>telepon</td><td></td><td>815651425540</td></tr><tr><td>status</td><td>pending</td><td></td></tr></tbody></table>',4,'2019-03-05 22:14:12',NULL);
/*!40000 ALTER TABLE `cms_logs` ENABLE KEYS */;
UNLOCK TABLES;

--
-- Table structure for table `cms_menus`
--

DROP TABLE IF EXISTS `cms_menus`;
/*!40101 SET @saved_cs_client     = @@character_set_client */;
/*!40101 SET character_set_client = utf8 */;
CREATE TABLE `cms_menus` (
  `id` int(10) unsigned NOT NULL AUTO_INCREMENT,
  `name` varchar(255) COLLATE utf8mb4_unicode_ci DEFAULT NULL,
  `type` varchar(255) COLLATE utf8mb4_unicode_ci NOT NULL DEFAULT 'url',
  `path` varchar(255) COLLATE utf8mb4_unicode_ci DEFAULT NULL,
  `color` varchar(255) COLLATE utf8mb4_unicode_ci DEFAULT NULL,
  `icon` varchar(255) COLLATE utf8mb4_unicode_ci DEFAULT NULL,
  `parent_id` int(11) DEFAULT NULL,
  `is_active` tinyint(1) NOT NULL DEFAULT '1',
  `is_dashboard` tinyint(1) NOT NULL DEFAULT '0',
  `id_cms_privileges` int(11) DEFAULT NULL,
  `sorting` int(11) DEFAULT NULL,
  `created_at` timestamp NULL DEFAULT NULL,
  `updated_at` timestamp NULL DEFAULT NULL,
  PRIMARY KEY (`id`)
) ENGINE=InnoDB AUTO_INCREMENT=62 DEFAULT CHARSET=utf8mb4 COLLATE=utf8mb4_unicode_ci;
/*!40101 SET character_set_client = @saved_cs_client */;

--
-- Dumping data for table `cms_menus`
--

LOCK TABLES `cms_menus` WRITE;
/*!40000 ALTER TABLE `cms_menus` DISABLE KEYS */;
INSERT INTO `cms_menus` VALUES (1,'Kategori','Route','AdminKategoriControllerGetIndex',NULL,'fa fa-filter',0,1,0,1,19,'2019-02-11 19:48:07',NULL),(2,'Supplier','Route','AdminSupplierControllerGetIndex',NULL,'fa fa-truck',0,1,0,1,18,'2019-02-11 19:55:41',NULL),(3,'Produk','Route','AdminProdukControllerGetIndex','normal','fa fa-cubes',0,1,0,1,20,'2019-02-11 19:59:05','2019-02-14 03:41:14'),(6,'Perusahaan','Route','AdminPerusahaanControllerGetIndex',NULL,'fa fa-building',0,1,0,1,17,'2019-02-11 21:13:28',NULL),(7,'Jasa','Route','AdminJasaControllerGetIndex',NULL,'fa fa-road',0,1,0,1,24,'2019-02-11 21:35:50',NULL),(8,'Devisi','Route','AdminDevControllerGetIndex',NULL,'fa fa-user-plus',0,1,0,1,27,'2019-02-11 22:27:55',NULL),(9,'Team','Route','AdminTeamControllerGetIndex',NULL,'fa fa-group',0,1,0,1,25,'2019-02-11 22:34:59',NULL),(11,'Project','Route','AdminProjectControllerGetIndex',NULL,'fa fa-tasks',0,1,0,1,28,'2019-02-11 22:58:08',NULL),(13,'Stock','Route','AdminStockControllerGetIndex',NULL,'fa fa-calculator',0,1,0,1,21,'2019-02-12 23:49:47',NULL),(14,'Order','Route','AdminOrderControllerGetIndex','normal','fa fa-shopping-cart',0,1,0,1,23,'2019-02-13 00:03:07','2019-02-25 00:53:13'),(19,'Prioritas Ticket','Route','AdminTprioritasControllerGetIndex',NULL,'fa fa-filter',0,1,0,1,29,'2019-02-13 20:03:51',NULL),(20,'Kategori Ticket','Route','AdminTkategoriControllerGetIndex',NULL,'fa fa-filter',0,1,0,1,30,'2019-02-13 20:05:04',NULL),(21,'Team Kategori','Route','AdminDkategoriControllerGetIndex',NULL,'fa fa-filter',0,1,0,1,26,'2019-02-13 20:57:50',NULL),(24,'Perusahaan','Module','perusahaan','normal','fa fa-building',0,0,0,1,11,'2019-02-13 21:24:38','2019-02-16 17:08:30'),(30,'Order','Route','AdminOrderControllerGetIndex','normal','fa fa-cart-plus',0,1,0,1,14,'2019-02-14 00:18:54','2019-02-25 00:53:31'),(32,'Produk','Module','produk','normal','fa fa-cubes',0,1,0,1,12,'2019-02-14 00:23:43','2019-02-14 20:39:42'),(33,'Jasa','Module','jasa','normal','fa fa-cube',0,1,0,1,13,'2019-02-14 00:24:23','2019-02-14 20:39:20'),(34,'Statistik','Statistic','statistic_builder/show/order','normal','fa fa-dashboard',0,1,0,1,16,'2019-02-14 19:46:31','2019-02-24 02:10:31'),(38,'Daftar Perusahaan','Module','perusahaan','normal','fa fa-building',0,0,0,1,1,'2019-02-15 06:59:36','2019-02-16 17:08:58'),(40,'Supplier','Module','supplier','normal','fa fa-truck',0,0,0,1,3,'2019-02-15 07:01:21','2019-02-16 17:09:39'),(41,'Produk','Module','produk','normal','fa fa-cubes',0,0,0,1,4,'2019-02-15 07:02:13','2019-02-16 17:09:51'),(42,'Order','Module','order','normal','fa fa-shopping-cart',0,0,0,1,5,'2019-02-15 07:02:40','2019-02-16 17:10:03'),(44,'Jasa','Module','jasa','normal','fa fa-road',0,0,0,1,7,'2019-02-15 07:04:25','2019-02-16 17:10:35'),(45,'Team','Module','team','normal','fa fa-users',0,0,0,1,8,'2019-02-15 07:04:57','2019-02-16 17:10:47'),(48,'kecamatan','Route','AdminKecamatanControllerGetIndex',NULL,'fa fa-institution',0,1,0,1,32,'2019-02-16 20:00:14',NULL),(50,'Kategori Servis','Route','AdminKServisControllerGetIndex',NULL,'fa fa-filter',0,1,0,1,34,'2019-02-22 21:19:28',NULL),(53,'Status Garansi','Route','AdminSgaransiControllerGetIndex',NULL,'fa fa-glass',0,1,0,1,37,'2019-02-22 21:54:46',NULL),(56,'Servis','Route','AdminServisControllerGetIndex',NULL,'fa fa-wrench',0,1,0,1,38,'2019-02-23 04:35:15',NULL),(58,'Servis','Module','servis','normal','fa fa-wrench',0,1,0,1,NULL,'2019-02-23 04:42:54',NULL),(59,'Ticket','Route','AdminTicketControllerGetIndex',NULL,'fa fa-ticket',0,1,0,1,39,'2019-02-23 04:43:59',NULL),(60,'Ticket','Module','ticket','normal','fa fa-ticket',0,1,0,1,NULL,'2019-02-23 04:48:56',NULL),(61,'Pembayaran','Route','AdminPembayaranControllerGetIndex',NULL,'fa fa-glass',0,1,0,1,40,'2019-03-04 07:43:21',NULL);
/*!40000 ALTER TABLE `cms_menus` ENABLE KEYS */;
UNLOCK TABLES;

--
-- Table structure for table `cms_menus_privileges`
--

DROP TABLE IF EXISTS `cms_menus_privileges`;
/*!40101 SET @saved_cs_client     = @@character_set_client */;
/*!40101 SET character_set_client = utf8 */;
CREATE TABLE `cms_menus_privileges` (
  `id` int(10) unsigned NOT NULL AUTO_INCREMENT,
  `id_cms_menus` int(11) DEFAULT NULL,
  `id_cms_privileges` int(11) DEFAULT NULL,
  PRIMARY KEY (`id`)
) ENGINE=InnoDB AUTO_INCREMENT=124 DEFAULT CHARSET=utf8mb4 COLLATE=utf8mb4_unicode_ci;
/*!40101 SET character_set_client = @saved_cs_client */;

--
-- Dumping data for table `cms_menus_privileges`
--

LOCK TABLES `cms_menus_privileges` WRITE;
/*!40000 ALTER TABLE `cms_menus_privileges` DISABLE KEYS */;
INSERT INTO `cms_menus_privileges` VALUES (1,1,1),(2,2,1),(4,4,1),(5,5,1),(6,6,1),(7,7,1),(8,8,1),(9,9,1),(10,10,1),(11,11,1),(12,12,1),(13,13,1),(15,15,1),(16,16,1),(17,17,1),(18,18,1),(19,19,1),(20,20,1),(21,21,1),(22,22,1),(23,23,1),(26,25,1),(27,26,1),(29,27,3),(31,28,3),(33,29,3),(44,3,1),(51,33,3),(52,32,3),(66,35,2),(67,36,2),(68,37,2),(70,39,2),(74,43,2),(77,46,2),(79,47,2),(80,31,3),(93,24,3),(94,38,2),(95,40,2),(96,41,2),(97,42,2),(98,44,2),(99,45,2),(100,48,1),(101,49,1),(102,49,1),(103,50,1),(104,51,1),(105,52,1),(106,53,1),(108,54,3),(109,55,3),(110,56,1),(111,57,3),(112,58,3),(113,59,1),(114,60,3),(115,61,1),(116,62,3),(117,34,1),(120,62,1),(121,14,1),(122,30,3),(123,61,1);
/*!40000 ALTER TABLE `cms_menus_privileges` ENABLE KEYS */;
UNLOCK TABLES;

--
-- Table structure for table `cms_moduls`
--

DROP TABLE IF EXISTS `cms_moduls`;
/*!40101 SET @saved_cs_client     = @@character_set_client */;
/*!40101 SET character_set_client = utf8 */;
CREATE TABLE `cms_moduls` (
  `id` int(10) unsigned NOT NULL AUTO_INCREMENT,
  `name` varchar(255) COLLATE utf8mb4_unicode_ci DEFAULT NULL,
  `icon` varchar(255) COLLATE utf8mb4_unicode_ci DEFAULT NULL,
  `path` varchar(255) COLLATE utf8mb4_unicode_ci DEFAULT NULL,
  `table_name` varchar(255) COLLATE utf8mb4_unicode_ci DEFAULT NULL,
  `controller` varchar(255) COLLATE utf8mb4_unicode_ci DEFAULT NULL,
  `is_protected` tinyint(1) NOT NULL DEFAULT '0',
  `is_active` tinyint(1) NOT NULL DEFAULT '0',
  `created_at` timestamp NULL DEFAULT NULL,
  `updated_at` timestamp NULL DEFAULT NULL,
  `deleted_at` timestamp NULL DEFAULT NULL,
  PRIMARY KEY (`id`)
) ENGINE=InnoDB AUTO_INCREMENT=45 DEFAULT CHARSET=utf8mb4 COLLATE=utf8mb4_unicode_ci;
/*!40101 SET character_set_client = @saved_cs_client */;

--
-- Dumping data for table `cms_moduls`
--

LOCK TABLES `cms_moduls` WRITE;
/*!40000 ALTER TABLE `cms_moduls` DISABLE KEYS */;
INSERT INTO `cms_moduls` VALUES (1,'Notifications','fa fa-cog','notifications','cms_notifications','NotificationsController',1,1,'2019-02-11 19:45:52',NULL,NULL),(2,'Privileges','fa fa-cog','privileges','cms_privileges','PrivilegesController',1,1,'2019-02-11 19:45:52',NULL,NULL),(3,'Detil Hak Akses','fa fa-cog','privileges_roles','cms_privileges_roles','PrivilegesRolesController',1,1,'2019-02-11 19:45:52',NULL,NULL),(4,'Manajemen Pengguna','fa fa-users','users','cms_users','AdminCmsUsersController',0,1,'2019-02-11 19:45:52',NULL,NULL),(5,'Pengaturan','fa fa-cog','settings','cms_settings','SettingsController',1,1,'2019-02-11 19:45:52',NULL,NULL),(6,'Pembangun Modul','fa fa-database','module_generator','cms_moduls','ModulsController',1,1,'2019-02-11 19:45:52',NULL,NULL),(7,'Pengolah Menu','fa fa-bars','menu_management','cms_menus','MenusController',1,1,'2019-02-11 19:45:52',NULL,NULL),(8,'Kerangka Email','fa fa-envelope-o','email_templates','cms_email_templates','EmailTemplatesController',1,1,'2019-02-11 19:45:52',NULL,NULL),(9,'Pembangun Statistik','fa fa-dashboard','statistic_builder','cms_statistics','StatisticBuilderController',1,1,'2019-02-11 19:45:52',NULL,NULL),(10,'Pembangun Otomatis API','fa fa-cloud-download','api_generator','','ApiCustomController',1,1,'2019-02-11 19:45:52',NULL,NULL),(11,'Catatan Akses Pengguna','fa fa-flag-o','logs','cms_logs','LogsController',1,1,'2019-02-11 19:45:52',NULL,NULL),(12,'Kategori','fa fa-filter','kategori','kategori','AdminKategoriController',0,0,'2019-02-11 19:48:07',NULL,NULL),(13,'Supplier','fa fa-truck','supplier','supplier','AdminSupplierController',0,0,'2019-02-11 19:55:41',NULL,NULL),(14,'Produk','fa fa-cubes','produk','produk','AdminProdukController',0,0,'2019-02-11 19:59:05',NULL,NULL),(15,'Pelanggan','fa fa-users','pelanggan','pelanggan','AdminPelangganController',0,0,'2019-02-11 20:33:28',NULL,'2019-02-16 07:45:31'),(16,'stock','fa fa-calculator','stock','stock','AdminStockController',0,0,'2019-02-11 20:45:44',NULL,'2019-02-12 19:33:04'),(17,'Perusahaan','fa fa-building','perusahaan','perusahaan','AdminPerusahaanController',0,0,'2019-02-11 21:13:28',NULL,NULL),(18,'Jasa','fa fa-road','jasa','jasa','AdminJasaController',0,0,'2019-02-11 21:35:49',NULL,NULL),(19,'Devisi','fa fa-user-plus','dev','dev','AdminDevController',0,0,'2019-02-11 22:27:55',NULL,NULL),(20,'Team','fa fa-group','team','team','AdminTeamController',0,0,'2019-02-11 22:34:59',NULL,NULL),(21,'Project','fa fa-tasks','project','project','AdminProjectController',0,0,'2019-02-11 22:49:22',NULL,'2019-02-11 22:57:45'),(22,'Project','fa fa-tasks','project','project','AdminProjectController',0,0,'2019-02-11 22:58:07',NULL,NULL),(23,'Stock','fa fa-edit','stock','stock','AdminStockController',0,0,'2019-02-12 19:37:22',NULL,'2019-02-12 23:49:03'),(24,'Stock','fa fa-calculator','stock','stock','AdminStockController',0,0,'2019-02-12 23:49:47',NULL,NULL),(25,'Order','fa fa-shopping-cart','order','order','AdminOrderController',0,0,'2019-02-13 00:03:07',NULL,NULL),(26,'Ticket','fa fa-ticket','ticket','ticket','AdminTicketController',0,0,'2019-02-13 18:27:58',NULL,'2019-02-13 19:50:30'),(27,'Prioritas Ticket','fa fa-filter','prioritas','tprioritas','AdminPrioritasController',0,0,'2019-02-13 18:52:20',NULL,'2019-02-13 20:01:25'),(28,'Kategori Ticket','fa fa-filter','tkategori','tkategori','AdminTkategoriController',0,0,'2019-02-13 18:56:54',NULL,'2019-02-13 20:01:17'),(29,'Ticket','fa fa-ticket','ticket','ticket','AdminTicketController',0,0,'2019-02-13 19:51:01',NULL,'2019-02-23 04:31:24'),(30,'Prioritas Ticket','fa fa-filter','tprioritas','tprioritas','AdminTprioritasController',0,0,'2019-02-13 20:03:51',NULL,NULL),(31,'Kategori Ticket','fa fa-filter','tkategori','tkategori','AdminTkategoriController',0,0,'2019-02-13 20:05:04',NULL,NULL),(32,'Team Kategori','fa fa-filter','dkategori','dkategori','AdminDkategoriController',0,0,'2019-02-13 20:57:49',NULL,NULL),(33,'kecamatan','fa fa-institution','kecamatan','kecamatan','AdminKecamatanController',0,0,'2019-02-16 20:00:14',NULL,NULL),(34,'Pelanggan','fa fa-group','pelanggan','pelanggan','AdminPelangganController',0,0,'2019-02-21 03:38:33',NULL,'2019-02-21 04:53:02'),(35,'Status Servis','fa fa-filter','s_servis','s_servis','AdminSServisController',0,0,'2019-02-22 21:18:32',NULL,'2019-02-22 21:53:54'),(36,'Kategori Servis','fa fa-filter','k_servis','k_servis','AdminKServisController',0,0,'2019-02-22 21:19:28',NULL,NULL),(37,'Status Garansi','fa fa-filter','g_garansi','g_garansi','AdminGGaransiController',0,0,'2019-02-22 21:20:18',NULL,'2019-02-22 21:48:55'),(38,'Servis','fa fa-gears','servis','servis','AdminServisController',0,0,'2019-02-22 21:24:36',NULL,'2019-02-23 04:31:17'),(39,'Status Garansi','fa fa-glass','sgaransi','sgaransi','AdminSgaransiController',0,0,'2019-02-22 21:54:46',NULL,NULL),(40,'Servis','fa fa-wrench','servis','servis','AdminServisController',0,0,'2019-02-23 04:35:15',NULL,NULL),(41,'Ticket','fa fa-ticket','ticket','ticket','AdminTicketController',0,0,'2019-02-23 04:43:59',NULL,NULL),(42,'Pembayaran','fa fa-money','pembayarans','pembayarans','AdminPembayaransController',0,0,'2019-02-23 09:06:35',NULL,'2019-02-24 21:10:21'),(43,'Pembayaran','fa fa-money','pembayaran','pembayaran','AdminPembayaranController',0,0,'2019-02-24 18:23:34',NULL,'2019-03-01 04:26:46'),(44,'Pembayaran','fa fa-glass','pembayaran','pembayaran','AdminPembayaranController',0,0,'2019-03-04 07:43:20',NULL,NULL);
/*!40000 ALTER TABLE `cms_moduls` ENABLE KEYS */;
UNLOCK TABLES;

--
-- Table structure for table `cms_notifications`
--

DROP TABLE IF EXISTS `cms_notifications`;
/*!40101 SET @saved_cs_client     = @@character_set_client */;
/*!40101 SET character_set_client = utf8 */;
CREATE TABLE `cms_notifications` (
  `id` int(10) unsigned NOT NULL AUTO_INCREMENT,
  `id_cms_users` int(11) DEFAULT NULL,
  `content` varchar(255) COLLATE utf8mb4_unicode_ci DEFAULT NULL,
  `url` varchar(255) COLLATE utf8mb4_unicode_ci DEFAULT NULL,
  `is_read` tinyint(1) DEFAULT NULL,
  `created_at` timestamp NULL DEFAULT NULL,
  `updated_at` timestamp NULL DEFAULT NULL,
  PRIMARY KEY (`id`)
) ENGINE=InnoDB AUTO_INCREMENT=35 DEFAULT CHARSET=utf8mb4 COLLATE=utf8mb4_unicode_ci;
/*!40101 SET character_set_client = @saved_cs_client */;

--
-- Dumping data for table `cms_notifications`
--

LOCK TABLES `cms_notifications` WRITE;
/*!40000 ALTER TABLE `cms_notifications` DISABLE KEYS */;
INSERT INTO `cms_notifications` VALUES (1,4,'Hellow World','http://localhost:8000/admin/order',1,'2019-02-16 19:11:54',NULL),(2,4,'Ada Order Masuk','http://localhost:8000/admin/order',1,'2019-02-16 19:18:35',NULL),(3,4,'Ada Order Masuk','http://localhost:8000/admin/order',1,'2019-02-16 19:21:19',NULL),(4,4,'Ada Order Masuk','http://localhost:8000/admin/order',1,'2019-02-16 19:25:11',NULL),(5,4,'Ada Order Masuk','http://localhost:8000/admin/order',1,'2019-02-16 19:27:26',NULL),(6,4,'Ada Order Masuk','http://localhost:8000/admin/order',1,'2019-02-16 19:37:15',NULL),(7,4,'Ada Order Masuk','http://localhost:8000/admin/order',1,'2019-02-16 19:39:55',NULL),(8,1,'Ada Order Masuk','http://localhost:8000/admin/order',1,'2019-02-16 19:41:31',NULL),(9,4,'Ada Order Masuk','http://localhost:8000/admin/order',1,'2019-02-16 19:43:13',NULL),(10,4,'Ada Order Masuk','http://localhost:8000/admin/order',1,'2019-02-16 19:44:22',NULL),(11,4,'Ada Ticket Masuk','http://localhost:8000/admin/order',1,'2019-02-16 19:52:41',NULL),(12,4,'Ada Ticket Masuk','http://localhost:8000/admin/ticket',1,'2019-02-16 19:54:09',NULL),(13,4,'Ada Ticket Masuk','http://localhost:8000/admin/ticket',1,'2019-02-16 20:29:07',NULL),(14,4,'Ada Order Masuk','http://localhost:8000/admin/order',1,'2019-02-16 21:33:43',NULL),(15,4,'Ada Order Masuk','http://localhost:8000/admin/order',1,'2019-02-16 21:38:38',NULL),(16,4,NULL,NULL,1,'2019-02-20 02:44:07',NULL),(17,4,NULL,NULL,1,'2019-02-20 02:47:24',NULL),(18,4,NULL,NULL,1,'2019-02-20 02:51:11',NULL),(19,4,NULL,NULL,1,'2019-02-20 03:05:34',NULL),(20,4,NULL,NULL,1,'2019-02-20 03:08:04',NULL),(21,4,NULL,NULL,1,'2019-02-20 03:42:12',NULL),(22,4,NULL,NULL,1,'2019-02-20 03:46:24',NULL),(23,4,NULL,NULL,1,'2019-02-20 04:27:44',NULL),(24,4,NULL,NULL,1,'2019-02-20 04:45:32',NULL),(25,4,NULL,NULL,1,'2019-02-20 05:43:31',NULL),(26,4,NULL,NULL,1,'2019-02-20 05:44:07',NULL),(27,4,NULL,NULL,1,'2019-02-20 05:44:50',NULL),(28,4,NULL,NULL,1,'2019-02-20 05:45:42',NULL),(29,4,NULL,NULL,1,'2019-02-20 05:46:06',NULL),(30,3,NULL,NULL,1,'2019-02-20 05:47:20',NULL),(31,3,NULL,NULL,1,'2019-02-20 05:49:27',NULL),(32,1,'Ada Order Baru','http://localhost:8000/admin/order',1,'2019-03-05 02:52:14',NULL),(33,1,'Ada Order Baru','http://localhost:8000/admin/order',1,'2019-03-05 02:53:28',NULL),(34,1,'Ada Order Baru','http://localhost:8000/admin/order',1,'2019-03-05 03:00:07',NULL);
/*!40000 ALTER TABLE `cms_notifications` ENABLE KEYS */;
UNLOCK TABLES;

--
-- Table structure for table `cms_privileges`
--

DROP TABLE IF EXISTS `cms_privileges`;
/*!40101 SET @saved_cs_client     = @@character_set_client */;
/*!40101 SET character_set_client = utf8 */;
CREATE TABLE `cms_privileges` (
  `id` int(10) unsigned NOT NULL AUTO_INCREMENT,
  `name` varchar(255) COLLATE utf8mb4_unicode_ci DEFAULT NULL,
  `is_superadmin` tinyint(1) DEFAULT NULL,
  `theme_color` varchar(255) COLLATE utf8mb4_unicode_ci DEFAULT NULL,
  `created_at` timestamp NULL DEFAULT NULL,
  `updated_at` timestamp NULL DEFAULT NULL,
  PRIMARY KEY (`id`)
) ENGINE=InnoDB AUTO_INCREMENT=4 DEFAULT CHARSET=utf8mb4 COLLATE=utf8mb4_unicode_ci;
/*!40101 SET character_set_client = @saved_cs_client */;

--
-- Dumping data for table `cms_privileges`
--

LOCK TABLES `cms_privileges` WRITE;
/*!40000 ALTER TABLE `cms_privileges` DISABLE KEYS */;
INSERT INTO `cms_privileges` VALUES (1,'Super Administrator',1,'skin-red','2019-02-11 19:45:52',NULL),(2,'Admin',1,'skin-green',NULL,NULL),(3,'member',0,'skin-purple',NULL,NULL);
/*!40000 ALTER TABLE `cms_privileges` ENABLE KEYS */;
UNLOCK TABLES;

--
-- Table structure for table `cms_privileges_roles`
--

DROP TABLE IF EXISTS `cms_privileges_roles`;
/*!40101 SET @saved_cs_client     = @@character_set_client */;
/*!40101 SET character_set_client = utf8 */;
CREATE TABLE `cms_privileges_roles` (
  `id` int(10) unsigned NOT NULL AUTO_INCREMENT,
  `is_visible` tinyint(1) DEFAULT NULL,
  `is_create` tinyint(1) DEFAULT NULL,
  `is_read` tinyint(1) DEFAULT NULL,
  `is_edit` tinyint(1) DEFAULT NULL,
  `is_delete` tinyint(1) DEFAULT NULL,
  `id_cms_privileges` int(11) DEFAULT NULL,
  `id_cms_moduls` int(11) DEFAULT NULL,
  `created_at` timestamp NULL DEFAULT NULL,
  `updated_at` timestamp NULL DEFAULT NULL,
  PRIMARY KEY (`id`)
) ENGINE=InnoDB AUTO_INCREMENT=191 DEFAULT CHARSET=utf8mb4 COLLATE=utf8mb4_unicode_ci;
/*!40101 SET character_set_client = @saved_cs_client */;

--
-- Dumping data for table `cms_privileges_roles`
--

LOCK TABLES `cms_privileges_roles` WRITE;
/*!40000 ALTER TABLE `cms_privileges_roles` DISABLE KEYS */;
INSERT INTO `cms_privileges_roles` VALUES (1,1,0,0,0,0,1,1,'2019-02-11 19:45:52',NULL),(2,1,1,1,1,1,1,2,'2019-02-11 19:45:52',NULL),(3,0,1,1,1,1,1,3,'2019-02-11 19:45:52',NULL),(4,1,1,1,1,1,1,4,'2019-02-11 19:45:53',NULL),(5,1,1,1,1,1,1,5,'2019-02-11 19:45:53',NULL),(6,1,1,1,1,1,1,6,'2019-02-11 19:45:53',NULL),(7,1,1,1,1,1,1,7,'2019-02-11 19:45:53',NULL),(8,1,1,1,1,1,1,8,'2019-02-11 19:45:53',NULL),(9,1,1,1,1,1,1,9,'2019-02-11 19:45:53',NULL),(10,1,1,1,1,1,1,10,'2019-02-11 19:45:53',NULL),(11,1,0,1,0,1,1,11,'2019-02-11 19:45:53',NULL),(12,1,1,1,1,1,1,12,NULL,NULL),(13,1,1,1,1,1,1,13,NULL,NULL),(14,1,1,1,1,1,1,14,NULL,NULL),(15,1,1,1,1,1,1,15,NULL,NULL),(16,1,1,1,1,1,1,16,NULL,NULL),(17,1,1,1,1,1,1,17,NULL,NULL),(18,1,1,1,1,1,1,18,NULL,NULL),(19,1,1,1,1,1,1,19,NULL,NULL),(20,1,1,1,1,1,1,20,NULL,NULL),(21,1,1,1,1,1,1,21,NULL,NULL),(22,1,1,1,1,1,1,22,NULL,NULL),(23,1,1,1,1,1,1,23,NULL,NULL),(24,1,1,1,1,1,1,24,NULL,NULL),(25,1,1,1,1,1,1,25,NULL,NULL),(26,1,1,1,1,1,1,26,NULL,NULL),(27,1,1,1,1,1,1,27,NULL,NULL),(28,1,1,1,1,1,1,28,NULL,NULL),(29,1,1,1,1,1,1,29,NULL,NULL),(30,1,1,1,1,1,1,30,NULL,NULL),(31,1,1,1,1,1,1,31,NULL,NULL),(32,1,1,1,1,1,1,32,NULL,NULL),(90,0,0,1,0,0,2,19,NULL,NULL),(91,0,0,1,0,0,2,18,NULL,NULL),(92,0,0,1,0,0,2,12,NULL,NULL),(93,0,0,1,0,0,2,31,NULL,NULL),(94,0,0,1,1,0,2,4,NULL,NULL),(95,1,1,1,1,0,2,25,NULL,NULL),(96,1,1,1,1,0,2,15,NULL,NULL),(97,1,1,1,1,0,2,17,NULL,NULL),(98,1,1,1,1,0,2,30,NULL,NULL),(99,1,1,1,1,0,2,14,NULL,NULL),(100,1,1,1,1,0,2,22,NULL,NULL),(101,1,1,1,1,0,2,24,NULL,NULL),(102,1,1,1,1,0,2,13,NULL,NULL),(103,1,1,1,1,0,2,20,NULL,NULL),(104,0,0,1,0,0,2,32,NULL,NULL),(105,1,1,1,1,0,2,29,NULL,NULL),(121,1,1,1,1,1,1,33,NULL,NULL),(122,1,1,1,1,1,1,34,NULL,NULL),(123,1,1,1,1,1,1,35,NULL,NULL),(124,1,1,1,1,1,1,36,NULL,NULL),(125,1,1,1,1,1,1,37,NULL,NULL),(126,1,1,1,1,1,1,38,NULL,NULL),(127,1,1,1,1,1,1,39,NULL,NULL),(128,1,1,1,1,1,1,40,NULL,NULL),(147,1,1,1,1,1,1,41,NULL,NULL),(167,1,1,1,1,1,1,42,NULL,NULL),(168,1,1,1,1,1,1,43,NULL,NULL),(169,1,1,1,1,0,3,19,NULL,NULL),(170,1,0,1,0,0,3,18,NULL,NULL),(171,1,1,1,1,0,3,12,NULL,NULL),(172,1,1,1,1,0,3,36,NULL,NULL),(173,1,1,1,1,0,3,31,NULL,NULL),(174,1,1,1,1,0,3,33,NULL,NULL),(175,1,1,1,1,0,3,4,NULL,NULL),(176,1,1,1,1,0,3,25,NULL,NULL),(177,1,1,1,1,0,3,42,NULL,NULL),(178,1,1,1,1,0,3,43,NULL,NULL),(179,1,1,1,1,0,3,17,NULL,NULL),(180,1,1,1,1,0,3,30,NULL,NULL),(181,1,1,1,1,0,3,14,NULL,NULL),(182,1,1,1,1,0,3,22,NULL,NULL),(183,1,1,1,1,0,3,40,NULL,NULL),(184,1,1,1,1,0,3,39,NULL,NULL),(185,1,1,1,1,0,3,24,NULL,NULL),(186,1,1,1,1,0,3,13,NULL,NULL),(187,1,1,1,1,0,3,20,NULL,NULL),(188,1,1,1,1,0,3,32,NULL,NULL),(189,1,1,1,1,0,3,41,NULL,NULL),(190,1,1,1,1,1,1,44,NULL,NULL);
/*!40000 ALTER TABLE `cms_privileges_roles` ENABLE KEYS */;
UNLOCK TABLES;

--
-- Table structure for table `cms_settings`
--

DROP TABLE IF EXISTS `cms_settings`;
/*!40101 SET @saved_cs_client     = @@character_set_client */;
/*!40101 SET character_set_client = utf8 */;
CREATE TABLE `cms_settings` (
  `id` int(10) unsigned NOT NULL AUTO_INCREMENT,
  `name` varchar(255) COLLATE utf8mb4_unicode_ci DEFAULT NULL,
  `content` text COLLATE utf8mb4_unicode_ci,
  `content_input_type` varchar(255) COLLATE utf8mb4_unicode_ci DEFAULT NULL,
  `dataenum` varchar(255) COLLATE utf8mb4_unicode_ci DEFAULT NULL,
  `helper` varchar(255) COLLATE utf8mb4_unicode_ci DEFAULT NULL,
  `created_at` timestamp NULL DEFAULT NULL,
  `updated_at` timestamp NULL DEFAULT NULL,
  `group_setting` varchar(255) COLLATE utf8mb4_unicode_ci DEFAULT NULL,
  `label` varchar(255) COLLATE utf8mb4_unicode_ci DEFAULT NULL,
  PRIMARY KEY (`id`)
) ENGINE=InnoDB AUTO_INCREMENT=17 DEFAULT CHARSET=utf8mb4 COLLATE=utf8mb4_unicode_ci;
/*!40101 SET character_set_client = @saved_cs_client */;

--
-- Dumping data for table `cms_settings`
--

LOCK TABLES `cms_settings` WRITE;
/*!40000 ALTER TABLE `cms_settings` DISABLE KEYS */;
INSERT INTO `cms_settings` VALUES (1,'login_background_color',NULL,'text',NULL,'Input hexacode','2019-02-11 19:45:53',NULL,'Login Register Style','Login Background Color'),(2,'login_font_color',NULL,'text',NULL,'Input hexacode','2019-02-11 19:45:53',NULL,'Login Register Style','Login Font Color'),(3,'login_background_image','uploads/2019-02/1ea6d54610170b8b5e15d4e00c1ac7f4.jpg','upload_image',NULL,NULL,'2019-02-11 19:45:53',NULL,'Login Register Style','Login Background Image'),(4,'email_sender','support@auroralink.id','text',NULL,NULL,'2019-02-11 19:45:53',NULL,'Pengaturan Email','Email Sender'),(5,'smtp_driver','smtp','select','smtp,mail,sendmail',NULL,'2019-02-11 19:45:53',NULL,'Pengaturan Email','Mail Driver'),(6,'smtp_host','smtp.sendgrid.net','text',NULL,NULL,'2019-02-11 19:45:53',NULL,'Pengaturan Email','SMTP Host'),(7,'smtp_port','587','text',NULL,'default 25','2019-02-11 19:45:53',NULL,'Pengaturan Email','SMTP Port'),(8,'smtp_username','apikey','text',NULL,NULL,'2019-02-11 19:45:53',NULL,'Pengaturan Email','SMTP Username'),(9,'smtp_password','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','text',NULL,NULL,'2019-02-11 19:45:53',NULL,'Pengaturan Email','SMTP Password'),(10,'appname','Auroralink','text',NULL,NULL,'2019-02-11 19:45:53',NULL,'Pengaturan Aplikasi','Application Name'),(11,'default_paper_size','Legal','text',NULL,'Paper size, ex : A4, Legal, etc','2019-02-11 19:45:53',NULL,'Pengaturan Aplikasi','Default Paper Print Size'),(12,'logo','uploads/2019-02/601a821b6a2a1a1cfad039b4822ca5a4.png','upload_image',NULL,NULL,'2019-02-11 19:45:53',NULL,'Pengaturan Aplikasi','Logo'),(13,'favicon','uploads/2019-02/29f4ca3346041a574e87585dc33e9702.png','upload_image',NULL,NULL,'2019-02-11 19:45:53',NULL,'Pengaturan Aplikasi','Favicon'),(14,'api_debug_mode','true','select','true,false',NULL,'2019-02-11 19:45:53',NULL,'Pengaturan Aplikasi','API Debug Mode'),(15,'google_api_key',NULL,'text',NULL,NULL,'2019-02-11 19:45:53',NULL,'Pengaturan Aplikasi','Google API Key'),(16,'google_fcm_key',NULL,'text',NULL,NULL,'2019-02-11 19:45:53',NULL,'Pengaturan Aplikasi','Google FCM Key');
/*!40000 ALTER TABLE `cms_settings` ENABLE KEYS */;
UNLOCK TABLES;

--
-- Table structure for table `cms_statistic_components`
--

DROP TABLE IF EXISTS `cms_statistic_components`;
/*!40101 SET @saved_cs_client     = @@character_set_client */;
/*!40101 SET character_set_client = utf8 */;
CREATE TABLE `cms_statistic_components` (
  `id` int(10) unsigned NOT NULL AUTO_INCREMENT,
  `id_cms_statistics` int(11) DEFAULT NULL,
  `componentID` varchar(255) COLLATE utf8mb4_unicode_ci DEFAULT NULL,
  `component_name` varchar(255) COLLATE utf8mb4_unicode_ci DEFAULT NULL,
  `area_name` varchar(55) COLLATE utf8mb4_unicode_ci DEFAULT NULL,
  `sorting` int(11) DEFAULT NULL,
  `name` varchar(255) COLLATE utf8mb4_unicode_ci DEFAULT NULL,
  `config` longtext COLLATE utf8mb4_unicode_ci,
  `created_at` timestamp NULL DEFAULT NULL,
  `updated_at` timestamp NULL DEFAULT NULL,
  PRIMARY KEY (`id`)
) ENGINE=InnoDB AUTO_INCREMENT=17 DEFAULT CHARSET=utf8mb4 COLLATE=utf8mb4_unicode_ci;
/*!40101 SET character_set_client = @saved_cs_client */;

--
-- Dumping data for table `cms_statistic_components`
--

LOCK TABLES `cms_statistic_components` WRITE;
/*!40000 ALTER TABLE `cms_statistic_components` DISABLE KEYS */;
INSERT INTO `cms_statistic_components` VALUES (1,1,'b6369a9534de2871b38244df759a1ed3','smallbox',NULL,0,'Untitled',NULL,'2019-02-14 03:24:07',NULL),(2,1,'6eac650bc586ce69579a29181b918fba','smallbox','area1',0,NULL,'{\"name\":\"order\",\"icon\":\"cart\",\"color\":\"bg-green\",\"link\":\"http:\\/\\/localhost:8000\\/admin\\/order\",\"sql\":\"select count(id) from order_detail\"}','2019-02-14 03:24:09',NULL),(3,1,'ee6e161127f748acab5fa8e6168837ce','smallbox','area2',0,NULL,'{\"name\":\"Project\",\"icon\":\"task\",\"color\":\"bg-aqua\",\"link\":\"http:\\/\\/localhost:8000\\/admin\\/project\",\"sql\":\"select count(id) from project\"}','2019-02-14 03:24:19',NULL),(5,1,'e5c2f84861ce415fcf80bcc6129a5af9','smallbox','area3',1,NULL,'{\"name\":\"Ticket\",\"icon\":\"ticket\",\"color\":\"bg-red\",\"link\":\"http:\\/\\/localhost:8000\\/admin\\/ticket\",\"sql\":\"select count(id) from ticket\"}','2019-02-14 03:24:39',NULL),(6,1,'9073bfddbc8408084d47b9f4cc0d5c28','smallbox','area4',0,NULL,'{\"name\":\"Perusahaan\",\"icon\":\"users\",\"color\":\"bg-yellow\",\"link\":\"http:\\/\\/localhost:8000\\/admin\\/perusahaan\",\"sql\":\"select count(id) from perusahaan\"}','2019-02-14 03:31:57',NULL),(7,1,'09d9d218b3d14071ee51c1c5b0a2e756','chartarea',NULL,0,'Untitled',NULL,'2019-02-14 20:01:45',NULL),(9,1,'53870d31c8fd77e561a674605c46bf0f','table','area5',1,NULL,'{\"name\":\"Project\",\"sql\":\"select (nama,status,) from project\"}','2019-02-14 20:01:58',NULL),(10,1,'9e508c4bc7f4404cde181455f1e0ccce','chartarea',NULL,0,'Untitled',NULL,'2019-02-14 20:02:15',NULL),(11,1,'c53cad68f1443e6a9736bafe885b64dd','table','area5',0,NULL,'{\"name\":\"Project\",\"sql\":\"select(id),select(nama) from project\"}','2019-02-14 20:09:27',NULL),(12,1,'8fd5f7ee611427063992c733faf2d2cc','table',NULL,0,'Untitled',NULL,'2019-02-14 20:10:49',NULL),(13,1,'5582ce0b1f868c14235c8d0d0260bd05','table','area5',0,NULL,'{\"name\":\"Project\",\"sql\":\"select (nama), select (status) from project\"}','2019-02-14 20:10:51',NULL),(14,1,'bd71685e42e3e8cdcc7f15953b3734a1','table','area5',0,NULL,'{\"name\":\"Project\",\"sql\":\"select (id,nama) from project\"}','2019-02-14 20:12:40',NULL),(15,1,'f11a87f4d2f3ecb13376ec19e37f5eb1','table','area5',0,NULL,'{\"name\":\"Project\",\"sql\":\"select (nama),(deskripsi),(tgl_mulai),(tgl_selesai),(status) from project\"}','2019-02-14 20:13:46',NULL),(16,1,'26f772359d4531fafb755326315c58ec','table','area5',1,NULL,'{\"name\":\"Ticket\",\"sql\":\"select (id),(judul),(status) from Ticket\"}','2019-02-14 20:14:56',NULL);
/*!40000 ALTER TABLE `cms_statistic_components` ENABLE KEYS */;
UNLOCK TABLES;

--
-- Table structure for table `cms_statistics`
--

DROP TABLE IF EXISTS `cms_statistics`;
/*!40101 SET @saved_cs_client     = @@character_set_client */;
/*!40101 SET character_set_client = utf8 */;
CREATE TABLE `cms_statistics` (
  `id` int(10) unsigned NOT NULL AUTO_INCREMENT,
  `name` varchar(255) COLLATE utf8mb4_unicode_ci DEFAULT NULL,
  `slug` varchar(255) COLLATE utf8mb4_unicode_ci DEFAULT NULL,
  `created_at` timestamp NULL DEFAULT NULL,
  `updated_at` timestamp NULL DEFAULT NULL,
  PRIMARY KEY (`id`)
) ENGINE=InnoDB AUTO_INCREMENT=2 DEFAULT CHARSET=utf8mb4 COLLATE=utf8mb4_unicode_ci;
/*!40101 SET character_set_client = @saved_cs_client */;

--
-- Dumping data for table `cms_statistics`
--

LOCK TABLES `cms_statistics` WRITE;
/*!40000 ALTER TABLE `cms_statistics` DISABLE KEYS */;
INSERT INTO `cms_statistics` VALUES (1,'Order','order','2019-02-14 03:23:54',NULL);
/*!40000 ALTER TABLE `cms_statistics` ENABLE KEYS */;
UNLOCK TABLES;

--
-- Table structure for table `cms_users`
--

DROP TABLE IF EXISTS `cms_users`;
/*!40101 SET @saved_cs_client     = @@character_set_client */;
/*!40101 SET character_set_client = utf8 */;
CREATE TABLE `cms_users` (
  `id` int(10) unsigned NOT NULL AUTO_INCREMENT,
  `name` varchar(255) COLLATE utf8mb4_unicode_ci DEFAULT NULL,
  `alamat` varchar(255) COLLATE utf8mb4_unicode_ci NOT NULL,
  `telepon` varchar(255) COLLATE utf8mb4_unicode_ci NOT NULL,
  `photo` varchar(255) COLLATE utf8mb4_unicode_ci DEFAULT NULL,
  `email` varchar(255) COLLATE utf8mb4_unicode_ci DEFAULT NULL,
  `password` varchar(255) COLLATE utf8mb4_unicode_ci DEFAULT NULL,
  `id_cms_privileges` int(11) DEFAULT NULL,
  `created_at` timestamp NULL DEFAULT NULL,
  `updated_at` timestamp NULL DEFAULT NULL,
  `status` varchar(50) COLLATE utf8mb4_unicode_ci DEFAULT NULL,
  PRIMARY KEY (`id`)
) ENGINE=InnoDB AUTO_INCREMENT=7 DEFAULT CHARSET=utf8mb4 COLLATE=utf8mb4_unicode_ci;
/*!40101 SET character_set_client = @saved_cs_client */;

--
-- Dumping data for table `cms_users`
--

LOCK TABLES `cms_users` WRITE;
/*!40000 ALTER TABLE `cms_users` DISABLE KEYS */;
INSERT INTO `cms_users` VALUES (1,'Super Admin','','','uploads/1/2019-02/auroralink.png','admin@crudbooster.com','$2y$10$52qi.1S30ORE4nodUkVYe.L8vLPaVGAMfbwQbgsanr/mFU7o1I6fa',1,'2019-02-11 19:45:52','2019-02-13 08:19:04','Active'),(4,'hendra','jl Ketintang','08625416222','uploads/1/2019-02/profil_sofan.png','aurora.an98@gmail.com','$2y$10$Mdnuy74iKp2oak.FKEZBe.P/0zIym7GJLrlkW0hza8HExMl6PYtQC',3,'2019-02-15 01:32:43','2019-02-21 19:28:44',NULL),(5,'Sofan','kenjeran','085658172112','uploads/1/2019-02/6080cb7b5c4a790487dd859fd9d5ca4e.jpg','sofan@auroralink.id','$2y$10$tIohDLQU/5D5Huc9.iP.Iud3ov8qQo2/qlMlAKildQ.a8Qcf.39iO',3,'2019-02-21 06:47:58',NULL,NULL),(6,'markucil','besowo','0861726717788',NULL,'markucil@gmail.com','$2y$10$bwbIZh5j7UmExY287G9Bve4Gv88DVNHyRjql/0RErBKb1uTDiUoTu',3,'2019-03-04 06:12:18',NULL,NULL);
/*!40000 ALTER TABLE `cms_users` ENABLE KEYS */;
UNLOCK TABLES;

--
-- Table structure for table `dev`
--

DROP TABLE IF EXISTS `dev`;
/*!40101 SET @saved_cs_client     = @@character_set_client */;
/*!40101 SET character_set_client = utf8 */;
CREATE TABLE `dev` (
  `id` int(10) unsigned NOT NULL AUTO_INCREMENT,
  `created_at` timestamp NULL DEFAULT NULL,
  `updated_at` timestamp NULL DEFAULT NULL,
  `nama` varchar(155) COLLATE utf8mb4_unicode_ci DEFAULT NULL,
  PRIMARY KEY (`id`)
) ENGINE=InnoDB AUTO_INCREMENT=8 DEFAULT CHARSET=utf8mb4 COLLATE=utf8mb4_unicode_ci;
/*!40101 SET character_set_client = @saved_cs_client */;

--
-- Dumping data for table `dev`
--

LOCK TABLES `dev` WRITE;
/*!40000 ALTER TABLE `dev` DISABLE KEYS */;
INSERT INTO `dev` VALUES (1,'2019-02-11 22:29:00',NULL,'Operasional'),(2,'2019-02-11 22:29:10',NULL,'Team Support'),(3,'2019-02-11 22:29:19',NULL,'Finance'),(4,'2019-02-11 22:29:26',NULL,'Programmer'),(5,'2019-02-11 22:29:31',NULL,'Admin'),(6,'2019-02-11 22:29:38',NULL,'Teknisi'),(7,'2019-02-11 22:29:44',NULL,'Marketing');
/*!40000 ALTER TABLE `dev` ENABLE KEYS */;
UNLOCK TABLES;

--
-- Table structure for table `dkategori`
--

DROP TABLE IF EXISTS `dkategori`;
/*!40101 SET @saved_cs_client     = @@character_set_client */;
/*!40101 SET character_set_client = utf8 */;
CREATE TABLE `dkategori` (
  `id` int(10) unsigned NOT NULL AUTO_INCREMENT,
  `nama` varchar(255) COLLATE utf8mb4_unicode_ci NOT NULL,
  PRIMARY KEY (`id`)
) ENGINE=InnoDB AUTO_INCREMENT=5 DEFAULT CHARSET=utf8mb4 COLLATE=utf8mb4_unicode_ci;
/*!40101 SET character_set_client = @saved_cs_client */;

--
-- Dumping data for table `dkategori`
--

LOCK TABLES `dkategori` WRITE;
/*!40000 ALTER TABLE `dkategori` DISABLE KEYS */;
INSERT INTO `dkategori` VALUES (1,'Maintenance'),(2,'Servis'),(3,'Web App'),(4,'Pelatihan');
/*!40000 ALTER TABLE `dkategori` ENABLE KEYS */;
UNLOCK TABLES;

--
-- Table structure for table `jasa`
--

DROP TABLE IF EXISTS `jasa`;
/*!40101 SET @saved_cs_client     = @@character_set_client */;
/*!40101 SET character_set_client = utf8 */;
CREATE TABLE `jasa` (
  `id` int(10) unsigned NOT NULL AUTO_INCREMENT,
  `created_at` timestamp NULL DEFAULT NULL,
  `updated_at` timestamp NULL DEFAULT NULL,
  `deleted_at` timestamp NULL DEFAULT NULL,
  `kategori_id` int(11) DEFAULT NULL,
  `nama` varchar(255) COLLATE utf8mb4_unicode_ci DEFAULT NULL,
  `deskripsi` text COLLATE utf8mb4_unicode_ci,
  `biaya` double NOT NULL,
  `gambar` varchar(255) COLLATE utf8mb4_unicode_ci DEFAULT NULL,
  `status` varchar(255) COLLATE utf8mb4_unicode_ci NOT NULL DEFAULT 'non-aktif',
  PRIMARY KEY (`id`)
) ENGINE=InnoDB AUTO_INCREMENT=8 DEFAULT CHARSET=utf8mb4 COLLATE=utf8mb4_unicode_ci;
/*!40101 SET character_set_client = @saved_cs_client */;

--
-- Dumping data for table `jasa`
--

LOCK TABLES `jasa` WRITE;
/*!40000 ALTER TABLE `jasa` DISABLE KEYS */;
INSERT INTO `jasa` VALUES (1,'2019-02-11 21:38:24',NULL,'2019-02-13 04:57:05',6,'Servis laptop','Servis laptop menangani segala macam kerusakan laptop',100000,NULL,'non-aktif'),(2,'2019-02-13 03:14:36',NULL,'2019-02-13 04:57:00',5,'Maintenance','Maintenance',100000,NULL,'non-aktif'),(3,'2019-02-13 03:18:30',NULL,'2019-02-13 04:56:56',6,'Servis','Servis laptop engsel',100000,NULL,'non-aktif'),(4,'2019-02-13 04:42:47','2019-02-13 05:43:55',NULL,5,'Paket Standar Maintenance','Paket Standar Maintenance adalah maintenance komputer dan perangkat IT bagi anda yang memiliki perangkat komputer di kantor, sekolah, warnet atau lainnya dengan jumlah Unit dibawah 10 Unit, pada paket ini kami berikan free biaya perawatan untuk Printer dan Jaringan.\r\n\r\nPada paket ini kami hitung minimal unit yang harus tersedia 10Unit, sebagai contoh jika di kantor anda tersedia 8 unit pc beserta perangkat lainnya, maka kami akan hitung 10 unit, dan anda harus membayar sesuai jumlah minimum kami.',350000,'uploads/1/2019-02/p3.PNG','non-aktif'),(5,'2019-02-13 04:58:17','2019-02-13 05:43:44',NULL,5,'Medium Maintenance','Paket Medium Maintenance adalah paket maintenance komputer dan juga perangkat IT dengan jumlah PC yang ada di kantor, sekolah, warnet dan lainnya dengan kisaran jumlah Unit antara 10 Unit samapai 15 unit, kami berikan free perawatan untuk jaringan dan printer.\r\n\r\nPada paket ini kami hitung minimal unit yang harus tersedia 15Unit, sebagai contoh jika di kantor anda tersedia 14 unit pc beserta perangkat lainnya, maka kami akan hitung 15 unit, dan anda harus membayar sesuai jumlah minimum kami.',500000,'uploads/1/2019-02/p2.PNG','non-aktif'),(6,'2019-02-13 04:59:24','2019-02-13 05:56:23',NULL,5,'Premium Maintenance','Pada paket ini Bhineka komputer akan menghitung jumlah unit yang tersedia di kantor anda, pada paket ini tidak berlaku free unit untuk perangkat lainnya.',750000,'uploads/1/2019-02/p1.PNG','non-aktif'),(7,'2019-02-22 07:20:17',NULL,NULL,2,'Servis Laptop','Servis Laptop',200000,'uploads/1/2019-02/done.PNG','aktif');
/*!40000 ALTER TABLE `jasa` ENABLE KEYS */;
UNLOCK TABLES;

--
-- Table structure for table `k_servis`
--

DROP TABLE IF EXISTS `k_servis`;
/*!40101 SET @saved_cs_client     = @@character_set_client */;
/*!40101 SET character_set_client = utf8 */;
CREATE TABLE `k_servis` (
  `id` int(10) unsigned NOT NULL AUTO_INCREMENT,
  `nama` varchar(255) COLLATE utf8mb4_unicode_ci NOT NULL,
  PRIMARY KEY (`id`)
) ENGINE=InnoDB AUTO_INCREMENT=3 DEFAULT CHARSET=utf8mb4 COLLATE=utf8mb4_unicode_ci;
/*!40101 SET character_set_client = @saved_cs_client */;

--
-- Dumping data for table `k_servis`
--

LOCK TABLES `k_servis` WRITE;
/*!40000 ALTER TABLE `k_servis` DISABLE KEYS */;
INSERT INTO `k_servis` VALUES (1,'Laptop'),(2,'Personal-computer');
/*!40000 ALTER TABLE `k_servis` ENABLE KEYS */;
UNLOCK TABLES;

--
-- Table structure for table `kategori`
--

DROP TABLE IF EXISTS `kategori`;
/*!40101 SET @saved_cs_client     = @@character_set_client */;
/*!40101 SET character_set_client = utf8 */;
CREATE TABLE `kategori` (
  `id` int(10) unsigned NOT NULL AUTO_INCREMENT,
  `created_at` timestamp NULL DEFAULT NULL,
  `updated_at` timestamp NULL DEFAULT NULL,
  `nama` varchar(155) COLLATE utf8mb4_unicode_ci DEFAULT NULL,
  PRIMARY KEY (`id`)
) ENGINE=InnoDB AUTO_INCREMENT=5 DEFAULT CHARSET=utf8mb4 COLLATE=utf8mb4_unicode_ci;
/*!40101 SET character_set_client = @saved_cs_client */;

--
-- Dumping data for table `kategori`
--

LOCK TABLES `kategori` WRITE;
/*!40000 ALTER TABLE `kategori` DISABLE KEYS */;
INSERT INTO `kategori` VALUES (1,'2019-02-11 19:48:41',NULL,'Sparepart'),(2,'2019-02-11 19:49:51','2019-02-11 19:52:41','PC-Rakitan'),(3,'2019-02-11 19:51:13',NULL,'Networking'),(4,'2019-02-11 19:51:46',NULL,'Printer');
/*!40000 ALTER TABLE `kategori` ENABLE KEYS */;
UNLOCK TABLES;

--
-- Table structure for table `kecamatan`
--

DROP TABLE IF EXISTS `kecamatan`;
/*!40101 SET @saved_cs_client     = @@character_set_client */;
/*!40101 SET character_set_client = utf8 */;
CREATE TABLE `kecamatan` (
  `id` int(10) unsigned NOT NULL AUTO_INCREMENT,
  `nama` varchar(255) COLLATE utf8mb4_unicode_ci NOT NULL,
  PRIMARY KEY (`id`)
) ENGINE=InnoDB AUTO_INCREMENT=31 DEFAULT CHARSET=utf8mb4 COLLATE=utf8mb4_unicode_ci;
/*!40101 SET character_set_client = @saved_cs_client */;

--
-- Dumping data for table `kecamatan`
--

LOCK TABLES `kecamatan` WRITE;
/*!40000 ALTER TABLE `kecamatan` DISABLE KEYS */;
INSERT INTO `kecamatan` VALUES (1,'Kec. Asemrowo'),(2,'Kec. Benowo'),(3,'Kec. Bubutan'),(4,'Kec. Bulak'),(5,'Kec. Dukuh Pakis'),(6,'Kec. Gayungan'),(7,'Kec. Genteng'),(8,'Kec. Gubeng'),(9,'Kec. Jambangan'),(10,'Kec. Karang Pilang'),(11,'Kec. Kenjeran'),(12,'Kec. Krembangan'),(13,'Kec. Lakarsantri'),(14,'Kec. Mulyorejo'),(15,'Kec. Pabean Cantian'),(16,'Kec. Pakal'),(17,'Kec. Rungkut'),(18,'Kec. Sambi Kerep'),(19,'Kec. Sawahan'),(20,'Kec. Semampir'),(21,'Kec. Simokerto'),(22,'Kec. Sukolilo'),(23,'Kec. Sukomanunggal'),(24,'Kec. Tambaksari'),(25,'Kec. Tandes'),(26,'Kec. Tegal Sari'),(27,'Kec. Tenggilis Mejoyo'),(28,'Kec. Wiyung'),(29,'Kec. Wonocolo'),(30,'Kec. Wonokromo');
/*!40000 ALTER TABLE `kecamatan` ENABLE KEYS */;
UNLOCK TABLES;

--
-- Table structure for table `migrations`
--

DROP TABLE IF EXISTS `migrations`;
/*!40101 SET @saved_cs_client     = @@character_set_client */;
/*!40101 SET character_set_client = utf8 */;
CREATE TABLE `migrations` (
  `id` int(10) unsigned NOT NULL AUTO_INCREMENT,
  `migration` varchar(255) COLLATE utf8mb4_unicode_ci NOT NULL,
  `batch` int(11) NOT NULL,
  PRIMARY KEY (`id`)
) ENGINE=InnoDB AUTO_INCREMENT=104 DEFAULT CHARSET=utf8mb4 COLLATE=utf8mb4_unicode_ci;
/*!40101 SET character_set_client = @saved_cs_client */;

--
-- Dumping data for table `migrations`
--

LOCK TABLES `migrations` WRITE;
/*!40000 ALTER TABLE `migrations` DISABLE KEYS */;
INSERT INTO `migrations` VALUES (50,'2016_08_07_145904_add_table_cms_apicustom',1),(51,'2016_08_07_150834_add_table_cms_dashboard',1),(52,'2016_08_07_151210_add_table_cms_logs',1),(53,'2016_08_07_151211_add_details_cms_logs',1),(54,'2016_08_07_152014_add_table_cms_privileges',1),(55,'2016_08_07_152214_add_table_cms_privileges_roles',1),(56,'2016_08_07_152320_add_table_cms_settings',1),(57,'2016_08_07_152421_add_table_cms_users',1),(58,'2016_08_07_154624_add_table_cms_menus_privileges',1),(59,'2016_08_07_154624_add_table_cms_moduls',1),(60,'2016_08_17_225409_add_status_cms_users',1),(61,'2016_08_20_125418_add_table_cms_notifications',1),(62,'2016_09_04_033706_add_table_cms_email_queues',1),(63,'2016_09_16_035347_add_group_setting',1),(64,'2016_09_16_045425_add_label_setting',1),(65,'2016_09_17_104728_create_nullable_cms_apicustom',1),(66,'2016_10_01_141740_add_method_type_apicustom',1),(67,'2016_10_01_141846_add_parameters_apicustom',1),(68,'2016_10_01_141934_add_responses_apicustom',1),(69,'2016_10_01_144826_add_table_apikey',1),(70,'2016_11_14_141657_create_cms_menus',1),(71,'2016_11_15_132350_create_cms_email_templates',1),(72,'2016_11_15_190410_create_cms_statistics',1),(73,'2016_11_17_102740_create_cms_statistic_components',1),(74,'2017_06_06_164501_add_deleted_at_cms_moduls',1),(75,'2019_02_12_024648_kategori',2),(76,'2019_02_12_025322_produk',3),(77,'2019_02_12_025424_supplier',3),(78,'2019_02_12_030713_pelanggan',4),(79,'2019_02_12_034150_stock',5),(80,'2019_02_12_040424_perusahaan',6),(81,'2019_02_12_042903_jasa',7),(82,'2019_02_12_052449_dev',8),(83,'2019_02_12_053125_team',9),(84,'2019_02_12_054043_project',10),(85,'2019_02_13_064443_stock',11),(86,'2019_02_13_065627_produk_detail',12),(87,'2019_02_13_065854_order',12),(88,'2019_02_13_070141_order',13),(89,'2019_02_13_070522_order_detail',14),(90,'2019_02_14_005523_ticket',15),(91,'2019_02_14_024854_ticket',16),(92,'2019_02_14_035259_pkategori',17),(93,'2019_02_14_035340_dkategori',17),(94,'2019_02_17_025752_kecamatan',18),(95,'2019_02_21_102946_pelanggan',19),(96,'2019_02_22_143738_servis',20),(97,'2019_02_23_041038_k_servis',20),(98,'2019_02_23_041140_s_servis',20),(99,'2019_02_23_041235_s_garansi',20),(100,'2019_02_23_045216_sgaransi',21),(101,'2019_02_23_160045_create_pembayarans_table',22),(102,'2019_02_25_010925_pembayaran',23),(103,'2019_02_25_011036_pembayaran_detail',24);
/*!40000 ALTER TABLE `migrations` ENABLE KEYS */;
UNLOCK TABLES;

--
-- Table structure for table `order`
--

DROP TABLE IF EXISTS `order`;
/*!40101 SET @saved_cs_client     = @@character_set_client */;
/*!40101 SET character_set_client = utf8 */;
CREATE TABLE `order` (
  `id` int(10) unsigned NOT NULL AUTO_INCREMENT,
  `created_at` timestamp NULL DEFAULT NULL,
  `updated_at` timestamp NULL DEFAULT NULL,
  `deleted_at` timestamp NULL DEFAULT NULL,
  `cms_users_id` int(25) unsigned DEFAULT NULL,
  `nama` varchar(255) COLLATE utf8mb4_unicode_ci DEFAULT NULL,
  `alamat` varchar(255) COLLATE utf8mb4_unicode_ci DEFAULT NULL,
  `email` varchar(255) COLLATE utf8mb4_unicode_ci DEFAULT NULL,
  `telepon` varchar(25) COLLATE utf8mb4_unicode_ci DEFAULT NULL,
  `nomer_order` varchar(25) COLLATE utf8mb4_unicode_ci DEFAULT NULL,
  `total` double NOT NULL DEFAULT '0',
  `pajak` double NOT NULL DEFAULT '0',
  `diskon` double NOT NULL DEFAULT '0',
  `grand_total` double NOT NULL DEFAULT '0',
  `status` varchar(255) COLLATE utf8mb4_unicode_ci NOT NULL DEFAULT 'pending',
  PRIMARY KEY (`id`)
) ENGINE=InnoDB AUTO_INCREMENT=245 DEFAULT CHARSET=utf8mb4 COLLATE=utf8mb4_unicode_ci;
/*!40101 SET character_set_client = @saved_cs_client */;

--
-- Dumping data for table `order`
--

LOCK TABLES `order` WRITE;
/*!40000 ALTER TABLE `order` DISABLE KEYS */;
INSERT INTO `order` VALUES (59,'2019-02-20 05:49:27',NULL,'2019-02-20 08:57:41',3,NULL,NULL,NULL,'','INV/Order/0058',400000,0,0,400000,'pending'),(60,'2019-02-20 05:51:20',NULL,'2019-02-20 08:57:41',3,NULL,NULL,NULL,'','INV/Order/0058',400000,0,0,400000,'pending'),(61,'2019-02-20 05:51:38',NULL,'2019-02-20 08:57:41',3,NULL,NULL,NULL,'','INV/Order/0061',800000,0,0,800000,'pending'),(62,'2019-02-20 05:58:03',NULL,'2019-02-20 08:57:41',3,'pengguna',NULL,NULL,'','INV/Order/0062',800000,0,0,800000,'pending'),(63,'2019-02-20 06:00:30',NULL,'2019-02-20 08:57:41',3,'pengguna',NULL,'pengguna','','INV/Order/0063',55000,0,0,55000,'pending'),(64,'2019-02-20 07:13:49',NULL,'2019-02-20 08:57:41',3,'pengguna',NULL,'aurora.an98@gmail.com','','INV/Order/0064',400000,0,0,400000,'pending'),(65,'2019-02-20 07:15:11',NULL,'2019-02-20 08:57:41',3,'pengguna',NULL,'aurora.an98@gmail.com','','INV/Order/0065',110000,0,0,110000,'pending'),(66,'2019-02-20 07:18:35',NULL,'2019-02-20 08:57:41',3,'pengguna',NULL,'aurora.an98@gmail.com','','INV/Order/0066',400000,0,0,400000,'pending'),(67,'2019-02-20 07:22:32',NULL,'2019-02-20 08:57:41',3,'pengguna',NULL,'aurora.an98@gmail.com','','INV/Order/0067',55000,0,0,55000,'pending'),(68,'2019-02-20 07:24:02',NULL,'2019-02-20 08:57:41',4,'hendra',NULL,'aurora.an98@gmail.com','','INV/Order/0068',55000,0,0,55000,'pending'),(69,'2019-02-20 07:26:15',NULL,'2019-02-20 08:57:41',4,'hendra',NULL,'aurora.an98@gmail.com','','INV/Order/0069',400000,0,0,400000,'pending'),(70,'2019-02-20 07:37:29',NULL,'2019-02-20 08:57:41',4,'hendra',NULL,'aurora.an98@gmail.com','','INV/Order/0070',400000,0,0,400000,'pending'),(71,'2019-02-20 07:40:34',NULL,'2019-02-20 08:57:41',4,'hendra',NULL,'aurora.an98@gmail.com','','INV/Order/0071',400000,0,0,400000,'pending'),(72,'2019-02-20 07:43:20',NULL,'2019-02-20 08:57:41',4,'hendra',NULL,'aurora.an98@gmail.com','','INV/Order/0072',400000,0,0,400000,'pending'),(73,'2019-02-20 07:51:50',NULL,'2019-02-20 08:57:41',4,'hendra',NULL,'aurora.an98@gmail.com','','INV/Order/0073',400000,0,0,400000,'pending'),(74,'2019-02-20 07:55:16',NULL,'2019-02-20 08:57:41',4,'hendra',NULL,'aurora.an98@gmail.com','','INV/Order/0074',800000,0,0,800000,'pending'),(75,'2019-02-20 07:56:39',NULL,'2019-02-20 08:57:41',4,'hendra',NULL,'aurora.an98@gmail.com','','INV/Order/0075',55000,0,0,55000,'pending'),(76,'2019-02-20 07:58:33',NULL,'2019-02-20 08:57:41',4,'hendra',NULL,'martil@gmail.com','','INV/Order/0076',400000,0,0,400000,'pending'),(77,'2019-02-20 07:59:35',NULL,'2019-02-20 08:57:33',4,'hendra',NULL,'martil@gmail.com','','INV/Order/0076',400000,0,0,400000,'pending'),(78,'2019-02-20 08:00:01',NULL,'2019-02-20 08:57:33',4,'hendra',NULL,'martil@gmail.com','','INV/Order/0076',400000,0,0,400000,'pending'),(79,'2019-02-20 08:02:21',NULL,'2019-02-20 08:57:33',4,'hendra',NULL,'martil@gmail.com','','INV/Order/0076',400000,0,0,400000,'pending'),(80,'2019-02-20 08:03:05',NULL,'2019-02-20 08:57:33',4,'hendra',NULL,'martil@gmail.com','','INV/Order/0076',400000,0,0,400000,'pending'),(81,'2019-02-20 08:04:05',NULL,'2019-02-20 08:57:33',4,'hendra',NULL,'martil@gmail.com','','INV/Order/0076',400000,0,0,400000,'pending'),(82,'2019-02-20 08:09:53',NULL,'2019-02-20 08:57:33',4,'hendra',NULL,'martil@gmail.com','','INV/Order/0076',400000,0,0,400000,'pending'),(83,'2019-02-20 08:10:11',NULL,'2019-02-20 08:57:33',4,'hendra',NULL,'martil@gmail.com','','INV/Order/0076',400000,0,0,400000,'pending'),(84,'2019-02-20 08:10:35',NULL,'2019-02-20 08:57:33',4,'hendra',NULL,'aurora.an98@gmail.com','','INV/Order/0076',400000,0,0,400000,'pending'),(85,'2019-02-20 08:14:20',NULL,'2019-02-20 08:57:33',4,'hendra',NULL,'aurora.an98@gmail.com','','INV/Order/0076',400000,0,0,400000,'pending'),(86,'2019-02-20 08:23:26',NULL,'2019-02-20 08:57:33',4,'hendra',NULL,'aurora.an98@gmail.com','','INV/Order/0086',55000,0,0,55000,'pending'),(87,'2019-02-20 08:24:24',NULL,'2019-02-20 08:57:33',4,'hendra',NULL,'aurora.an98@gmail.com','','INV/Order/0087',55000,0,0,55000,'pending'),(88,'2019-02-20 08:27:45',NULL,'2019-02-20 08:57:33',4,'hendra',NULL,'aurora.an98@gmail.com','','INV/Order/0087',55000,0,0,55000,'pending'),(89,'2019-02-20 08:28:10',NULL,'2019-02-20 08:57:33',4,'hendra',NULL,'aurora.an98@gmail.com','','INV/Order/0089',55000,0,0,55000,'pending'),(90,'2019-02-20 08:30:11',NULL,'2019-02-20 08:57:33',4,'hendra',NULL,'aurora.an98@gmail.com','','INV/Order/0090',55000,0,0,55000,'pending'),(91,'2019-02-20 08:30:55',NULL,'2019-02-20 08:57:33',4,'hendra',NULL,'aurora.an98@gmail.com','','INV/Order/0091',400000,0,0,400000,'pending'),(92,'2019-02-20 08:32:39',NULL,'2019-02-20 08:57:33',4,'hendra',NULL,'aurora.an98@gmail.com','','INV/Order/0091',400000,0,0,400000,'pending'),(93,'2019-02-20 08:32:57',NULL,'2019-02-20 08:57:33',4,'hendra',NULL,'aurora.an98@gmail.com','','INV/Order/0093',55000,0,0,55000,'pending'),(94,'2019-02-20 08:34:10',NULL,'2019-02-20 08:57:33',4,'hendra',NULL,'aurora.an98@gmail.com','','INV/Order/0094',400000,0,0,400000,'pending'),(95,'2019-02-20 08:56:16',NULL,'2019-02-20 08:57:33',4,'hendra',NULL,'hendra','','INV/Order/0095',55000,0,0,55000,'pending'),(96,'2019-02-20 08:57:01',NULL,'2019-02-20 08:57:33',4,'hendra',NULL,'hendra','','INV/Order/0095',55000,0,0,55000,'pending'),(97,'2019-02-20 22:02:35',NULL,'2019-02-21 06:05:20',4,'hendra',NULL,'aurora.an98@gmail.com','','INV/Order/0097',55000,0,0,55000,'lunas'),(98,'2019-02-20 22:10:52',NULL,'2019-02-21 06:05:15',4,'hendra',NULL,'aurora.an98@gmail.com','','INV/Order/0098',400000,0,0,400000,'pending'),(99,'2019-02-20 22:12:40',NULL,'2019-02-21 06:05:15',4,'hendra',NULL,'aurora.an98@gmail.com','','INV/Order/0098',400000,0,0,400000,'pending'),(100,'2019-02-20 22:14:46',NULL,'2019-02-21 06:05:15',4,'hendra',NULL,'aurora.an98@gmail.com','','INV/Order/0098',400000,0,0,400000,'pending'),(101,'2019-02-20 22:36:40',NULL,'2019-02-21 06:05:15',4,'hendra',NULL,'aurora.an98@gmail.com','','INV/Order/00101',800000,0,0,800000,'pending'),(102,'2019-02-20 22:43:36',NULL,'2019-02-21 06:05:15',4,'hendra',NULL,'aurora.an98@gmail.com','','INV/Order/00101',800000,0,0,800000,'pending'),(103,'2019-02-20 22:47:55',NULL,'2019-02-21 06:05:15',4,'hendra',NULL,'aurora.an98@gmail.com','','INV/Order/00101',800000,0,0,800000,'pending'),(104,'2019-02-21 04:35:23',NULL,'2019-02-21 06:05:15',4,'hendra',NULL,'aurora.an98@gmail.com','','INV/Order/00104',400000,0,0,400000,'pending'),(105,'2019-02-21 04:58:58',NULL,'2019-02-21 06:05:15',4,'hendra',NULL,'0','','INV/Order/00105',55000,0,0,55000,'pending'),(106,'2019-02-21 05:00:21',NULL,'2019-02-21 06:05:15',4,'hendra',NULL,'0','','INV/Order/00105',55000,0,0,55000,'pending'),(107,'2019-02-21 05:01:19',NULL,'2019-02-21 06:05:15',4,'hendra',NULL,'aurora.an98@gmail.com','','INV/Order/00107',165000,0,0,165000,'pending'),(108,'2019-02-21 05:04:31',NULL,'2019-02-21 06:05:15',4,'hendra',NULL,'aurora.an98@gmail.com','','INV/Order/00108',300000,0,0,300000,'pending'),(109,'2019-02-21 05:14:56',NULL,'2019-02-21 06:05:15',4,'hendra',NULL,'aurora.an98@gmail.com','','INV/Order/00109',400000,0,0,400000,'pending'),(110,'2019-02-21 05:15:42',NULL,'2019-02-21 06:05:15',4,'hendra',NULL,'aurora.an98@gmail.com','','INV/Order/00109',400000,0,0,400000,'pending'),(111,'2019-02-21 05:16:13',NULL,'2019-02-21 06:05:15',4,'hendra',NULL,'aurora.an98@gmail.com','','INV/Order/00109',400000,0,0,400000,'pending'),(112,'2019-02-21 05:17:04',NULL,'2019-02-21 06:05:15',4,'hendra',NULL,'aurora.an98@gmail.com','','INV/Order/00109',400000,0,0,400000,'pending'),(113,'2019-02-21 05:17:31',NULL,'2019-02-21 06:05:15',4,'hendra',NULL,'aurora.an98@gmail.com','','INV/Order/00109',400000,0,0,400000,'pending'),(114,'2019-02-21 05:37:23',NULL,'2019-02-21 06:05:15',4,'hendra',NULL,'aurora.an98@gmail.com','','INV/Order/00109',800000,0,0,800000,'pending'),(115,'2019-02-21 05:40:06',NULL,'2019-02-21 06:05:15',4,'hendra',NULL,'aurora.an98@gmail.com','','INV/Order/00115',55000,0,0,55000,'pending'),(116,'2019-02-21 05:54:54',NULL,'2019-02-21 06:05:15',4,'hendra',NULL,'aurora.an98@gmail.com','','INV/Order/00116',400000,0,0,400000,'pending'),(117,'2019-02-21 05:59:48',NULL,'2019-02-21 06:05:15',3,'pengguna',NULL,'eshoptoko@gmail.com','','INV/Order/00117',800000,0,0,800000,'pending'),(118,'2019-02-21 06:40:42',NULL,'2019-02-21 19:30:54',3,'pengguna',NULL,'eshoptoko@gmail.com','','INV/Order/00118',110000,0,0,110000,'pending'),(119,'2019-02-21 06:43:41',NULL,'2019-02-21 19:30:54',3,'pengguna',NULL,'eshoptoko@gmail.com','','INV/Order/00119',400000,0,0,400000,'pending'),(120,'2019-02-21 06:48:36',NULL,'2019-02-21 19:30:54',5,'Sofan',NULL,'sofan@auroralink.id','','INV/Order/00120',400000,0,0,400000,'pending'),(121,'2019-02-21 06:50:32',NULL,'2019-02-21 19:30:54',5,'Sofan',NULL,'sofan@auroralink.id','','INV/Order/00120',400000,0,0,400000,'pending'),(122,'2019-02-21 06:51:12',NULL,'2019-02-21 19:30:54',5,'Sofan',NULL,'sofan@auroralink.id','','INV/Order/00120',400000,0,0,400000,'pending'),(123,'2019-02-21 06:51:42',NULL,'2019-02-21 19:30:54',5,'Sofan',NULL,'sofan@auroralink.id','','INV/Order/00120',400000,0,0,400000,'pending'),(124,'2019-02-21 06:52:07',NULL,'2019-02-21 19:30:54',5,'Sofan',NULL,'sofan@auroralink.id','','INV/Order/00120',400000,0,0,400000,'pending'),(125,'2019-02-21 06:52:31',NULL,'2019-02-21 19:30:54',3,'pengguna',NULL,'eshoptoko@gmail.com','','INV/Order/00119',400000,0,0,400000,'pending'),(126,'2019-02-21 06:52:50',NULL,'2019-02-21 19:30:54',3,'pengguna',NULL,'aurora.an98@gmail.com','','INV/Order/00119',400000,0,0,400000,'pending'),(127,'2019-02-21 06:55:42',NULL,'2019-02-21 19:30:54',5,'Sofan',NULL,'sofan@auroralink.id','','INV/Order/00120',400000,0,0,400000,'pending'),(128,'2019-02-21 06:57:08',NULL,'2019-02-21 19:30:54',5,'Sofan',NULL,'sofan@auroralink.id','','INV/Order/00128',400000,0,0,400000,'pending'),(129,'2019-02-21 06:57:42',NULL,'2019-02-21 19:30:54',5,'Sofan',NULL,'sofan@auroralink.id','','INV/Order/00128',400000,0,0,400000,'pending'),(130,'2019-02-21 06:58:39',NULL,'2019-02-21 19:30:54',5,'Sofan',NULL,'sofan@auroralink.id','','INV/Order/00128',400000,0,0,400000,'pending'),(131,'2019-02-21 07:02:02',NULL,'2019-02-21 19:30:54',5,'Sofan',NULL,'sofan@auroralink.id','','INV/Order/00128',400000,0,0,400000,'pending'),(132,'2019-02-21 07:03:10',NULL,'2019-02-21 19:30:54',5,'Sofan',NULL,'sofan@auroralink.id','','INV/Order/00128',400000,0,0,400000,'pending'),(133,'2019-02-21 07:04:09',NULL,'2019-02-21 19:30:54',5,'Sofan',NULL,'sofan@auroralink.id','','INV/Order/00128',400000,0,0,400000,'pending'),(134,'2019-02-21 07:05:00',NULL,'2019-02-21 19:30:48',5,'Sofan',NULL,'sofan@auroralink.id','','INV/Order/00128',400000,0,0,400000,'pending'),(135,'2019-02-21 07:06:18',NULL,'2019-02-21 19:30:48',5,'Sofan',NULL,'sofan@auroralink.id','','INV/Order/00128',400000,0,0,400000,'pending'),(136,'2019-02-21 07:07:17',NULL,'2019-02-21 19:30:48',5,'Sofan',NULL,'sofan@auroralink.id','','INV/Order/00128',400000,0,0,400000,'pending'),(137,'2019-02-21 07:07:48',NULL,'2019-02-21 19:30:48',5,'Sofan',NULL,'sofan@auroralink.id','','INV/Order/00128',400000,0,0,400000,'pending'),(138,'2019-02-21 07:09:22',NULL,'2019-02-21 19:30:48',5,'Sofan',NULL,'sofan@auroralink.id','','INV/Order/00128',400000,0,0,400000,'pending'),(139,'2019-02-21 07:10:04',NULL,'2019-02-21 19:30:48',5,'Sofan',NULL,'sofan@auroralink.id','','INV/Order/00128',400000,0,0,400000,'pending'),(140,'2019-02-21 07:10:49',NULL,'2019-02-21 19:30:48',5,'Sofan',NULL,'sofan@auroralink.id','','INV/Order/00128',400000,0,0,400000,'pending'),(141,'2019-02-21 07:11:28',NULL,'2019-02-21 19:30:48',5,'Sofan',NULL,'sofan@auroralink.id','','INV/Order/00128',400000,0,0,400000,'pending'),(142,'2019-02-21 07:16:28',NULL,'2019-02-21 19:30:48',5,'Sofan',NULL,'sofan@auroralink.id','','INV/Order/00128',400000,0,0,400000,'pending'),(143,'2019-02-21 07:18:53',NULL,'2019-02-21 19:30:48',5,'Sofan',NULL,'sofan@auroralink.id','','INV/Order/00128',400000,0,0,400000,'pending'),(144,'2019-02-21 07:19:22',NULL,'2019-02-21 19:30:48',5,'Sofan',NULL,'sofan@auroralink.id','','INV/Order/00128',400000,0,0,400000,'pending'),(145,'2019-02-21 07:19:52',NULL,'2019-02-21 19:30:48',5,'Sofan',NULL,'sofan@auroralink.id','','INV/Order/00128',400000,0,0,400000,'pending'),(146,'2019-02-21 07:23:28',NULL,'2019-02-21 19:30:48',5,'Sofan',NULL,'sofan@auroralink.id','','INV/Order/00128',400000,0,0,400000,'pending'),(147,'2019-02-21 07:24:03',NULL,'2019-02-21 19:30:48',5,'Sofan',NULL,'sofan@auroralink.id','','INV/Order/00128',400000,0,0,400000,'pending'),(148,'2019-02-21 07:24:25',NULL,'2019-02-21 19:30:48',5,'Sofan',NULL,'sofan@auroralink.id','','INV/Order/00128',400000,0,0,400000,'pending'),(149,'2019-02-21 07:25:14',NULL,'2019-02-21 19:30:48',5,'Sofan',NULL,'sofan@auroralink.id','','INV/Order/00128',400000,0,0,400000,'pending'),(150,'2019-02-21 07:25:51',NULL,'2019-02-21 19:30:48',5,'Sofan',NULL,'sofan@auroralink.id','','INV/Order/00128',400000,0,0,400000,'pending'),(151,'2019-02-21 07:26:30',NULL,'2019-02-21 19:30:48',5,'Sofan',NULL,'sofan@auroralink.id','','INV/Order/00128',400000,0,0,400000,'pending'),(152,'2019-02-21 07:27:26',NULL,'2019-02-21 19:30:48',5,'Sofan',NULL,'sofan@auroralink.id','','INV/Order/00128',400000,0,0,400000,'pending'),(153,'2019-02-21 07:28:21',NULL,'2019-02-21 19:30:48',5,'Sofan',NULL,'sofan@auroralink.id','','INV/Order/00128',400000,0,0,400000,'pending'),(154,'2019-02-21 07:29:19',NULL,'2019-02-21 19:30:42',5,'Sofan',NULL,'sofan@auroralink.id','','INV/Order/00128',400000,0,0,400000,'pending'),(155,'2019-02-21 07:29:49',NULL,'2019-02-21 19:30:42',5,'Sofan',NULL,'sofan@auroralink.id','','INV/Order/00128',400000,0,0,400000,'pending'),(156,'2019-02-21 07:30:20',NULL,'2019-02-21 19:30:42',5,'Sofan',NULL,'sofan@auroralink.id','','INV/Order/00128',400000,0,0,400000,'pending'),(157,'2019-02-21 07:32:49',NULL,'2019-02-21 19:30:42',5,'Sofan',NULL,'sofan@auroralink.id','','INV/Order/00128',400000,0,0,400000,'pending'),(158,'2019-02-21 07:33:53',NULL,'2019-02-21 19:30:42',5,'Sofan',NULL,'sofan@auroralink.id','','INV/Order/00128',400000,0,0,400000,'pending'),(159,'2019-02-21 07:34:15',NULL,'2019-02-21 19:30:42',5,'Sofan',NULL,'sofan@auroralink.id','','INV/Order/00128',400000,0,0,400000,'pending'),(160,'2019-02-21 07:35:05',NULL,'2019-02-21 19:30:42',5,'Sofan',NULL,'sofan@auroralink.id','','INV/Order/00128',400000,0,0,400000,'pending'),(161,'2019-02-21 07:37:02',NULL,'2019-02-21 19:30:42',5,'Sofan',NULL,'sofan@auroralink.id','','INV/Order/00128',400000,0,0,400000,'pending'),(162,'2019-02-21 07:37:13',NULL,'2019-02-21 19:30:42',3,'pengguna',NULL,'aurora.an98@gmail.com','','INV/Order/00119',400000,0,0,400000,'pending'),(163,'2019-02-21 07:40:38',NULL,'2019-02-21 19:30:42',3,'pengguna',NULL,'aurora.an98@gmail.com','','INV/Order/00119',400000,0,0,400000,'pending'),(164,'2019-02-21 07:41:42',NULL,'2019-02-21 19:30:42',3,'pengguna',NULL,'aurora.an98@gmail.com','','INV/Order/00119',400000,0,0,400000,'pending'),(165,'2019-02-21 07:42:03',NULL,'2019-02-21 19:30:42',3,'pengguna',NULL,'aurora.an98@gmail.com','','INV/Order/00119',400000,0,0,400000,'pending'),(166,'2019-02-21 07:42:34',NULL,'2019-02-21 19:30:42',3,'pengguna',NULL,'aurora.an98@gmail.com','','INV/Order/00119',400000,0,0,400000,'pending'),(167,'2019-02-21 07:43:14',NULL,'2019-02-21 19:30:42',3,'pengguna',NULL,'aurora.an98@gmail.com','','INV/Order/00119',400000,0,0,400000,'pending'),(168,'2019-02-21 07:44:53',NULL,'2019-02-21 19:30:42',3,'pengguna',NULL,'aurora.an98@gmail.com','','INV/Order/00119',400000,0,0,400000,'pending'),(169,'2019-02-21 07:46:30',NULL,'2019-02-21 19:30:42',3,'pengguna',NULL,'aurora.an98@gmail.com','','INV/Order/00119',400000,0,0,400000,'pending'),(170,'2019-02-21 07:47:36',NULL,'2019-02-21 19:30:42',3,'pengguna',NULL,'aurora.an98@gmail.com','','INV/Order/00119',400000,0,0,400000,'pending'),(171,'2019-02-21 07:49:02',NULL,'2019-02-21 19:30:42',3,'pengguna',NULL,'aurora.an98@gmail.com','','INV/Order/00119',400000,0,0,400000,'pending'),(172,'2019-02-21 07:49:47',NULL,'2019-02-21 19:30:42',3,'pengguna',NULL,'aurora.an98@gmail.com','','INV/Order/00119',400000,0,0,400000,'pending'),(173,'2019-02-21 07:50:45',NULL,'2019-02-21 19:30:42',3,'pengguna',NULL,'aurora.an98@gmail.com','','INV/Order/00119',400000,0,0,400000,'pending'),(174,'2019-02-21 07:51:52',NULL,'2019-02-21 19:30:33',3,'pengguna',NULL,'aurora.an98@gmail.com','','INV/Order/00119',400000,0,0,400000,'pending'),(175,'2019-02-21 07:52:42',NULL,'2019-02-21 19:30:33',3,'pengguna',NULL,'aurora.an98@gmail.com','','INV/Order/00119',400000,0,0,400000,'pending'),(176,'2019-02-21 07:53:45',NULL,'2019-02-21 19:30:33',3,'pengguna',NULL,'aurora.an98@gmail.com','','INV/Order/00119',400000,0,0,400000,'pending'),(177,'2019-02-21 07:54:11',NULL,'2019-02-21 19:30:33',3,'pengguna',NULL,'aurora.an98@gmail.com','','INV/Order/00119',400000,0,0,400000,'pending'),(178,'2019-02-21 07:55:05',NULL,'2019-02-21 19:30:33',3,'pengguna',NULL,'aurora.an98@gmail.com','','INV/Order/00119',400000,0,0,400000,'pending'),(179,'2019-02-21 08:02:39',NULL,'2019-02-21 19:30:33',3,'pengguna',NULL,'eshoptoko@gmail.com','','INV/Order/00179',55000,0,0,55000,'pending'),(180,'2019-02-21 08:03:18',NULL,'2019-02-21 19:30:33',3,'pengguna',NULL,'eshoptoko@gmail.com','','INV/Order/00179',55000,0,0,55000,'pending'),(181,'2019-02-21 08:03:49',NULL,'2019-02-21 19:30:33',3,'pengguna',NULL,'eshoptoko@gmail.com','','INV/Order/00179',55000,0,0,55000,'pending'),(182,'2019-02-21 08:04:43',NULL,'2019-02-21 19:30:33',3,'pengguna',NULL,'eshoptoko@gmail.com','','INV/Order/00179',55000,0,0,55000,'pending'),(183,'2019-02-21 08:05:34',NULL,'2019-02-21 19:30:33',3,'pengguna',NULL,'eshoptoko@gmail.com','','INV/Order/00179',55000,0,0,55000,'pending'),(184,'2019-02-21 08:06:36',NULL,'2019-02-21 19:30:33',3,'pengguna',NULL,'eshoptoko@gmail.com','','INV/Order/00179',55000,0,0,55000,'pending'),(185,'2019-02-21 08:07:59',NULL,'2019-02-21 19:30:33',3,'pengguna',NULL,'eshoptoko@gmail.com','','INV/Order/00179',55000,0,0,55000,'pending'),(186,'2019-02-21 08:09:05',NULL,'2019-02-21 19:30:33',3,'pengguna',NULL,'eshoptoko@gmail.com','','INV/Order/00179',55000,0,0,55000,'pending'),(187,'2019-02-21 08:09:53',NULL,'2019-02-21 19:30:33',3,'pengguna',NULL,'eshoptoko@gmail.com','','INV/Order/00179',55000,0,0,55000,'pending'),(188,'2019-02-21 08:10:19',NULL,'2019-02-21 19:30:33',3,'pengguna',NULL,'eshoptoko@gmail.com','','INV/Order/00179',55000,0,0,55000,'pending'),(189,'2019-02-21 08:11:49',NULL,'2019-02-21 19:30:33',3,'pengguna',NULL,'aurora.an98@gmail.com','','INV/Order/00189',400000,0,0,400000,'pending'),(190,'2019-02-21 08:21:27',NULL,'2019-02-21 19:30:33',3,'pengguna',NULL,'sofan@auroralink.id','','INV/Order/00190',400000,0,0,400000,'pending'),(191,'2019-02-21 08:23:56',NULL,'2019-02-21 19:30:33',3,'pengguna',NULL,'sofan@auroralink.id','','INV/Order/00190',400000,0,0,400000,'pending'),(192,'2019-02-21 08:24:27',NULL,'2019-02-21 19:30:33',3,'pengguna',NULL,'sofan@auroralink.id','','INV/Order/00190',400000,0,0,400000,'pending'),(193,'2019-02-21 08:24:55',NULL,'2019-02-21 19:30:33',3,'pengguna',NULL,'sofan@auroralink.id','','INV/Order/00190',400000,0,0,400000,'pending'),(194,'2019-02-21 08:31:27',NULL,'2019-02-21 19:30:27',3,'pengguna',NULL,'sofan@auroralink.id','','INV/Order/00190',400000,0,0,400000,'pending'),(195,'2019-02-21 08:32:03',NULL,'2019-02-21 19:30:27',3,'pengguna',NULL,'sofan@auroralink.id','','INV/Order/00190',400000,0,0,400000,'pending'),(196,'2019-02-21 08:32:43',NULL,'2019-02-21 19:30:27',3,'pengguna',NULL,'sofan@auroralink.id','','INV/Order/00190',400000,0,0,400000,'pending'),(197,'2019-02-21 08:33:58',NULL,'2019-02-21 19:30:27',3,'pengguna',NULL,'sofan@auroralink.id','','INV/Order/00190',400000,0,0,400000,'pending'),(198,'2019-02-21 08:34:48',NULL,'2019-02-21 19:30:27',3,'pengguna',NULL,'sofan@auroralink.id','','INV/Order/00190',400000,0,0,400000,'pending'),(199,'2019-02-21 08:38:06',NULL,'2019-02-21 19:30:27',3,'pengguna',NULL,'sofan@auroralink.id','','INV/Order/00190',400000,0,0,400000,'pending'),(200,'2019-02-21 08:43:44',NULL,'2019-02-21 19:30:27',3,'pengguna',NULL,'sofan@auroralink.id','','INV/Order/00190',400000,0,0,400000,'pending'),(201,'2019-02-21 08:44:39',NULL,'2019-02-21 19:30:27',3,'pengguna',NULL,'sofan@auroralink.id','','INV/Order/00190',400000,0,0,400000,'pending'),(202,'2019-02-21 08:46:26',NULL,'2019-02-21 19:30:27',3,'pengguna',NULL,'sofan@auroralink.id','','INV/Order/00190',400000,0,0,400000,'pending'),(203,'2019-02-21 08:47:15',NULL,'2019-02-21 19:30:27',3,'pengguna',NULL,'sofan@auroralink.id','','INV/Order/00190',400000,0,0,400000,'pending'),(204,'2019-02-21 08:48:47',NULL,'2019-02-21 19:30:27',3,'pengguna',NULL,'sofan@auroralink.id','','INV/Order/00190',400000,0,0,400000,'pending'),(205,'2019-02-21 18:28:30',NULL,'2019-02-21 19:30:27',5,'Sofan',NULL,'sofan@auroralink.id','','INV/Order/00205',55000,0,0,55000,'pending'),(206,'2019-02-21 18:39:45',NULL,'2019-02-21 19:30:27',5,'Sofan',NULL,'sofan@auroralink.id','','INV/Order/00205',55000,0,0,55000,'pending'),(207,'2019-02-21 18:40:29',NULL,'2019-02-21 19:30:27',5,'Sofan',NULL,'sofan@auroralink.id','','INV/Order/00205',55000,0,0,55000,'pending'),(208,'2019-02-21 18:42:50',NULL,'2019-02-21 19:30:27',5,'Sofan',NULL,'sofan@auroralink.id','','INV/Order/00205',55000,0,0,55000,'pending'),(209,'2019-02-21 18:44:01',NULL,'2019-02-21 19:30:27',5,'Sofan',NULL,'sofan@auroralink.id','','INV/Order/00205',55000,0,0,55000,'pending'),(210,'2019-02-21 18:50:28',NULL,'2019-02-21 19:30:27',5,'Sofan',NULL,'sofan@auroralink.id','','INV/Order/00205',55000,0,0,55000,'pending'),(211,'2019-02-21 18:51:00',NULL,'2019-02-21 19:30:27',5,'Sofan',NULL,'sofan@auroralink.id','','INV/Order/00205',55000,0,0,55000,'pending'),(212,'2019-02-21 18:51:25',NULL,'2019-02-21 19:30:19',5,'Sofan',NULL,'sofan@auroralink.id','','INV/Order/00205',55000,0,0,55000,'pending'),(213,'2019-02-21 18:51:58',NULL,'2019-02-21 19:30:19',5,'Sofan',NULL,'sofan@auroralink.id','','INV/Order/00205',55000,0,0,55000,'pending'),(214,'2019-02-21 18:52:56',NULL,'2019-02-21 19:30:19',5,'Sofan',NULL,'sofan@auroralink.id','','INV/Order/00205',55000,0,0,55000,'pending'),(215,'2019-02-21 18:53:21',NULL,'2019-02-21 19:30:19',5,'Sofan',NULL,'sofan@auroralink.id','','INV/Order/00205',55000,0,0,55000,'pending'),(216,'2019-02-21 18:53:55',NULL,'2019-02-21 19:30:19',5,'Sofan',NULL,'sofan@auroralink.id','','INV/Order/00205',55000,0,0,55000,'pending'),(217,'2019-02-21 18:58:31',NULL,'2019-02-21 19:30:19',5,'Sofan',NULL,'sofan@auroralink.id','','INV/Order/00205',55000,0,0,55000,'pending'),(218,'2019-02-21 18:58:54',NULL,'2019-02-21 19:30:19',5,'Sofan',NULL,'sofan@auroralink.id','','INV/Order/00205',55000,0,0,55000,'pending'),(219,'2019-02-21 19:01:11',NULL,'2019-02-21 19:30:19',5,'Sofan',NULL,'sofan@auroralink.id','','INV/Order/00205',55000,0,0,55000,'pending'),(220,'2019-02-21 19:01:55',NULL,'2019-02-21 19:30:19',5,'Sofan',NULL,'sofan@auroralink.id','','INV/Order/00205',55000,0,0,55000,'pending'),(221,'2019-02-21 19:02:38',NULL,'2019-02-21 19:30:19',5,'Sofan',NULL,'sofan@auroralink.id','','INV/Order/00205',55000,0,0,55000,'pending'),(222,'2019-02-21 19:03:32',NULL,'2019-02-21 19:30:19',5,'Sofan',NULL,'sofan@auroralink.id','','INV/Order/00205',55000,0,0,55000,'pending'),(223,'2019-02-21 19:05:45',NULL,'2019-02-21 19:30:19',5,'Sofan',NULL,'sofan@auroralink.id','','INV/Order/00205',55000,0,0,55000,'pending'),(224,'2019-02-21 19:06:04',NULL,'2019-02-21 19:30:19',5,'Sofan',NULL,'sofan@auroralink.id','','INV/Order/00205',55000,0,0,55000,'pending'),(225,'2019-02-21 19:07:50',NULL,'2019-02-21 19:30:19',5,'Sofan',NULL,'sofan@auroralink.id','','INV/Order/00205',55000,0,0,55000,'pending'),(226,'2019-02-21 19:08:43',NULL,'2019-02-21 19:30:19',5,'Sofan',NULL,'sofan@auroralink.id','','INV/Order/00205',55000,0,0,55000,'pending'),(227,'2019-02-21 19:09:22',NULL,'2019-02-21 19:30:19',5,'Sofan',NULL,'sofan@auroralink.id','','INV/Order/00205',55000,0,0,55000,'pending'),(228,'2019-02-21 19:09:51',NULL,'2019-02-21 19:30:19',5,'Sofan',NULL,'sofan@auroralink.id','','INV/Order/00205',55000,0,0,55000,'pending'),(229,'2019-02-21 19:10:19',NULL,'2019-02-21 19:30:19',5,'Sofan',NULL,'sofan@auroralink.id','','INV/Order/00205',55000,0,0,55000,'pending'),(230,'2019-02-21 19:19:22',NULL,'2019-02-21 19:30:19',5,'Sofan',NULL,'sofan@auroralink.id','','INV/Order/00205',55000,0,0,55000,'pending'),(231,'2019-02-21 19:19:55',NULL,'2019-02-21 19:30:19',5,'Sofan',NULL,'sofan@auroralink.id','','INV/Order/00205',55000,0,0,55000,'pending'),(232,'2019-02-21 19:22:30',NULL,'2019-02-21 19:30:27',5,'Sofan',NULL,'sofan@auroralink.id','','INV/Order/00232',800000,0,0,800000,'pending'),(233,'2019-02-21 19:29:12',NULL,'2019-02-21 19:30:27',4,'hendra',NULL,'aurora.an98@gmail.com','','INV/Order/00233',400000,0,0,400000,'pending'),(234,'2019-02-21 19:31:53',NULL,'2019-03-01 04:30:15',4,'hendra',NULL,'aurora.an98@gmail.com','','INV/Order/00234',4400000,0,0,4400000,'lunas'),(235,'2019-02-23 03:11:27',NULL,'2019-03-01 04:30:15',4,NULL,NULL,NULL,'','INV/ORDER/235',110000,0,0,110000,'pending'),(236,'2019-02-23 03:13:14',NULL,'2019-03-01 04:30:15',4,NULL,NULL,NULL,'','INV/ORDER/235',110000,0,0,110000,'pending'),(237,'2019-02-24 03:23:30',NULL,'2019-03-01 04:30:15',1,NULL,NULL,NULL,'','INV/ORDER/237',55000,0,0,55000,'pending'),(238,'2019-02-24 03:26:48',NULL,'2019-03-01 04:30:15',4,NULL,NULL,NULL,'','INV/ORDER/238',1400000,49000,0,1449000,'pending'),(239,'2019-03-01 04:29:05',NULL,'2019-03-01 04:30:15',4,NULL,NULL,NULL,'','INV/ORDER/239',700000,30000,0,730000,'pending'),(240,'2019-03-01 04:33:39',NULL,NULL,4,NULL,NULL,NULL,'','INV/ORDER/240',800000,100000,0,900000,'lunas'),(241,'2019-03-05 02:52:05',NULL,NULL,4,NULL,NULL,NULL,'','INV/ORDER/241',800000,50000,0,850000,'pending'),(242,'2019-03-05 02:53:26',NULL,NULL,4,NULL,NULL,NULL,'','INV/ORDER/242',800000,0,0,800000,'pending'),(243,'2019-03-05 03:00:05','2019-03-05 22:14:12',NULL,4,'Hendra','Ketintang timur ptt','aurora.an98@gmail.com','815651425540','INV/ORDER/243',110000,0,0,110000,'pending'),(244,'2019-03-05 21:57:20','2019-03-05 22:07:25',NULL,4,'Hendra','Kepohbaru','aurora.an98@gmail.com','08155421215','INV/ORDER/244',400000,0,0,400000,'pending');
/*!40000 ALTER TABLE `order` ENABLE KEYS */;
UNLOCK TABLES;

--
-- Table structure for table `order_detail`
--

DROP TABLE IF EXISTS `order_detail`;
/*!40101 SET @saved_cs_client     = @@character_set_client */;
/*!40101 SET character_set_client = utf8 */;
CREATE TABLE `order_detail` (
  `id` int(10) unsigned NOT NULL AUTO_INCREMENT,
  `created_at` timestamp NULL DEFAULT NULL,
  `updated_at` timestamp NULL DEFAULT NULL,
  `order_id` int(11) DEFAULT NULL,
  `produk_id` int(11) DEFAULT NULL,
  `produk_nama` varchar(255) COLLATE utf8mb4_unicode_ci DEFAULT NULL,
  `harga` double NOT NULL,
  `qty` int(11) NOT NULL DEFAULT '0',
  `sub_total` double NOT NULL,
  `produk_sku` varchar(25) CHARACTER SET utf8mb4 COLLATE utf8mb4_bin DEFAULT NULL,
  PRIMARY KEY (`id`)
) ENGINE=InnoDB AUTO_INCREMENT=250 DEFAULT CHARSET=utf8mb4 COLLATE=utf8mb4_unicode_ci;
/*!40101 SET character_set_client = @saved_cs_client */;

--
-- Dumping data for table `order_detail`
--

LOCK TABLES `order_detail` WRITE;
/*!40000 ALTER TABLE `order_detail` DISABLE KEYS */;
INSERT INTO `order_detail` VALUES (1,NULL,NULL,1,2,NULL,400000,1,400000,'0010'),(2,NULL,NULL,2,2,NULL,400000,2,800000,'0010'),(3,NULL,NULL,3,1,NULL,300000,1,300000,'0017'),(4,NULL,NULL,4,2,NULL,400000,1,400000,'0010'),(5,NULL,NULL,4,1,NULL,300000,1,300000,'0017'),(6,NULL,NULL,5,3,NULL,55000,1,55000,'0021'),(7,NULL,NULL,6,3,NULL,55000,1,55000,'0021'),(8,NULL,NULL,7,2,NULL,400000,1,400000,'0010'),(9,NULL,NULL,8,2,NULL,400000,1,400000,'0010'),(10,NULL,NULL,9,3,NULL,55000,20,1100000,'0021'),(11,NULL,NULL,10,2,NULL,400000,1,400000,'0010'),(12,NULL,NULL,11,2,NULL,400000,1,400000,'0010'),(13,NULL,NULL,12,3,NULL,55000,1,55000,'0021'),(14,NULL,NULL,13,2,NULL,400000,1,400000,'0010'),(15,NULL,NULL,14,1,NULL,300000,1,300000,'0017'),(16,NULL,NULL,14,2,NULL,400000,1,400000,'0010'),(17,NULL,NULL,14,3,NULL,55000,1,55000,'0021'),(18,NULL,NULL,15,3,NULL,55000,1,55000,'0021'),(19,NULL,NULL,16,2,NULL,400000,1,400000,'0010'),(20,NULL,NULL,17,2,NULL,400000,1,400000,'0010'),(21,NULL,NULL,18,1,NULL,300000,1,300000,'0017'),(22,NULL,NULL,18,2,NULL,400000,1,400000,'0010'),(23,NULL,NULL,19,1,NULL,300000,2,600000,'0017'),(24,NULL,NULL,20,2,NULL,400000,1,400000,'0010'),(25,NULL,NULL,21,2,NULL,400000,1,400000,'0010'),(26,NULL,NULL,22,2,NULL,400000,1,400000,'0010'),(27,NULL,NULL,23,3,NULL,55000,2,110000,'0021'),(28,NULL,NULL,24,2,NULL,400000,2,800000,'0010'),(29,NULL,NULL,25,1,NULL,300000,3,900000,'0017'),(30,NULL,NULL,26,2,NULL,400000,2,800000,'0010'),(31,NULL,NULL,27,3,NULL,55000,1,55000,'0021'),(32,NULL,NULL,28,1,NULL,300000,2,600000,'0017'),(33,NULL,NULL,29,2,NULL,400000,1,400000,'0010'),(34,NULL,NULL,30,2,NULL,400000,1,400000,'0010'),(35,NULL,NULL,31,2,NULL,400000,2,800000,'0010'),(36,NULL,NULL,32,1,NULL,300000,1,300000,'0017'),(37,NULL,NULL,33,2,NULL,400000,1,400000,'0010'),(38,NULL,NULL,34,1,NULL,300000,1,300000,'0017'),(39,NULL,NULL,35,2,NULL,400000,1,400000,'0010'),(40,NULL,NULL,36,2,NULL,400000,1,400000,'0010'),(41,NULL,NULL,37,2,NULL,400000,1,400000,'0010'),(42,NULL,NULL,38,2,NULL,400000,1,400000,'0010'),(43,NULL,NULL,39,2,NULL,400000,2,800000,'0010'),(44,NULL,NULL,40,2,NULL,400000,2,800000,'0010'),(45,NULL,NULL,41,2,NULL,400000,2,800000,'0010'),(46,NULL,NULL,42,3,NULL,55000,1,55000,'0021'),(47,NULL,NULL,43,1,NULL,300000,2,600000,'0017'),(48,NULL,NULL,44,3,NULL,55000,1,55000,'0021'),(49,NULL,NULL,45,3,NULL,55000,1,55000,'0021'),(50,NULL,NULL,46,3,NULL,55000,2,110000,'0021'),(51,NULL,NULL,47,3,NULL,55000,1,55000,'0021'),(52,NULL,NULL,48,3,NULL,55000,1,55000,'0021'),(53,NULL,NULL,49,3,NULL,55000,1,55000,'0021'),(54,NULL,NULL,50,2,NULL,400000,1,400000,'0010'),(55,NULL,NULL,51,2,NULL,400000,1,400000,'0010'),(56,NULL,NULL,52,2,NULL,400000,1,400000,'0010'),(57,NULL,NULL,53,3,NULL,55000,1,55000,'0021'),(58,NULL,NULL,54,3,NULL,55000,1,55000,'0021'),(59,NULL,NULL,55,2,NULL,400000,1,400000,'0010'),(60,NULL,NULL,56,2,NULL,400000,1,400000,'0010'),(61,NULL,NULL,57,3,NULL,55000,2,110000,'0021'),(62,NULL,NULL,58,2,NULL,400000,1,400000,'0010'),(63,NULL,NULL,59,2,NULL,400000,1,400000,'0010'),(64,NULL,NULL,60,2,NULL,400000,1,400000,'0010'),(65,NULL,NULL,61,2,NULL,400000,2,800000,'0010'),(66,NULL,NULL,62,2,NULL,400000,2,800000,'0010'),(67,NULL,NULL,63,3,NULL,55000,1,55000,'0021'),(68,NULL,NULL,64,2,NULL,400000,1,400000,'0010'),(69,NULL,NULL,65,3,NULL,55000,2,110000,'0021'),(70,NULL,NULL,66,2,NULL,400000,1,400000,'0010'),(71,NULL,NULL,67,3,NULL,55000,1,55000,'0021'),(72,NULL,NULL,68,3,NULL,55000,1,55000,'0021'),(73,NULL,NULL,69,2,NULL,400000,1,400000,'0010'),(74,NULL,NULL,70,2,NULL,400000,1,400000,'0010'),(75,NULL,NULL,71,2,NULL,400000,1,400000,'0010'),(76,NULL,NULL,72,2,NULL,400000,1,400000,'0010'),(77,NULL,NULL,73,2,NULL,400000,1,400000,'0010'),(78,NULL,NULL,74,2,NULL,400000,2,800000,'0010'),(79,NULL,NULL,75,3,NULL,55000,1,55000,'0021'),(80,NULL,NULL,76,2,NULL,400000,1,400000,'0010'),(81,NULL,NULL,77,2,NULL,400000,1,400000,'0010'),(82,NULL,NULL,78,2,NULL,400000,1,400000,'0010'),(83,NULL,NULL,79,2,NULL,400000,1,400000,'0010'),(84,NULL,NULL,80,2,NULL,400000,1,400000,'0010'),(85,NULL,NULL,81,2,NULL,400000,1,400000,'0010'),(86,NULL,NULL,82,2,NULL,400000,1,400000,'0010'),(87,NULL,NULL,83,2,NULL,400000,1,400000,'0010'),(88,NULL,NULL,84,2,NULL,400000,1,400000,'0010'),(89,NULL,NULL,85,2,NULL,400000,1,400000,'0010'),(90,NULL,NULL,86,3,NULL,55000,1,55000,'0021'),(91,NULL,NULL,87,3,NULL,55000,1,55000,'0021'),(92,NULL,NULL,88,3,NULL,55000,1,55000,'0021'),(93,NULL,NULL,89,3,NULL,55000,1,55000,'0021'),(94,NULL,NULL,90,3,NULL,55000,1,55000,'0021'),(95,NULL,NULL,91,2,NULL,400000,1,400000,'0010'),(96,NULL,NULL,92,2,NULL,400000,1,400000,'0010'),(97,NULL,NULL,93,3,NULL,55000,1,55000,'0021'),(98,NULL,NULL,94,2,NULL,400000,1,400000,'0010'),(99,NULL,NULL,95,3,NULL,55000,1,55000,'0021'),(100,NULL,NULL,96,3,NULL,55000,1,55000,'0021'),(101,NULL,NULL,97,3,NULL,55000,1,55000,'0021'),(102,NULL,NULL,98,2,NULL,400000,1,400000,'0010'),(103,NULL,NULL,99,2,NULL,400000,1,400000,'0010'),(104,NULL,NULL,100,2,NULL,400000,1,400000,'0010'),(105,NULL,NULL,101,2,NULL,400000,2,800000,'0010'),(106,NULL,NULL,102,2,NULL,400000,2,800000,'0010'),(107,NULL,NULL,103,2,NULL,400000,2,800000,'0010'),(108,NULL,NULL,104,2,NULL,400000,1,400000,'0010'),(109,NULL,NULL,105,3,NULL,55000,1,55000,'0021'),(110,NULL,NULL,106,3,NULL,55000,1,55000,'0021'),(111,NULL,NULL,107,3,NULL,55000,3,165000,'0021'),(112,NULL,NULL,108,1,NULL,300000,1,300000,'0017'),(113,NULL,NULL,109,2,NULL,400000,1,400000,'0010'),(114,NULL,NULL,110,2,NULL,400000,1,400000,'0010'),(115,NULL,NULL,111,2,NULL,400000,1,400000,'0010'),(116,NULL,NULL,112,2,NULL,400000,1,400000,'0010'),(117,NULL,NULL,113,2,NULL,400000,1,400000,'0010'),(118,NULL,NULL,114,2,NULL,400000,2,800000,'0010'),(119,NULL,NULL,115,3,NULL,55000,1,55000,'0021'),(120,NULL,NULL,116,2,NULL,400000,1,400000,'0010'),(121,NULL,NULL,117,2,NULL,400000,2,800000,'0010'),(122,NULL,NULL,118,3,NULL,55000,2,110000,'0021'),(123,NULL,NULL,119,2,NULL,400000,1,400000,'0010'),(124,NULL,NULL,120,2,NULL,400000,1,400000,'0010'),(125,NULL,NULL,121,2,NULL,400000,1,400000,'0010'),(126,NULL,NULL,122,2,NULL,400000,1,400000,'0010'),(127,NULL,NULL,123,2,NULL,400000,1,400000,'0010'),(128,NULL,NULL,124,2,NULL,400000,1,400000,'0010'),(129,NULL,NULL,125,2,NULL,400000,1,400000,'0010'),(130,NULL,NULL,126,2,NULL,400000,1,400000,'0010'),(131,NULL,NULL,127,2,NULL,400000,1,400000,'0010'),(132,NULL,NULL,128,2,NULL,400000,1,400000,'0010'),(133,NULL,NULL,129,2,NULL,400000,1,400000,'0010'),(134,NULL,NULL,130,2,NULL,400000,1,400000,'0010'),(135,NULL,NULL,131,2,NULL,400000,1,400000,'0010'),(136,NULL,NULL,132,2,NULL,400000,1,400000,'0010'),(137,NULL,NULL,133,2,NULL,400000,1,400000,'0010'),(138,NULL,NULL,134,2,NULL,400000,1,400000,'0010'),(139,NULL,NULL,135,2,NULL,400000,1,400000,'0010'),(140,NULL,NULL,136,2,NULL,400000,1,400000,'0010'),(141,NULL,NULL,137,2,NULL,400000,1,400000,'0010'),(142,NULL,NULL,138,2,NULL,400000,1,400000,'0010'),(143,NULL,NULL,139,2,NULL,400000,1,400000,'0010'),(144,NULL,NULL,140,2,NULL,400000,1,400000,'0010'),(145,NULL,NULL,141,2,NULL,400000,1,400000,'0010'),(146,NULL,NULL,142,2,NULL,400000,1,400000,'0010'),(147,NULL,NULL,143,2,NULL,400000,1,400000,'0010'),(148,NULL,NULL,144,2,NULL,400000,1,400000,'0010'),(149,NULL,NULL,145,2,NULL,400000,1,400000,'0010'),(150,NULL,NULL,146,2,NULL,400000,1,400000,'0010'),(151,NULL,NULL,147,2,NULL,400000,1,400000,'0010'),(152,NULL,NULL,148,2,NULL,400000,1,400000,'0010'),(153,NULL,NULL,149,2,NULL,400000,1,400000,'0010'),(154,NULL,NULL,150,2,NULL,400000,1,400000,'0010'),(155,NULL,NULL,151,2,NULL,400000,1,400000,'0010'),(156,NULL,NULL,152,2,NULL,400000,1,400000,'0010'),(157,NULL,NULL,153,2,NULL,400000,1,400000,'0010'),(158,NULL,NULL,154,2,NULL,400000,1,400000,'0010'),(159,NULL,NULL,155,2,NULL,400000,1,400000,'0010'),(160,NULL,NULL,156,2,NULL,400000,1,400000,'0010'),(161,NULL,NULL,157,2,NULL,400000,1,400000,'0010'),(162,NULL,NULL,158,2,NULL,400000,1,400000,'0010'),(163,NULL,NULL,159,2,NULL,400000,1,400000,'0010'),(164,NULL,NULL,160,2,NULL,400000,1,400000,'0010'),(165,NULL,NULL,161,2,NULL,400000,1,400000,'0010'),(166,NULL,NULL,162,2,NULL,400000,1,400000,'0010'),(167,NULL,NULL,163,2,NULL,400000,1,400000,'0010'),(168,NULL,NULL,164,2,NULL,400000,1,400000,'0010'),(169,NULL,NULL,165,2,NULL,400000,1,400000,'0010'),(170,NULL,NULL,166,2,NULL,400000,1,400000,'0010'),(171,NULL,NULL,167,2,NULL,400000,1,400000,'0010'),(172,NULL,NULL,168,2,NULL,400000,1,400000,'0010'),(173,NULL,NULL,169,2,NULL,400000,1,400000,'0010'),(174,NULL,NULL,170,2,NULL,400000,1,400000,'0010'),(175,NULL,NULL,171,2,NULL,400000,1,400000,'0010'),(176,NULL,NULL,172,2,NULL,400000,1,400000,'0010'),(177,NULL,NULL,173,2,NULL,400000,1,400000,'0010'),(178,NULL,NULL,174,2,NULL,400000,1,400000,'0010'),(179,NULL,NULL,175,2,NULL,400000,1,400000,'0010'),(180,NULL,NULL,176,2,NULL,400000,1,400000,'0010'),(181,NULL,NULL,177,2,NULL,400000,1,400000,'0010'),(182,NULL,NULL,178,2,NULL,400000,1,400000,'0010'),(183,NULL,NULL,179,3,NULL,55000,1,55000,'0021'),(184,NULL,NULL,180,3,NULL,55000,1,55000,'0021'),(185,NULL,NULL,181,3,NULL,55000,1,55000,'0021'),(186,NULL,NULL,182,3,NULL,55000,1,55000,'0021'),(187,NULL,NULL,183,3,NULL,55000,1,55000,'0021'),(188,NULL,NULL,184,3,NULL,55000,1,55000,'0021'),(189,NULL,NULL,185,3,NULL,55000,1,55000,'0021'),(190,NULL,NULL,186,3,NULL,55000,1,55000,'0021'),(191,NULL,NULL,187,3,NULL,55000,1,55000,'0021'),(192,NULL,NULL,188,3,NULL,55000,1,55000,'0021'),(193,NULL,NULL,189,2,NULL,400000,1,400000,'0010'),(194,NULL,NULL,190,2,NULL,400000,1,400000,'0010'),(195,NULL,NULL,191,2,NULL,400000,1,400000,'0010'),(196,NULL,NULL,192,2,NULL,400000,1,400000,'0010'),(197,NULL,NULL,193,2,NULL,400000,1,400000,'0010'),(198,NULL,NULL,194,2,NULL,400000,1,400000,'0010'),(199,NULL,NULL,195,2,NULL,400000,1,400000,'0010'),(200,NULL,NULL,196,2,NULL,400000,1,400000,'0010'),(201,NULL,NULL,197,2,NULL,400000,1,400000,'0010'),(202,NULL,NULL,198,2,NULL,400000,1,400000,'0010'),(203,NULL,NULL,199,2,NULL,400000,1,400000,'0010'),(204,NULL,NULL,200,2,NULL,400000,1,400000,'0010'),(205,NULL,NULL,201,2,NULL,400000,1,400000,'0010'),(206,NULL,NULL,202,2,NULL,400000,1,400000,'0010'),(207,NULL,NULL,203,2,NULL,400000,1,400000,'0010'),(208,NULL,NULL,204,2,NULL,400000,1,400000,'0010'),(209,NULL,NULL,205,3,NULL,55000,1,55000,'0021'),(210,NULL,NULL,206,3,NULL,55000,1,55000,'0021'),(211,NULL,NULL,207,3,NULL,55000,1,55000,'0021'),(212,NULL,NULL,208,3,NULL,55000,1,55000,'0021'),(213,NULL,NULL,209,3,NULL,55000,1,55000,'0021'),(214,NULL,NULL,210,3,NULL,55000,1,55000,'0021'),(215,NULL,NULL,211,3,NULL,55000,1,55000,'0021'),(216,NULL,NULL,212,3,NULL,55000,1,55000,'0021'),(217,NULL,NULL,213,3,NULL,55000,1,55000,'0021'),(218,NULL,NULL,214,3,NULL,55000,1,55000,'0021'),(219,NULL,NULL,215,3,NULL,55000,1,55000,'0021'),(220,NULL,NULL,216,3,NULL,55000,1,55000,'0021'),(221,NULL,NULL,217,3,NULL,55000,1,55000,'0021'),(222,NULL,NULL,218,3,NULL,55000,1,55000,'0021'),(223,NULL,NULL,219,3,NULL,55000,1,55000,'0021'),(224,NULL,NULL,220,3,NULL,55000,1,55000,'0021'),(225,NULL,NULL,221,3,NULL,55000,1,55000,'0021'),(226,NULL,NULL,222,3,NULL,55000,1,55000,'0021'),(227,NULL,NULL,223,3,NULL,55000,1,55000,'0021'),(228,NULL,NULL,224,3,NULL,55000,1,55000,'0021'),(229,NULL,NULL,225,3,NULL,55000,1,55000,'0021'),(230,NULL,NULL,226,3,NULL,55000,1,55000,'0021'),(231,NULL,NULL,227,3,NULL,55000,1,55000,'0021'),(232,NULL,NULL,228,3,NULL,55000,1,55000,'0021'),(233,NULL,NULL,229,3,NULL,55000,1,55000,'0021'),(234,NULL,NULL,230,3,NULL,55000,1,55000,'0021'),(235,NULL,NULL,231,3,NULL,55000,1,55000,'0021'),(236,NULL,NULL,232,2,NULL,400000,2,800000,'0010'),(237,NULL,NULL,233,2,NULL,400000,1,400000,'0010'),(238,NULL,NULL,234,2,NULL,400000,11,4400000,'0010'),(239,NULL,NULL,235,3,NULL,55000,2,110000,'0021'),(240,NULL,NULL,236,3,NULL,55000,2,110000,'0021'),(241,NULL,NULL,237,3,NULL,55000,1,55000,'0021'),(242,NULL,NULL,238,4,NULL,700000,2,1400000,'062'),(243,NULL,NULL,239,4,NULL,700000,1,700000,'062'),(244,NULL,NULL,240,2,NULL,400000,2,800000,'0010'),(245,NULL,NULL,241,2,NULL,400000,2,800000,'0010'),(246,NULL,NULL,242,2,NULL,400000,2,800000,'0010'),(248,NULL,NULL,244,2,NULL,400000,1,400000,'0010'),(249,NULL,NULL,243,3,NULL,55000,2,110000,'0021');
/*!40000 ALTER TABLE `order_detail` ENABLE KEYS */;
UNLOCK TABLES;

--
-- Table structure for table `pembayaran`
--

DROP TABLE IF EXISTS `pembayaran`;
/*!40101 SET @saved_cs_client     = @@character_set_client */;
/*!40101 SET character_set_client = utf8 */;
CREATE TABLE `pembayaran` (
  `id` int(10) unsigned NOT NULL AUTO_INCREMENT,
  `created_at` timestamp NULL DEFAULT NULL,
  `updated_at` timestamp NULL DEFAULT NULL,
  `deleted_at` timestamp NULL DEFAULT NULL,
  `cms_users_id` int(11) DEFAULT NULL,
  `nama_pelanggan` varchar(255) COLLATE utf8mb4_unicode_ci DEFAULT NULL,
  `email` varchar(255) COLLATE utf8mb4_unicode_ci DEFAULT NULL,
  `telepon` varchar(255) COLLATE utf8mb4_unicode_ci DEFAULT NULL,
  `alamat` text COLLATE utf8mb4_unicode_ci,
  `invoice_no` varchar(25) COLLATE utf8mb4_unicode_ci DEFAULT NULL,
  `status` varchar(255) COLLATE utf8mb4_unicode_ci NOT NULL DEFAULT 'pending',
  PRIMARY KEY (`id`)
) ENGINE=InnoDB AUTO_INCREMENT=10 DEFAULT CHARSET=utf8mb4 COLLATE=utf8mb4_unicode_ci;
/*!40101 SET character_set_client = @saved_cs_client */;

--
-- Dumping data for table `pembayaran`
--

LOCK TABLES `pembayaran` WRITE;
/*!40000 ALTER TABLE `pembayaran` DISABLE KEYS */;
INSERT INTO `pembayaran` VALUES (1,'2019-02-24 19:10:20',NULL,NULL,4,NULL,NULL,NULL,NULL,'INV/1','pending'),(2,'2019-02-24 20:25:06',NULL,'2019-02-24 20:29:17',5,NULL,NULL,NULL,NULL,'INV/2','pending'),(3,'2019-02-24 20:30:10',NULL,NULL,4,NULL,NULL,NULL,NULL,'INV/3','pending'),(4,'2019-02-24 20:31:03',NULL,NULL,4,NULL,NULL,NULL,NULL,'INV/4','pending'),(6,'2019-02-25 00:37:02',NULL,NULL,1,NULL,NULL,NULL,NULL,'INV/5','pending'),(7,'2019-02-25 00:43:06',NULL,NULL,1,NULL,NULL,NULL,NULL,'INV/7','pending'),(8,'2019-02-25 00:43:58',NULL,NULL,1,NULL,NULL,NULL,NULL,'INV/7','pending'),(9,'2019-02-25 00:44:35',NULL,NULL,1,NULL,NULL,NULL,NULL,'INV/9','pending');
/*!40000 ALTER TABLE `pembayaran` ENABLE KEYS */;
UNLOCK TABLES;

--
-- Table structure for table `pembayaran_detail`
--

DROP TABLE IF EXISTS `pembayaran_detail`;
/*!40101 SET @saved_cs_client     = @@character_set_client */;
/*!40101 SET character_set_client = utf8 */;
CREATE TABLE `pembayaran_detail` (
  `id` int(10) unsigned NOT NULL AUTO_INCREMENT,
  `created_at` timestamp NULL DEFAULT NULL,
  `updated_at` timestamp NULL DEFAULT NULL,
  `pembayaran_id` int(11) DEFAULT NULL,
  `produk_id` int(11) DEFAULT NULL,
  `produk_nama` varchar(255) COLLATE utf8mb4_unicode_ci DEFAULT NULL,
  `harga` double NOT NULL,
  `qty` int(11) NOT NULL DEFAULT '0',
  `sub_total` double NOT NULL,
  PRIMARY KEY (`id`)
) ENGINE=InnoDB AUTO_INCREMENT=7 DEFAULT CHARSET=utf8mb4 COLLATE=utf8mb4_unicode_ci;
/*!40101 SET character_set_client = @saved_cs_client */;

--
-- Dumping data for table `pembayaran_detail`
--

LOCK TABLES `pembayaran_detail` WRITE;
/*!40000 ALTER TABLE `pembayaran_detail` DISABLE KEYS */;
INSERT INTO `pembayaran_detail` VALUES (1,NULL,NULL,1,4,NULL,700000,1,700000),(2,NULL,NULL,2,4,NULL,700000,4,2800000300000),(3,NULL,NULL,3,3,NULL,55000,1,55000300000),(4,NULL,NULL,4,3,NULL,55000,1,55000),(5,NULL,NULL,8,4,NULL,700000,1,700000),(6,NULL,NULL,9,4,NULL,700000,1,700000);
/*!40000 ALTER TABLE `pembayaran_detail` ENABLE KEYS */;
UNLOCK TABLES;

--
-- Table structure for table `perusahaan`
--

DROP TABLE IF EXISTS `perusahaan`;
/*!40101 SET @saved_cs_client     = @@character_set_client */;
/*!40101 SET character_set_client = utf8 */;
CREATE TABLE `perusahaan` (
  `id` int(10) unsigned NOT NULL AUTO_INCREMENT,
  `created_at` timestamp NULL DEFAULT NULL,
  `updated_at` timestamp NULL DEFAULT NULL,
  `deleted_at` timestamp NULL DEFAULT NULL,
  `cms_users_id` int(10) unsigned NOT NULL,
  `nama` varchar(255) COLLATE utf8mb4_unicode_ci DEFAULT NULL,
  `alamat` text COLLATE utf8mb4_unicode_ci,
  `kecamatan_id` int(255) unsigned DEFAULT NULL,
  `email` varchar(255) COLLATE utf8mb4_unicode_ci DEFAULT NULL,
  `telepon` varchar(255) COLLATE utf8mb4_unicode_ci DEFAULT NULL,
  `website` varchar(255) COLLATE utf8mb4_unicode_ci DEFAULT NULL,
  `industri` varchar(255) COLLATE utf8mb4_unicode_ci DEFAULT NULL,
  `logo` varchar(60) COLLATE utf8mb4_unicode_ci DEFAULT NULL,
  PRIMARY KEY (`id`)
) ENGINE=InnoDB AUTO_INCREMENT=4 DEFAULT CHARSET=utf8mb4 COLLATE=utf8mb4_unicode_ci;
/*!40101 SET character_set_client = @saved_cs_client */;

--
-- Dumping data for table `perusahaan`
--

LOCK TABLES `perusahaan` WRITE;
/*!40000 ALTER TABLE `perusahaan` DISABLE KEYS */;
INSERT INTO `perusahaan` VALUES (1,'2019-02-11 21:16:17','2019-02-16 20:11:55',NULL,1,'Rio Snack','Kenjeran 158 Kenjeran Surabaya',11,'rio2122@gmail.com','085658192877','http://viocomp.com','Plastik','uploads/1/2019-02/opendesa.jpg'),(2,'2019-02-15 06:48:54','2019-02-16 20:11:37',NULL,4,'PT DASA','Bulak Setero',24,'dasa@gmail.com','0315441143','https://example.com','plastik','uploads/4/2019-02/smpn.PNG'),(3,'2019-02-15 06:50:55','2019-02-16 20:11:17',NULL,3,'PT Martil','Kenjeran 54',11,'martil@gmail.com','0315542144','https://example.com','alat tukang','uploads/3/2019-02/p2.PNG');
/*!40000 ALTER TABLE `perusahaan` ENABLE KEYS */;
UNLOCK TABLES;

--
-- Table structure for table `pkategori`
--

DROP TABLE IF EXISTS `pkategori`;
/*!40101 SET @saved_cs_client     = @@character_set_client */;
/*!40101 SET character_set_client = utf8 */;
CREATE TABLE `pkategori` (
  `id` int(10) unsigned NOT NULL AUTO_INCREMENT,
  `nama` varchar(255) COLLATE utf8mb4_unicode_ci NOT NULL,
  PRIMARY KEY (`id`)
) ENGINE=InnoDB DEFAULT CHARSET=utf8mb4 COLLATE=utf8mb4_unicode_ci;
/*!40101 SET character_set_client = @saved_cs_client */;

--
-- Dumping data for table `pkategori`
--

LOCK TABLES `pkategori` WRITE;
/*!40000 ALTER TABLE `pkategori` DISABLE KEYS */;
/*!40000 ALTER TABLE `pkategori` ENABLE KEYS */;
UNLOCK TABLES;

--
-- Table structure for table `produk`
--

DROP TABLE IF EXISTS `produk`;
/*!40101 SET @saved_cs_client     = @@character_set_client */;
/*!40101 SET character_set_client = utf8 */;
CREATE TABLE `produk` (
  `id` int(10) unsigned NOT NULL AUTO_INCREMENT,
  `created_at` timestamp NULL DEFAULT NULL,
  `updated_at` timestamp NULL DEFAULT NULL,
  `deleted_at` timestamp NULL DEFAULT NULL,
  `kategori_id` int(11) DEFAULT NULL,
  `supplier_id` int(11) DEFAULT NULL,
  `brand` varchar(25) COLLATE utf8mb4_unicode_ci NOT NULL,
  `sku` varchar(25) COLLATE utf8mb4_unicode_ci DEFAULT NULL,
  `nama` varchar(255) COLLATE utf8mb4_unicode_ci DEFAULT NULL,
  `deskripsi` text COLLATE utf8mb4_unicode_ci,
  `berat` double NOT NULL DEFAULT '0',
  `harga_beli` double NOT NULL,
  `harga_jual` double NOT NULL,
  `stock` int(11) NOT NULL DEFAULT '0',
  `gambar` varchar(255) COLLATE utf8mb4_unicode_ci DEFAULT NULL,
  PRIMARY KEY (`id`)
) ENGINE=InnoDB AUTO_INCREMENT=5 DEFAULT CHARSET=utf8mb4 COLLATE=utf8mb4_unicode_ci;
/*!40101 SET character_set_client = @saved_cs_client */;

--
-- Dumping data for table `produk`
--

LOCK TABLES `produk` WRITE;
/*!40000 ALTER TABLE `produk` DISABLE KEYS */;
INSERT INTO `produk` VALUES (1,'2019-02-11 20:05:23','2019-02-13 05:54:09',NULL,1,2,'Kingston','0017','Ram Laptop 2GB','Ram Laptop 2GB merek venom',1,250000,300000,0,'uploads/1/2019-02/p3.PNG'),(2,'2019-02-11 20:06:12','2019-02-13 05:53:57',NULL,1,1,'Advan','0010','Power Supply','Power Supply Advan',2,350000,400000,10,'uploads/1/2019-02/p2.PNG'),(3,'2019-02-11 20:28:06','2019-02-13 05:53:39',NULL,4,1,'cannon','0021','Cannon IP2770','Cannon IP2770 Printer Tanpa scanner',3,450000,55000,0,'uploads/1/2019-02/p1.PNG'),(4,'2019-02-23 07:24:11',NULL,NULL,2,2,'asrock','062','Motherboard','Motherboard Asrock',50,500000,700000,0,'uploads/1/2019-02/servere.PNG');
/*!40000 ALTER TABLE `produk` ENABLE KEYS */;
UNLOCK TABLES;

--
-- Table structure for table `project`
--

DROP TABLE IF EXISTS `project`;
/*!40101 SET @saved_cs_client     = @@character_set_client */;
/*!40101 SET character_set_client = utf8 */;
CREATE TABLE `project` (
  `id` int(10) unsigned NOT NULL AUTO_INCREMENT,
  `created_at` timestamp NULL DEFAULT NULL,
  `updated_at` timestamp NULL DEFAULT NULL,
  `deleted_at` timestamp NULL DEFAULT NULL,
  `nama` varchar(255) COLLATE utf8mb4_unicode_ci DEFAULT NULL,
  `deskripsi` text COLLATE utf8mb4_unicode_ci,
  `dkategori_id` int(11) DEFAULT NULL,
  `tgl_mulai` varchar(255) COLLATE utf8mb4_unicode_ci DEFAULT NULL,
  `tgl_selesai` varchar(255) COLLATE utf8mb4_unicode_ci DEFAULT NULL,
  `status` varchar(255) COLLATE utf8mb4_unicode_ci NOT NULL DEFAULT 'rencana',
  `harga_penawaran` double NOT NULL,
  `harga_kesepakatan` double NOT NULL,
  `team_id` int(11) DEFAULT NULL,
  PRIMARY KEY (`id`)
) ENGINE=InnoDB AUTO_INCREMENT=4 DEFAULT CHARSET=utf8mb4 COLLATE=utf8mb4_unicode_ci;
/*!40101 SET character_set_client = @saved_cs_client */;

--
-- Dumping data for table `project`
--

LOCK TABLES `project` WRITE;
/*!40000 ALTER TABLE `project` DISABLE KEYS */;
INSERT INTO `project` VALUES (1,'2019-02-11 23:04:28','2019-02-14 20:49:40',NULL,'Website','Pembuatan Aplikasi / Website Sekolahan SMP 54 N Surabaya',3,'2019-02-01','2019-02-28','progress',6000000,5000000,3),(2,'2019-02-13 02:48:56','2019-02-14 20:49:02',NULL,'Pembuatan Aplikasi  Akunting','Pembuatan Aplikasi  Akunting',3,'2019-02-01','2019-02-06','selesai',6000000,5000000,3),(3,'2019-02-13 02:56:09','2019-02-14 20:31:48',NULL,'Pembuatan  Website','Pembuatan  Website',3,'2019-02-12','2019-02-25','batal',6000000,5000000,2);
/*!40000 ALTER TABLE `project` ENABLE KEYS */;
UNLOCK TABLES;

--
-- Table structure for table `servis`
--

DROP TABLE IF EXISTS `servis`;
/*!40101 SET @saved_cs_client     = @@character_set_client */;
/*!40101 SET character_set_client = utf8 */;
CREATE TABLE `servis` (
  `id` int(10) unsigned NOT NULL AUTO_INCREMENT,
  `created_at` timestamp NULL DEFAULT NULL,
  `updated_at` timestamp NULL DEFAULT NULL,
  `deleted_at` timestamp NULL DEFAULT NULL,
  `cms_users_id` int(11) unsigned DEFAULT NULL,
  `kode_servis` varchar(25) COLLATE utf8mb4_unicode_ci DEFAULT NULL,
  `unit` varchar(255) COLLATE utf8mb4_unicode_ci NOT NULL,
  `k_servis_id` int(11) DEFAULT NULL,
  `sgaransi_id` int(11) DEFAULT NULL,
  `status` varchar(255) COLLATE utf8mb4_unicode_ci NOT NULL DEFAULT 'dalam-antiran',
  `snid` varchar(25) COLLATE utf8mb4_unicode_ci DEFAULT NULL,
  `keluhan` longtext COLLATE utf8mb4_unicode_ci NOT NULL,
  `team_id` int(11) DEFAULT NULL,
  `biaya` double NOT NULL,
  PRIMARY KEY (`id`)
) ENGINE=InnoDB AUTO_INCREMENT=11 DEFAULT CHARSET=utf8mb4 COLLATE=utf8mb4_unicode_ci;
/*!40101 SET character_set_client = @saved_cs_client */;

--
-- Dumping data for table `servis`
--

LOCK TABLES `servis` WRITE;
/*!40000 ALTER TABLE `servis` DISABLE KEYS */;
INSERT INTO `servis` VALUES (1,'2019-02-22 22:11:40',NULL,'2019-03-01 04:30:43',1,'SRVS#1','Accer 7220',1,2,'diambil','sn2544514545','Laptop mati total',2,0),(2,'2019-02-22 22:15:00',NULL,'2019-03-01 04:30:43',1,'SRVS#2','Accer 7220',1,1,'diambil','sn2544514545','laptop mati',2,0),(3,'2019-02-22 22:35:38',NULL,'2019-03-01 04:30:43',1,'SRVS#3','Accer 7220',1,2,'diambil','sn2544514545','laporp adaskfhdsfhds',2,0),(4,'2019-02-22 22:42:58',NULL,'2019-03-01 04:30:43',1,'SRVS#4','Accer 7220',1,1,'diambil','sn2544514545','fsdsgbvsgdsgdsgfdasgd',2,0),(5,'2019-02-22 22:56:43','2019-02-23 02:16:42','2019-03-01 04:30:43',1,'SRVS#5','Accer 7220',1,1,'diambil','sn2544514545','dsfsdfdsfdasrfasa',2,100000),(6,'2019-02-22 23:02:05','2019-02-22 23:44:29','2019-03-01 04:30:43',1,'SRVS#6','Accer 7220',1,1,'selesai','sn2544514545','wddqcdsqedf',2,200000),(7,'2019-02-23 06:39:38','2019-02-24 02:15:58','2019-03-01 04:30:43',4,'SRVS#7','asus',1,1,'dalam-antiran','sn23413213123','mDKJefdAFGAFGADFASKL',2,600000),(8,'2019-02-23 06:44:57','2019-02-24 02:15:48','2019-03-01 04:30:43',4,'SRVS#8','accer',1,1,'dalam-antiran','sn2341321312333','dfssfasggdfgfasfshdfkjhadsjfgasdiufhydsio',2,500000),(9,'2019-02-23 06:46:49','2019-02-24 02:15:38','2019-03-01 04:30:43',4,'SRVS#8','accer',1,1,'selesai','sn2341321312333','dfssfasggdfgfasfshdfkjhadsjfgasdiufhydsio',2,300000),(10,'2019-03-01 04:32:38',NULL,NULL,4,'SRVS#10','Accer 7220',1,2,'dalam-antiran','SN2544514545','Mati Total',2,200000);
/*!40000 ALTER TABLE `servis` ENABLE KEYS */;
UNLOCK TABLES;

--
-- Table structure for table `sgaransi`
--

DROP TABLE IF EXISTS `sgaransi`;
/*!40101 SET @saved_cs_client     = @@character_set_client */;
/*!40101 SET character_set_client = utf8 */;
CREATE TABLE `sgaransi` (
  `id` int(10) unsigned NOT NULL AUTO_INCREMENT,
  `nama` varchar(255) COLLATE utf8mb4_unicode_ci NOT NULL,
  PRIMARY KEY (`id`)
) ENGINE=InnoDB AUTO_INCREMENT=3 DEFAULT CHARSET=utf8mb4 COLLATE=utf8mb4_unicode_ci;
/*!40101 SET character_set_client = @saved_cs_client */;

--
-- Dumping data for table `sgaransi`
--

LOCK TABLES `sgaransi` WRITE;
/*!40000 ALTER TABLE `sgaransi` DISABLE KEYS */;
INSERT INTO `sgaransi` VALUES (1,'Bergaransi'),(2,'Tidak Bergaransi');
/*!40000 ALTER TABLE `sgaransi` ENABLE KEYS */;
UNLOCK TABLES;

--
-- Table structure for table `stock`
--

DROP TABLE IF EXISTS `stock`;
/*!40101 SET @saved_cs_client     = @@character_set_client */;
/*!40101 SET character_set_client = utf8 */;
CREATE TABLE `stock` (
  `id` int(10) unsigned NOT NULL AUTO_INCREMENT,
  `created_at` timestamp NULL DEFAULT NULL,
  `updated_at` timestamp NULL DEFAULT NULL,
  `produk_id` int(10) unsigned NOT NULL,
  `stock_in` int(11) NOT NULL DEFAULT '0',
  `stock_out` int(11) NOT NULL DEFAULT '0',
  `deskripsi` varchar(255) COLLATE utf8mb4_unicode_ci DEFAULT NULL,
  PRIMARY KEY (`id`),
  KEY `stock_produk_id_foreign` (`produk_id`),
  CONSTRAINT `stock_produk_id_foreign` FOREIGN KEY (`produk_id`) REFERENCES `produk` (`id`) ON DELETE CASCADE
) ENGINE=InnoDB AUTO_INCREMENT=9 DEFAULT CHARSET=utf8mb4 COLLATE=utf8mb4_unicode_ci;
/*!40101 SET character_set_client = @saved_cs_client */;

--
-- Dumping data for table `stock`
--

LOCK TABLES `stock` WRITE;
/*!40000 ALTER TABLE `stock` DISABLE KEYS */;
INSERT INTO `stock` VALUES (6,'2019-02-13 04:34:18',NULL,2,2,0,'00271'),(7,'2019-02-13 06:14:25',NULL,3,0,2,'penjualan dengan no invoice 123'),(8,'2019-02-13 08:24:45',NULL,3,1,0,'002722');
/*!40000 ALTER TABLE `stock` ENABLE KEYS */;
UNLOCK TABLES;

--
-- Table structure for table `supplier`
--

DROP TABLE IF EXISTS `supplier`;
/*!40101 SET @saved_cs_client     = @@character_set_client */;
/*!40101 SET character_set_client = utf8 */;
CREATE TABLE `supplier` (
  `id` int(10) unsigned NOT NULL AUTO_INCREMENT,
  `created_at` timestamp NULL DEFAULT NULL,
  `updated_at` timestamp NULL DEFAULT NULL,
  `deleted_at` timestamp NULL DEFAULT NULL,
  `nama` varchar(255) COLLATE utf8mb4_unicode_ci DEFAULT NULL,
  `alamat` varchar(255) COLLATE utf8mb4_unicode_ci DEFAULT NULL,
  `email` varchar(255) COLLATE utf8mb4_unicode_ci DEFAULT NULL,
  `telepon` varchar(255) COLLATE utf8mb4_unicode_ci DEFAULT NULL,
  PRIMARY KEY (`id`)
) ENGINE=InnoDB AUTO_INCREMENT=3 DEFAULT CHARSET=utf8mb4 COLLATE=utf8mb4_unicode_ci;
/*!40101 SET character_set_client = @saved_cs_client */;

--
-- Dumping data for table `supplier`
--

LOCK TABLES `supplier` WRITE;
/*!40000 ALTER TABLE `supplier` DISABLE KEYS */;
INSERT INTO `supplier` VALUES (1,'2019-02-11 19:56:58',NULL,NULL,'Rajakom','Semarang','rajakom@gmail.com','081553177408'),(2,'2019-02-11 19:57:31',NULL,NULL,'viocom','Surabaya','viocomputer@gmail.com','085658192877');
/*!40000 ALTER TABLE `supplier` ENABLE KEYS */;
UNLOCK TABLES;

--
-- Table structure for table `taudit`
--

DROP TABLE IF EXISTS `taudit`;
/*!40101 SET @saved_cs_client     = @@character_set_client */;
/*!40101 SET character_set_client = utf8 */;
CREATE TABLE `taudit` (
  `id` int(10) unsigned NOT NULL AUTO_INCREMENT,
  `operasi` text COLLATE utf8mb4_unicode_ci NOT NULL,
  `pelanggan_id` int(10) unsigned NOT NULL,
  `ticket_id` int(10) unsigned NOT NULL,
  `created_at` timestamp NULL DEFAULT NULL,
  `updated_at` timestamp NULL DEFAULT NULL,
  PRIMARY KEY (`id`)
) ENGINE=InnoDB DEFAULT CHARSET=utf8mb4 COLLATE=utf8mb4_unicode_ci;
/*!40101 SET character_set_client = @saved_cs_client */;

--
-- Dumping data for table `taudit`
--

LOCK TABLES `taudit` WRITE;
/*!40000 ALTER TABLE `taudit` DISABLE KEYS */;
/*!40000 ALTER TABLE `taudit` ENABLE KEYS */;
UNLOCK TABLES;

--
-- Table structure for table `team`
--

DROP TABLE IF EXISTS `team`;
/*!40101 SET @saved_cs_client     = @@character_set_client */;
/*!40101 SET character_set_client = utf8 */;
CREATE TABLE `team` (
  `id` int(10) unsigned NOT NULL AUTO_INCREMENT,
  `created_at` timestamp NULL DEFAULT NULL,
  `updated_at` timestamp NULL DEFAULT NULL,
  `deleted_at` timestamp NULL DEFAULT NULL,
  `nama` varchar(255) COLLATE utf8mb4_unicode_ci DEFAULT NULL,
  `alamat` varchar(255) COLLATE utf8mb4_unicode_ci DEFAULT NULL,
  `email` varchar(255) COLLATE utf8mb4_unicode_ci DEFAULT NULL,
  `telepon` varchar(255) COLLATE utf8mb4_unicode_ci DEFAULT NULL,
  `dev_id` int(10) unsigned NOT NULL,
  `dkategori_id` int(10) unsigned NOT NULL,
  PRIMARY KEY (`id`)
) ENGINE=InnoDB AUTO_INCREMENT=4 DEFAULT CHARSET=utf8mb4 COLLATE=utf8mb4_unicode_ci;
/*!40101 SET character_set_client = @saved_cs_client */;

--
-- Dumping data for table `team`
--

LOCK TABLES `team` WRITE;
/*!40000 ALTER TABLE `team` DISABLE KEYS */;
INSERT INTO `team` VALUES (1,'2019-02-11 22:37:32',NULL,NULL,'yanie','Surabaya','yanie@auroralink.id','081553177408',5,8),(2,'2019-02-11 22:38:28',NULL,NULL,'Sofan Wahyudi','Kenjeran','sofan@auroralink.id','081553177408',6,6),(3,'2019-02-11 22:39:09',NULL,NULL,'Hendra','Ketintang','hendra_darmawan@auroralink.id','08511424354',4,7);
/*!40000 ALTER TABLE `team` ENABLE KEYS */;
UNLOCK TABLES;

--
-- Table structure for table `ticket`
--

DROP TABLE IF EXISTS `ticket`;
/*!40101 SET @saved_cs_client     = @@character_set_client */;
/*!40101 SET character_set_client = utf8 */;
CREATE TABLE `ticket` (
  `id` int(10) unsigned NOT NULL AUTO_INCREMENT,
  `cms_users_id` int(255) unsigned DEFAULT NULL,
  `nomer_ticket` varchar(255) COLLATE utf8mb4_unicode_ci DEFAULT NULL,
  `judul` varchar(255) COLLATE utf8mb4_unicode_ci NOT NULL,
  `keterangan` longtext COLLATE utf8mb4_unicode_ci NOT NULL,
  `screenshot` varchar(60) COLLATE utf8mb4_unicode_ci DEFAULT NULL,
  `tprioritas_id` int(25) unsigned DEFAULT NULL,
  `dev_id` int(25) unsigned DEFAULT NULL,
  `tkategori_id` int(25) unsigned DEFAULT NULL,
  `status` varchar(25) COLLATE utf8mb4_unicode_ci NOT NULL DEFAULT 'open',
  `created_at` timestamp NULL DEFAULT NULL,
  `updated_at` timestamp NULL DEFAULT NULL,
  PRIMARY KEY (`id`)
) ENGINE=InnoDB DEFAULT CHARSET=utf8mb4 COLLATE=utf8mb4_unicode_ci;
/*!40101 SET character_set_client = @saved_cs_client */;

--
-- Dumping data for table `ticket`
--

LOCK TABLES `ticket` WRITE;
/*!40000 ALTER TABLE `ticket` DISABLE KEYS */;
/*!40000 ALTER TABLE `ticket` ENABLE KEYS */;
UNLOCK TABLES;

--
-- Table structure for table `tkategori`
--

DROP TABLE IF EXISTS `tkategori`;
/*!40101 SET @saved_cs_client     = @@character_set_client */;
/*!40101 SET character_set_client = utf8 */;
CREATE TABLE `tkategori` (
  `id` int(10) unsigned NOT NULL AUTO_INCREMENT,
  `nama` varchar(255) COLLATE utf8mb4_unicode_ci NOT NULL,
  PRIMARY KEY (`id`)
) ENGINE=InnoDB AUTO_INCREMENT=3 DEFAULT CHARSET=utf8mb4 COLLATE=utf8mb4_unicode_ci;
/*!40101 SET character_set_client = @saved_cs_client */;

--
-- Dumping data for table `tkategori`
--

LOCK TABLES `tkategori` WRITE;
/*!40000 ALTER TABLE `tkategori` DISABLE KEYS */;
INSERT INTO `tkategori` VALUES (1,'Onsite'),(2,'Remote');
/*!40000 ALTER TABLE `tkategori` ENABLE KEYS */;
UNLOCK TABLES;

--
-- Table structure for table `tkomentar`
--

DROP TABLE IF EXISTS `tkomentar`;
/*!40101 SET @saved_cs_client     = @@character_set_client */;
/*!40101 SET character_set_client = utf8 */;
CREATE TABLE `tkomentar` (
  `id` int(10) unsigned NOT NULL AUTO_INCREMENT,
  `komentar` text COLLATE utf8mb4_unicode_ci NOT NULL,
  `pelanggan_id` int(10) unsigned NOT NULL,
  `ticket_id` int(10) unsigned NOT NULL,
  `created_at` timestamp NULL DEFAULT NULL,
  `updated_at` timestamp NULL DEFAULT NULL,
  PRIMARY KEY (`id`)
) ENGINE=InnoDB DEFAULT CHARSET=utf8mb4 COLLATE=utf8mb4_unicode_ci;
/*!40101 SET character_set_client = @saved_cs_client */;

--
-- Dumping data for table `tkomentar`
--

LOCK TABLES `tkomentar` WRITE;
/*!40000 ALTER TABLE `tkomentar` DISABLE KEYS */;
/*!40000 ALTER TABLE `tkomentar` ENABLE KEYS */;
UNLOCK TABLES;

--
-- Table structure for table `tprioritas`
--

DROP TABLE IF EXISTS `tprioritas`;
/*!40101 SET @saved_cs_client     = @@character_set_client */;
/*!40101 SET character_set_client = utf8 */;
CREATE TABLE `tprioritas` (
  `id` int(10) unsigned NOT NULL AUTO_INCREMENT,
  `nama` varchar(255) COLLATE utf8mb4_unicode_ci NOT NULL,
  PRIMARY KEY (`id`)
) ENGINE=InnoDB AUTO_INCREMENT=4 DEFAULT CHARSET=utf8mb4 COLLATE=utf8mb4_unicode_ci;
/*!40101 SET character_set_client = @saved_cs_client */;

--
-- Dumping data for table `tprioritas`
--

LOCK TABLES `tprioritas` WRITE;
/*!40000 ALTER TABLE `tprioritas` DISABLE KEYS */;
INSERT INTO `tprioritas` VALUES (1,'Low'),(2,'Normal'),(3,'Urgent');
/*!40000 ALTER TABLE `tprioritas` ENABLE KEYS */;
UNLOCK TABLES;
/*!40103 SET TIME_ZONE=@OLD_TIME_ZONE */;

/*!40101 SET SQL_MODE=@OLD_SQL_MODE */;
/*!40014 SET FOREIGN_KEY_CHECKS=@OLD_FOREIGN_KEY_CHECKS */;
/*!40014 SET UNIQUE_CHECKS=@OLD_UNIQUE_CHECKS */;
/*!40101 SET CHARACTER_SET_CLIENT=@OLD_CHARACTER_SET_CLIENT */;
/*!40101 SET CHARACTER_SET_RESULTS=@OLD_CHARACTER_SET_RESULTS */;
/*!40101 SET COLLATION_CONNECTION=@OLD_COLLATION_CONNECTION */;
/*!40111 SET SQL_NOTES=@OLD_SQL_NOTES */;

-- Dump completed on 2019-03-07  8:31:30
